sha	review_kind	status	decision	target_batch	path_overrides	reason
f5531fd65542f69ed4c17a5bdde03299e06a83f6	frontier-required	override	mixed	build-review	build.gradle=excluded;core/src/main/assets/messages/actors/actors_fr.properties=slice2;core/src/main/assets/messages/actors/actors_pl.properties=slice2;core/src/main/assets/messages/items/items_fr.properties=slice2;core/src/main/assets/messages/items/items_tr.properties=slice2;core/src/main/assets/messages/items/items_uk.properties=slice2;core/src/main/assets/messages/misc/misc_fr.properties=slice2;core/src/main/assets/messages/plants/plants_fr.properties=slice2;core/src/main/assets/messages/windows/windows_tr.properties=slice2	Keep the HeroClass debug correction in Slice 1, defer feature-bearing translation bundles to Slice 2, and exclude the upstream app-version bump.
e40e374a09331cc8f1bb7ff03c7dbc922bd367a0	frontier-required	override	excluded	frontier-mixed	build.gradle=excluded	Upstream app-version and changelog or welcome metadata are excluded; they do not implement CPDU engine or tuning behavior.
b487648371fffd9a4279d5219817b4637d4b42c1	frontier-required	override	slice2	frontier-mixed	core/src/main/assets/messages/actors/actors_fr.properties=slice2;core/src/main/assets/messages/actors/actors_hu.properties=slice2;core/src/main/assets/messages/actors/actors_pl.properties=slice2;core/src/main/assets/messages/actors/actors_ru.properties=slice2;core/src/main/assets/messages/actors/actors_tr.properties=slice2;core/src/main/assets/messages/actors/actors_vi.properties=slice2;core/src/main/assets/messages/items/items_de.properties=slice2;core/src/main/assets/messages/items/items_eo.properties=slice2;core/src/main/assets/messages/items/items_es.properties=slice2;core/src/main/assets/messages/items/items_fr.properties=slice2;core/src/main/assets/messages/items/items_hu.properties=slice2;core/src/main/assets/messages/items/items_it.properties=slice2;core/src/main/assets/messages/items/items_pl.properties=slice2;core/src/main/assets/messages/items/items_tr.properties=slice2;core/src/main/assets/messages/items/items_vi.properties=slice2;core/src/main/assets/messages/items/items_zh.properties=slice2;core/src/main/assets/messages/levels/levels_fr.properties=slice2;core/src/main/assets/messages/misc/misc_el.properties=slice2;core/src/main/assets/messages/misc/misc_fr.properties=slice2;core/src/main/assets/messages/misc/misc_hu.properties=slice2;core/src/main/assets/messages/misc/misc_it.properties=slice2;core/src/main/assets/messages/plants/plants_cs.properties=slice2;core/src/main/assets/messages/scenes/scenes_be.properties=slice2;core/src/main/assets/messages/scenes/scenes_cs.properties=slice2;core/src/main/assets/messages/scenes/scenes_de.properties=slice2;core/src/main/assets/messages/scenes/scenes_el.properties=slice2;core/src/main/assets/messages/scenes/scenes_eo.properties=slice2;core/src/main/assets/messages/scenes/scenes_es.properties=slice2;core/src/main/assets/messages/scenes/scenes_fr.properties=slice2;core/src/main/assets/messages/scenes/scenes_hu.properties=slice2;core/src/main/assets/messages/scenes/scenes_in.properties=slice2;core/src/main/assets/messages/scenes/scenes_it.properties=slice2;core/src/main/assets/messages/scenes/scenes_ja.properties=slice2;core/src/main/assets/messages/scenes/scenes_ko.properties=slice2;core/src/main/assets/messages/scenes/scenes_nl.properties=slice2;core/src/main/assets/messages/scenes/scenes_pl.properties=slice2;core/src/main/assets/messages/scenes/scenes_pt.properties=slice2;core/src/main/assets/messages/scenes/scenes_ru.properties=slice2;core/src/main/assets/messages/scenes/scenes_tr.properties=slice2;core/src/main/assets/messages/scenes/scenes_uk.properties=slice2;core/src/main/assets/messages/scenes/scenes_vi.properties=slice2;core/src/main/assets/messages/scenes/scenes_zh.properties=slice2;core/src/main/assets/messages/ui/ui_hu.properties=slice2;core/src/main/assets/messages/ui/ui_ru.properties=slice2;core/src/main/assets/messages/windows/windows_cs.properties=slice2;core/src/main/assets/messages/windows/windows_el.properties=slice2;core/src/main/assets/messages/windows/windows_fr.properties=slice2;core/src/main/assets/messages/windows/windows_hu.properties=slice2;core/src/main/assets/messages/windows/windows_pl.properties=slice2;core/src/main/assets/messages/windows/windows_ru.properties=slice2;core/src/main/assets/messages/windows/windows_tr.properties=slice2;core/src/main/java/com/shatteredpixel/shatteredpixeldungeon/messages/Languages.java=slice2	Generic translation bundles contain v2.5 feature strings, so the complete translation payload is deferred to Slice 2 to avoid same-file feature leakage.
b8e68533b99bdeeb994bd5c34bd678ec26bcca32	frontier-required	approved	slice1	hotspot-char	-	Reviewed as Slice 1 engine or tuning work: fixed instakill effects not working on raging brutes.
e3a11ba7711d9e3c19ac21f318c71bae2b10398a	frontier-required	approved	slice1	platform-review	-	Reviewed as Slice 1 engine or tuning work: added support for narrow non-breaking space to fonts.
284513c4da62bc008deb6a7a828555c13dca6d71	frontier-required	override	excluded	frontier-mixed	build.gradle=excluded	Upstream app-version and changelog or welcome metadata are excluded; they do not implement CPDU engine or tuning behavior.
0dda8ea0c39a6e4ad24cc83cfd9572e786aef8b7	frontier-required	override	mixed	frontier-mixed	build.gradle=excluded;core/src/main/assets/messages/actors/actors_cs.properties=slice2;core/src/main/assets/messages/actors/actors_de.properties=slice2;core/src/main/assets/messages/actors/actors_el.properties=slice2;core/src/main/assets/messages/actors/actors_eo.properties=slice2;core/src/main/assets/messages/actors/actors_es.properties=slice2;core/src/main/assets/messages/actors/actors_fr.properties=slice2;core/src/main/assets/messages/actors/actors_hu.properties=slice2;core/src/main/assets/messages/actors/actors_in.properties=slice2;core/src/main/assets/messages/actors/actors_it.properties=slice2;core/src/main/assets/messages/actors/actors_ja.properties=slice2;core/src/main/assets/messages/actors/actors_ko.properties=slice2;core/src/main/assets/messages/actors/actors_nl.properties=slice2;core/src/main/assets/messages/actors/actors_pl.properties=slice2;core/src/main/assets/messages/actors/actors_pt.properties=slice2;core/src/main/assets/messages/actors/actors_ru.properties=slice2;core/src/main/assets/messages/actors/actors_tr.properties=slice2;core/src/main/assets/messages/actors/actors_uk.properties=slice2;core/src/main/assets/messages/actors/actors_vi.properties=slice2;core/src/main/assets/messages/actors/actors_zh.properties=slice2;core/src/main/assets/messages/items/items_cs.properties=slice2;core/src/main/assets/messages/items/items_de.properties=slice2;core/src/main/assets/messages/items/items_el.properties=slice2;core/src/main/assets/messages/items/items_eo.properties=slice2;core/src/main/assets/messages/items/items_es.properties=slice2;core/src/main/assets/messages/items/items_fr.properties=slice2;core/src/main/assets/messages/items/items_hu.properties=slice2;core/src/main/assets/messages/items/items_in.properties=slice2;core/src/main/assets/messages/items/items_it.properties=slice2;core/src/main/assets/messages/items/items_ja.properties=slice2;core/src/main/assets/messages/items/items_ko.properties=slice2;core/src/main/assets/messages/items/items_nl.properties=slice2;core/src/main/assets/messages/items/items_pl.properties=slice2;core/src/main/assets/messages/items/items_pt.properties=slice2;core/src/main/assets/messages/items/items_ru.properties=slice2;core/src/main/assets/messages/items/items_tr.properties=slice2;core/src/main/assets/messages/items/items_uk.properties=slice2;core/src/main/assets/messages/items/items_vi.properties=slice2;core/src/main/assets/messages/items/items_zh.properties=slice2;core/src/main/assets/messages/misc/misc_de.properties=slice2;core/src/main/assets/messages/misc/misc_es.properties=slice2;core/src/main/assets/messages/scenes/scenes_de.properties=slice2;core/src/main/assets/messages/ui/ui_hu.properties=slice2;core/src/main/assets/messages/ui/ui_tr.properties=slice2;core/src/main/assets/messages/windows/windows_hu.properties=slice2;core/src/main/assets/messages/windows/windows_zh.properties=slice2;core/src/main/java/com/shatteredpixel/shatteredpixeldungeon/messages/Languages.java=slice2	Generic translation bundles contain v2.5 feature strings and are deferred whole-file to Slice 2; upstream version and changelog paths remain excluded.
79c2350cb10dd1a06c7c4cfb5601b8284f798868	frontier-required	override	slice1	slice2-feature	-	Mimic scaling-depth correction is a general spawned-mob bugfix; the cursed-wand mention is only an example.
f4535640713c6efbab0dc742c2766de9871eccad	frontier-required	override	mixed	frontier-mixed	build.gradle=excluded;core/src/main/assets/messages/actors/actors_be.properties=slice2;core/src/main/assets/messages/actors/actors_cs.properties=slice2;core/src/main/assets/messages/actors/actors_de.properties=slice2;core/src/main/assets/messages/actors/actors_el.properties=slice2;core/src/main/assets/messages/actors/actors_eo.properties=slice2;core/src/main/assets/messages/actors/actors_es.properties=slice2;core/src/main/assets/messages/actors/actors_fr.properties=slice2;core/src/main/assets/messages/actors/actors_hu.properties=slice2;core/src/main/assets/messages/actors/actors_in.properties=slice2;core/src/main/assets/messages/actors/actors_it.properties=slice2;core/src/main/assets/messages/actors/actors_ja.properties=slice2;core/src/main/assets/messages/actors/actors_ko.properties=slice2;core/src/main/assets/messages/actors/actors_nl.properties=slice2;core/src/main/assets/messages/actors/actors_pl.properties=slice2;core/src/main/assets/messages/actors/actors_pt.properties=slice2;core/src/main/assets/messages/actors/actors_ru.properties=slice2;core/src/main/assets/messages/actors/actors_tr.properties=slice2;core/src/main/assets/messages/actors/actors_uk.properties=slice2;core/src/main/assets/messages/actors/actors_vi.properties=slice2;core/src/main/assets/messages/actors/actors_zh.properties=slice2;core/src/main/assets/messages/items/items_be.properties=slice2;core/src/main/assets/messages/items/items_cs.properties=slice2;core/src/main/assets/messages/items/items_de.properties=slice2;core/src/main/assets/messages/items/items_el.properties=slice2;core/src/main/assets/messages/items/items_eo.properties=slice2;core/src/main/assets/messages/items/items_es.properties=slice2;core/src/main/assets/messages/items/items_fr.properties=slice2;core/src/main/assets/messages/items/items_hu.properties=slice2;core/src/main/assets/messages/items/items_in.properties=slice2;core/src/main/assets/messages/items/items_it.properties=slice2;core/src/main/assets/messages/items/items_ja.properties=slice2;core/src/main/assets/messages/items/items_ko.properties=slice2;core/src/main/assets/messages/items/items_nl.properties=slice2;core/src/main/assets/messages/items/items_pl.properties=slice2;core/src/main/assets/messages/items/items_pt.properties=slice2;core/src/main/assets/messages/items/items_ru.properties=slice2;core/src/main/assets/messages/items/items_tr.properties=slice2;core/src/main/assets/messages/items/items_uk.properties=slice2;core/src/main/assets/messages/items/items_vi.properties=slice2;core/src/main/assets/messages/items/items_zh.properties=slice2;core/src/main/assets/messages/levels/levels_de.properties=slice2;core/src/main/assets/messages/levels/levels_el.properties=slice2;core/src/main/assets/messages/levels/levels_fr.properties=slice2;core/src/main/assets/messages/levels/levels_pl.properties=slice2;core/src/main/assets/messages/misc/misc_de.properties=slice2;core/src/main/assets/messages/misc/misc_el.properties=slice2;core/src/main/assets/messages/misc/misc_eo.properties=slice2;core/src/main/assets/messages/misc/misc_pl.properties=slice2;core/src/main/assets/messages/misc/misc_zh.properties=slice2;core/src/main/assets/messages/plants/plants_cs.properties=slice2;core/src/main/assets/messages/plants/plants_hu.properties=slice2;core/src/main/assets/messages/scenes/scenes_el.properties=slice2;core/src/main/assets/messages/scenes/scenes_fr.properties=slice2;core/src/main/assets/messages/scenes/scenes_hu.properties=slice2;core/src/main/assets/messages/scenes/scenes_pl.properties=slice2;core/src/main/assets/messages/ui/ui_el.properties=slice2;core/src/main/assets/messages/ui/ui_fr.properties=slice2;core/src/main/assets/messages/ui/ui_hu.properties=slice2;core/src/main/assets/messages/windows/windows_el.properties=slice2;core/src/main/assets/messages/windows/windows_eo.properties=slice2;core/src/main/assets/messages/windows/windows_fr.properties=slice2;core/src/main/assets/messages/windows/windows_hu.properties=slice2;core/src/main/assets/messages/windows/windows_pl.properties=slice2;core/src/main/assets/messages/windows/windows_ru.properties=slice2;core/src/main/assets/messages/windows/windows_tr.properties=slice2;core/src/main/assets/messages/windows/windows_uk.properties=slice2;core/src/main/assets/messages/windows/windows_vi.properties=slice2;core/src/main/assets/messages/windows/windows_zh.properties=slice2;core/src/main/java/com/shatteredpixel/shatteredpixeldungeon/messages/Languages.java=slice2	Generic translation bundles contain v2.5 feature strings and are deferred whole-file to Slice 2; upstream version and changelog paths remain excluded.
c00d7e5ce33c9f44294067d8dba25249cc3d9bad	frontier-required	approved	slice1	build-review	-	Reviewed as Slice 1 engine or tuning work: updated Gradle, AGP, and R8.
01a9218ad7883b64c183243f151c3bcb47eb612f	frontier-required	approved	slice1	hotspot-char	-	Reviewed as Slice 1 engine or tuning work: stone of aggression rebalanced:.
a2a39d92a125b61b5bb0f673bbfc914e445903e4	frontier-required	override	slice1	frontier-mixed	core/src/main/java/com/shatteredpixel/shatteredpixeldungeon/journal/Catalog.java=slice1	Bomb rebalance plus Catalog rename support are inseparable Slice 1 tuning and save-compat work.
0a74ed12ba5d5115035d58ae3f4b1d8e41084f92	sample	approved	slice1	cold-code	-	Reviewed as Slice 1 engine or tuning work: fixed corpse dust unintentionally becoming droppable.
a6b20c5c053a3045d8e885903a861dd304f943e6	frontier-required	override	mixed	build-review	build.gradle=excluded	Keep the flying-Rat debug correction in Slice 1 but exclude the upstream-only app-version bump.
e38a30175e9b64c17b5777eac2eb352c3eb88b76	frontier-required	override	excluded	frontier-mixed	build.gradle=excluded	Upstream app-version and changelog or welcome metadata are excluded; they do not implement CPDU engine or tuning behavior.
bc4a368903c05e0894e33fd83d03f38ea31d27a9	frontier-required	approved	slice1	hotspot-char	-	Reviewed as Slice 1 engine or tuning work: now only some flying chars visually fall into pits on death.
e88c6894c5f587a7a78d1db86a5e8fc6cc563e75	frontier-required	approved	slice1	hotspot-level	-	Reviewed as Slice 1 engine or tuning work: fixed dark floors having 1/2 vision on load instead of 5/8.
576f13154e87a85f90cf357de310a2cf424cc89b	frontier-required	approved	slice2	slice2-feature	-	Reviewed as deferred Slice 2 feature work: fixed shard of oblivion using wrong stats in its description.
4f786e99ca3717756628eb08784640635dcd1d3a	frontier-required	override	mixed	frontier-mixed	build.gradle=excluded;core/src/main/assets/messages/actors/actors_de.properties=slice2;core/src/main/assets/messages/actors/actors_fr.properties=slice2;core/src/main/assets/messages/actors/actors_hu.properties=slice2;core/src/main/assets/messages/actors/actors_in.properties=slice2;core/src/main/assets/messages/actors/actors_ja.properties=slice2;core/src/main/assets/messages/actors/actors_pt.properties=slice2;core/src/main/assets/messages/actors/actors_ru.properties=slice2;core/src/main/assets/messages/actors/actors_tr.properties=slice2;core/src/main/assets/messages/actors/actors_uk.properties=slice2;core/src/main/assets/messages/actors/actors_vi.properties=slice2;core/src/main/assets/messages/actors/actors_zh.properties=slice2;core/src/main/assets/messages/items/items_cs.properties=slice2;core/src/main/assets/messages/items/items_de.properties=slice2;core/src/main/assets/messages/items/items_el.properties=slice2;core/src/main/assets/messages/items/items_fr.properties=slice2;core/src/main/assets/messages/items/items_hu.properties=slice2;core/src/main/assets/messages/items/items_in.properties=slice2;core/src/main/assets/messages/items/items_ko.properties=slice2;core/src/main/assets/messages/items/items_pt.properties=slice2;core/src/main/assets/messages/items/items_uk.properties=slice2;core/src/main/assets/messages/items/items_vi.properties=slice2;core/src/main/assets/messages/items/items_zh.properties=slice2;core/src/main/assets/messages/levels/levels_de.properties=slice2;core/src/main/assets/messages/levels/levels_ko.properties=slice2;core/src/main/assets/messages/levels/levels_pt.properties=slice2;core/src/main/assets/messages/levels/levels_tr.properties=slice2;core/src/main/assets/messages/misc/misc_de.properties=slice2;core/src/main/assets/messages/misc/misc_fr.properties=slice2;core/src/main/assets/messages/misc/misc_in.properties=slice2;core/src/main/assets/messages/misc/misc_ko.properties=slice2;core/src/main/assets/messages/misc/misc_tr.properties=slice2;core/src/main/assets/messages/misc/misc_uk.properties=slice2;core/src/main/assets/messages/plants/plants_uk.properties=slice2;core/src/main/assets/messages/scenes/scenes_hu.properties=slice2;core/src/main/assets/messages/scenes/scenes_ko.properties=slice2;core/src/main/assets/messages/scenes/scenes_tr.properties=slice2;core/src/main/assets/messages/ui/ui_in.properties=slice2;core/src/main/assets/messages/ui/ui_ko.properties=slice2;core/src/main/assets/messages/ui/ui_ru.properties=slice2;core/src/main/assets/messages/ui/ui_tr.properties=slice2;core/src/main/assets/messages/windows/windows_el.properties=slice2;core/src/main/assets/messages/windows/windows_in.properties=slice2;core/src/main/assets/messages/windows/windows_ko.properties=slice2;core/src/main/assets/messages/windows/windows_pt.properties=slice2;core/src/main/assets/messages/windows/windows_tr.properties=slice2;core/src/main/assets/messages/windows/windows_uk.properties=slice2;core/src/main/assets/messages/windows/windows_vi.properties=slice2;core/src/main/java/com/shatteredpixel/shatteredpixeldungeon/messages/Languages.java=slice2	Generic translation bundles contain v2.5 feature strings and are deferred whole-file to Slice 2; upstream version and changelog paths remain excluded.
9ae384018f3da22801231109e568e5649e9a9de6	frontier-required	override	slice2	frontier-mixed	core/src/main/assets/messages/actors/actors_eo.properties=slice2;core/src/main/assets/messages/items/items_eo.properties=slice2;core/src/main/assets/messages/levels/levels_eo.properties=slice2;core/src/main/assets/messages/misc/misc_eo.properties=slice2;core/src/main/assets/messages/plants/plants_eo.properties=slice2;core/src/main/assets/messages/private/private_eo.properties=slice2;core/src/main/assets/messages/scenes/scenes_eo.properties=slice2;core/src/main/assets/messages/ui/ui_eo.properties=slice2;core/src/main/assets/messages/windows/windows_eo.properties=slice2	Generic translation bundles contain v2.5 feature strings, so the complete translation payload is deferred to Slice 2 to avoid same-file feature leakage.
04d3105a1b7905fe8bb1474f744e06cc12961d88	sample	approved	slice2	slice2-feature	-	Reviewed as deferred Slice 2 feature work: buffed salt cube, regen loss now equalizes out.
3c57614a743c7efb9d163fc8cb29f02049bf9e0f	frontier-required	approved	slice2	slice2-feature	-	Reviewed as deferred Slice 2 feature work: fixed ratmog rats not adding entries to the bestiary.
9d3d35a8c7d6453790578d112e0db2936023bc39	frontier-required	approved	slice1	platform-review	-	Reviewed as Slice 1 engine or tuning work: fixed new fullscreen-remembering code not actually triggering.
eab0cd3a3e8be5511498cb23885884d059da81d7	frontier-required	approved	slice2	slice2-feature	-	Reviewed as deferred Slice 2 feature work: jumping toward a distant well not clears that landmark entry.
943222ca96dd641d8532b1f15330a6e87ed62b78	frontier-required	approved	slice2	slice2-feature	-	Reviewed as deferred Slice 2 feature work: fixed underscores in custom notes being used for highlighting.
ef43f245836cf1f7b59c72aa67e733447292c3d3	frontier-required	approved	slice2	slice2-feature	-	Reviewed as deferred Slice 2 feature work: fixed cases where well water landmark entries hinted at secrets.
8261aeeb2be8d8fcc2edd448694a237c4d5c291f	frontier-required	override	slice2	hotspot-hero	-	Hero disguise behavior depends on the deferred cursed-wand shapeshift effect and belongs to Slice 2.
3e31ca13f8422831ddd1e0b13dc54cf766eef256	frontier-required	approved	slice1	hotspot-level	-	Reviewed as Slice 1 engine or tuning work: Fixed compass weirdness in prison boss level.
84181ac652cfd9d30db8a6a7d4f6c09835581e90	frontier-required	approved	slice1	platform-review	-	Reviewed as Slice 1 engine or tuning work: Added game app categorization to Android verison.
168230b1efb088ed4daf8d9e3a3e96795ecd1eac	sample	override	slice2	assets-localization	-	Adept Researcher is a new bestiary or catalog badge asset and belongs to Slice 2.
16784d0194a8151559846fea140e03237e0157de	frontier-required	override	mixed	frontier-mixed	build.gradle=excluded;core/src/main/assets/messages/actors/actors_el.properties=slice2;core/src/main/assets/messages/actors/actors_hu.properties=slice2;core/src/main/assets/messages/actors/actors_pt.properties=slice2;core/src/main/assets/messages/actors/actors_vi.properties=slice2;core/src/main/assets/messages/items/items_el.properties=slice2;core/src/main/assets/messages/items/items_es.properties=slice2;core/src/main/assets/messages/items/items_in.properties=slice2;core/src/main/assets/messages/items/items_ja.properties=slice2;core/src/main/assets/messages/items/items_vi.properties=slice2;core/src/main/assets/messages/items/items_zh.properties=slice2;core/src/main/assets/messages/levels/levels_el.properties=slice2;core/src/main/assets/messages/levels/levels_hu.properties=slice2;core/src/main/assets/messages/misc/misc_el.properties=slice2;core/src/main/assets/messages/scenes/scenes_el.properties=slice2;core/src/main/assets/messages/windows/windows_el.properties=slice2;core/src/main/assets/messages/windows/windows_zh.properties=slice2;core/src/main/java/com/shatteredpixel/shatteredpixeldungeon/ShatteredPixelDungeon.java=slice2	Generic translation bundles contain v2.5 feature strings and are deferred whole-file to Slice 2; upstream version and changelog paths remain excluded.
3439b8ab2ee24ced8b7727bef8141ceff8ce359f	frontier-required	approved	excluded	excluded-upstream-docs	-	Only upstream historical changelog or commentary content is changed; no CPDU engine hunk is present.
0368b61d89745ba5a92f357f87b3f9e2393792d1	sample	approved	slice1	cold-code	-	Reviewed as Slice 1 engine or tuning work: fixed new story UI not setting region intros as read.
56d3a0da183ca6814ee8babe3dd3feaa3748c1e3	frontier-required	override	mixed	frontier-mixed	build.gradle=excluded;core/src/main/assets/messages/actors/actors_cs.properties=slice2;core/src/main/assets/messages/actors/actors_de.properties=slice2;core/src/main/assets/messages/actors/actors_el.properties=slice2;core/src/main/assets/messages/actors/actors_fr.properties=slice2;core/src/main/assets/messages/actors/actors_hu.properties=slice2;core/src/main/assets/messages/actors/actors_in.properties=slice2;core/src/main/assets/messages/actors/actors_ja.properties=slice2;core/src/main/assets/messages/actors/actors_ko.properties=slice2;core/src/main/assets/messages/actors/actors_nl.properties=slice2;core/src/main/assets/messages/actors/actors_pt.properties=slice2;core/src/main/assets/messages/actors/actors_ru.properties=slice2;core/src/main/assets/messages/actors/actors_uk.properties=slice2;core/src/main/assets/messages/actors/actors_vi.properties=slice2;core/src/main/assets/messages/actors/actors_zh.properties=slice2;core/src/main/assets/messages/items/items_cs.properties=slice2;core/src/main/assets/messages/items/items_de.properties=slice2;core/src/main/assets/messages/items/items_el.properties=slice2;core/src/main/assets/messages/items/items_fr.properties=slice2;core/src/main/assets/messages/items/items_hu.properties=slice2;core/src/main/assets/messages/items/items_in.properties=slice2;core/src/main/assets/messages/items/items_ja.properties=slice2;core/src/main/assets/messages/items/items_nl.properties=slice2;core/src/main/assets/messages/items/items_pt.properties=slice2;core/src/main/assets/messages/items/items_uk.properties=slice2;core/src/main/assets/messages/items/items_vi.properties=slice2;core/src/main/assets/messages/items/items_zh.properties=slice2;core/src/main/assets/messages/levels/levels_de.properties=slice2;core/src/main/assets/messages/levels/levels_hu.properties=slice2;core/src/main/assets/messages/levels/levels_in.properties=slice2;core/src/main/assets/messages/levels/levels_ja.properties=slice2;core/src/main/assets/messages/levels/levels_pt.properties=slice2;core/src/main/assets/messages/levels/levels_zh.properties=slice2;core/src/main/assets/messages/misc/misc_el.properties=slice2;core/src/main/assets/messages/misc/misc_in.properties=slice2;core/src/main/assets/messages/misc/misc_uk.properties=slice2;core/src/main/assets/messages/scenes/scenes_be.properties=slice2;core/src/main/assets/messages/scenes/scenes_cs.properties=slice2;core/src/main/assets/messages/scenes/scenes_de.properties=slice2;core/src/main/assets/messages/scenes/scenes_el.properties=slice2;core/src/main/assets/messages/scenes/scenes_es.properties=slice2;core/src/main/assets/messages/scenes/scenes_fr.properties=slice2;core/src/main/assets/messages/scenes/scenes_hu.properties=slice2;core/src/main/assets/messages/scenes/scenes_in.properties=slice2;core/src/main/assets/messages/scenes/scenes_it.properties=slice2;core/src/main/assets/messages/scenes/scenes_ja.properties=slice2;core/src/main/assets/messages/scenes/scenes_ko.properties=slice2;core/src/main/assets/messages/scenes/scenes_nl.properties=slice2;core/src/main/assets/messages/scenes/scenes_pl.properties=slice2;core/src/main/assets/messages/scenes/scenes_pt.properties=slice2;core/src/main/assets/messages/scenes/scenes_ru.properties=slice2;core/src/main/assets/messages/scenes/scenes_tr.properties=slice2;core/src/main/assets/messages/scenes/scenes_uk.properties=slice2;core/src/main/assets/messages/scenes/scenes_vi.properties=slice2;core/src/main/assets/messages/scenes/scenes_zh.properties=slice2;core/src/main/assets/messages/ui/ui_in.properties=slice2;core/src/main/assets/messages/windows/windows_de.properties=slice2;core/src/main/assets/messages/windows/windows_el.properties=slice2;core/src/main/assets/messages/windows/windows_hu.properties=slice2;core/src/main/assets/messages/windows/windows_in.properties=slice2;core/src/main/assets/messages/windows/windows_zh.properties=slice2;core/src/main/java/com/shatteredpixel/shatteredpixeldungeon/messages/Languages.java=slice2	Generic translation bundles contain v2.5 feature strings and are deferred whole-file to Slice 2; upstream version and changelog paths remain excluded.
fbf3bfc734fe8b54d2dae44c611c2afae63bd794	frontier-required	approved	slice2	slice2-feature	-	Reviewed as deferred Slice 2 feature work: fixed missing i18n on journal text in main menu.
175c5e06d4e3ea818a74812733f8d1728948ce18	frontier-required	override	slice1	frontier-mixed	core/src/main/java/com/shatteredpixel/shatteredpixeldungeon/items/trinkets/TrinketCatalyst.java=slice1	Existing trinket-selection recovery is a Slice 1 state-loss fix, not a named Slice 2 feature.
422e0cbac553adde4693fbddf8d5a54324651427	frontier-required	override	slice2	frontier-mixed	core/src/main/java/com/shatteredpixel/shatteredpixeldungeon/actors/mobs/CrystalSpire.java=slice2;core/src/main/java/com/shatteredpixel/shatteredpixeldungeon/actors/mobs/DwarfKing.java=slice2;core/src/main/java/com/shatteredpixel/shatteredpixeldungeon/actors/mobs/RotHeart.java=slice2;core/src/main/java/com/shatteredpixel/shatteredpixeldungeon/actors/mobs/YogDzewa.java=slice2	Every functional hunk supports deferred Slice 2 feature work: minions that die with bosses no longer add to encounter count.
bf973930b7803c7c68757ab97fa61ed09b978aef	frontier-required	approved	slice2	slice2-feature	-	Reviewed as deferred Slice 2 feature work: journal notes window now only highlights current floor.
a9b92035dfeff2e7970ab282ef721a7c13a31e52	frontier-required	override	slice2	frontier-mixed	core/src/main/java/com/shatteredpixel/shatteredpixeldungeon/items/rings/Ring.java=slice2	Every functional hunk supports deferred Slice 2 feature work: fixed revently introduced error with custom notes by item type.
7aa9555294952d116639ef9e64259ace3943caf1	frontier-required	override	mixed	frontier-mixed	build.gradle=excluded;core/src/main/assets/messages/actors/actors_cs.properties=slice2;core/src/main/assets/messages/actors/actors_de.properties=slice2;core/src/main/assets/messages/actors/actors_el.properties=slice2;core/src/main/assets/messages/actors/actors_es.properties=slice2;core/src/main/assets/messages/actors/actors_fr.properties=slice2;core/src/main/assets/messages/actors/actors_hu.properties=slice2;core/src/main/assets/messages/actors/actors_in.properties=slice2;core/src/main/assets/messages/actors/actors_it.properties=slice2;core/src/main/assets/messages/actors/actors_ja.properties=slice2;core/src/main/assets/messages/actors/actors_ko.properties=slice2;core/src/main/assets/messages/actors/actors_nl.properties=slice2;core/src/main/assets/messages/actors/actors_pl.properties=slice2;core/src/main/assets/messages/actors/actors_pt.properties=slice2;core/src/main/assets/messages/actors/actors_ru.properties=slice2;core/src/main/assets/messages/actors/actors_uk.properties=slice2;core/src/main/assets/messages/actors/actors_vi.properties=slice2;core/src/main/assets/messages/actors/actors_zh.properties=slice2;core/src/main/assets/messages/items/items_be.properties=slice2;core/src/main/assets/messages/items/items_cs.properties=slice2;core/src/main/assets/messages/items/items_de.properties=slice2;core/src/main/assets/messages/items/items_el.properties=slice2;core/src/main/assets/messages/items/items_es.properties=slice2;core/src/main/assets/messages/items/items_fr.properties=slice2;core/src/main/assets/messages/items/items_hu.properties=slice2;core/src/main/assets/messages/items/items_in.properties=slice2;core/src/main/assets/messages/items/items_it.properties=slice2;core/src/main/assets/messages/items/items_ja.properties=slice2;core/src/main/assets/messages/items/items_ko.properties=slice2;core/src/main/assets/messages/items/items_nl.properties=slice2;core/src/main/assets/messages/items/items_pl.properties=slice2;core/src/main/assets/messages/items/items_pt.properties=slice2;core/src/main/assets/messages/items/items_ru.properties=slice2;core/src/main/assets/messages/items/items_tr.properties=slice2;core/src/main/assets/messages/items/items_uk.properties=slice2;core/src/main/assets/messages/items/items_vi.properties=slice2;core/src/main/assets/messages/items/items_zh.properties=slice2;core/src/main/assets/messages/levels/levels_hu.properties=slice2;core/src/main/assets/messages/levels/levels_it.properties=slice2;core/src/main/assets/messages/levels/levels_pl.properties=slice2;core/src/main/assets/messages/levels/levels_pt.properties=slice2;core/src/main/assets/messages/levels/levels_vi.properties=slice2;core/src/main/assets/messages/levels/levels_zh.properties=slice2;core/src/main/assets/messages/misc/misc_cs.properties=slice2;core/src/main/assets/messages/misc/misc_es.properties=slice2;core/src/main/assets/messages/misc/misc_fr.properties=slice2;core/src/main/assets/messages/misc/misc_hu.properties=slice2;core/src/main/assets/messages/misc/misc_it.properties=slice2;core/src/main/assets/messages/misc/misc_ja.properties=slice2;core/src/main/assets/messages/misc/misc_nl.properties=slice2;core/src/main/assets/messages/misc/misc_pl.properties=slice2;core/src/main/assets/messages/misc/misc_pt.properties=slice2;core/src/main/assets/messages/misc/misc_ru.properties=slice2;core/src/main/assets/messages/misc/misc_uk.properties=slice2;core/src/main/assets/messages/misc/misc_vi.properties=slice2;core/src/main/assets/messages/misc/misc_zh.properties=slice2;core/src/main/assets/messages/scenes/scenes_be.properties=slice2;core/src/main/assets/messages/scenes/scenes_cs.properties=slice2;core/src/main/assets/messages/scenes/scenes_de.properties=slice2;core/src/main/assets/messages/scenes/scenes_el.properties=slice2;core/src/main/assets/messages/scenes/scenes_es.properties=slice2;core/src/main/assets/messages/scenes/scenes_fr.properties=slice2;core/src/main/assets/messages/scenes/scenes_hu.properties=slice2;core/src/main/assets/messages/scenes/scenes_in.properties=slice2;core/src/main/assets/messages/scenes/scenes_it.properties=slice2;core/src/main/assets/messages/scenes/scenes_ja.properties=slice2;core/src/main/assets/messages/scenes/scenes_ko.properties=slice2;core/src/main/assets/messages/scenes/scenes_nl.properties=slice2;core/src/main/assets/messages/scenes/scenes_pl.properties=slice2;core/src/main/assets/messages/scenes/scenes_pt.properties=slice2;core/src/main/assets/messages/scenes/scenes_tr.properties=slice2;core/src/main/assets/messages/scenes/scenes_uk.properties=slice2;core/src/main/assets/messages/scenes/scenes_vi.properties=slice2;core/src/main/assets/messages/scenes/scenes_zh.properties=slice2;core/src/main/assets/messages/ui/ui_hu.properties=slice2;core/src/main/assets/messages/ui/ui_it.properties=slice2;core/src/main/assets/messages/ui/ui_nl.properties=slice2;core/src/main/assets/messages/ui/ui_pl.properties=slice2;core/src/main/assets/messages/ui/ui_pt.properties=slice2;core/src/main/assets/messages/ui/ui_ru.properties=slice2;core/src/main/assets/messages/ui/ui_vi.properties=slice2;core/src/main/assets/messages/ui/ui_zh.properties=slice2;core/src/main/assets/messages/windows/windows_cs.properties=slice2;core/src/main/assets/messages/windows/windows_es.properties=slice2;core/src/main/assets/messages/windows/windows_fr.properties=slice2;core/src/main/assets/messages/windows/windows_hu.properties=slice2;core/src/main/assets/messages/windows/windows_it.properties=slice2;core/src/main/assets/messages/windows/windows_ja.properties=slice2;core/src/main/assets/messages/windows/windows_nl.properties=slice2;core/src/main/assets/messages/windows/windows_pl.properties=slice2;core/src/main/assets/messages/windows/windows_pt.properties=slice2;core/src/main/assets/messages/windows/windows_ru.properties=slice2;core/src/main/assets/messages/windows/windows_uk.properties=slice2;core/src/main/assets/messages/windows/windows_vi.properties=slice2;core/src/main/assets/messages/windows/windows_zh.properties=slice2;core/src/main/java/com/shatteredpixel/shatteredpixeldungeon/messages/Languages.java=slice2	Generic translation bundles contain v2.5 feature strings and are deferred whole-file to Slice 2; upstream version and changelog paths remain excluded.
df1f67b160108880678a1c846113a5a338191508	frontier-required	override	slice2	frontier-mixed	core/src/main/assets/messages/items/items.properties=slice2;core/src/main/java/com/shatteredpixel/shatteredpixeldungeon/actors/buffs/Regeneration.java=slice2;core/src/main/java/com/shatteredpixel/shatteredpixeldungeon/items/Generator.java=slice2	Every functional hunk supports deferred Slice 2 feature work: implemented the chaotic censer trinket.
8b42e550f38e44105e70a8c632a8a3328ee8b826	frontier-required	approved	mixed	frontier-mixed	-	MagicMissile and existing sprite callers are Slice 1 engine cleanup; the CursedWand caller remains Slice 2.
09b2338b549cad4f9f8a212000c3e78513ad2c7c	sample	override	slice2	cold-code	-	BadgesGrid is part of the deferred Journal catalog UI, so this window-order fix belongs to Slice 2.
0110ca008357a0956d50aeb74ef29f123b89c8da	sample	approved	slice2	slice2-feature	-	Reviewed as deferred Slice 2 feature work: fixed trinket cost comments using a base cost of 5.
a47baab4a3bb183eb351700ca5a2f8968803de26	frontier-required	override	slice2	frontier-mixed	core/src/main/assets/messages/items/items.properties=slice2;core/src/main/java/com/shatteredpixel/shatteredpixeldungeon/actors/hero/Talent.java=slice2;core/src/main/java/com/shatteredpixel/shatteredpixeldungeon/actors/mobs/Mob.java=slice2;core/src/main/java/com/shatteredpixel/shatteredpixeldungeon/items/armor/Armor.java=slice2;core/src/main/java/com/shatteredpixel/shatteredpixeldungeon/items/Generator.java=slice2;core/src/main/java/com/shatteredpixel/shatteredpixeldungeon/items/rings/Ring.java=slice2;core/src/main/java/com/shatteredpixel/shatteredpixeldungeon/items/wands/Wand.java=slice2;core/src/main/java/com/shatteredpixel/shatteredpixeldungeon/items/weapon/Weapon.java=slice2	Every functional hunk supports deferred Slice 2 feature work: implemented the shard of oblivion trinket.
f5c4ccf20b28d507958523133fbb6f3e5d375d12	frontier-required	override	slice2	frontier-mixed	core/src/main/assets/messages/items/items.properties=slice2	Every functional hunk supports deferred Slice 2 feature work: added a 4th trinket option: random.
03eff7ff1d4fb57f26506a257daee7fc7fcea2c6	sample	approved	slice2	slice2-feature	-	Reviewed as deferred Slice 2 feature work: trinkets can now be energized for some energy back.
a6434c3697b920da7bc5f67fb5232d746ab6e528	frontier-required	approved	slice2	slice2-feature	-	Reviewed as deferred Slice 2 feature work: finalized sprites for 4 new trinkets.
0424be9378b10c2b2e374048a2aec0aaedc4b0dd	sample	approved	slice2	slice2-feature	-	Reviewed as deferred Slice 2 feature work: fixed custom notes showing for rings twice in some cases.
57ccda1beaaff35c6d880ae2f5fc47e3c253262e	frontier-required	approved	slice2	slice2-feature	-	Reviewed as deferred Slice 2 feature work: fixed 'see on examine' trying to use catalog instead of bestiary.
b7d419a3ca74fe04acaa8e5190e693c967668760	frontier-required	approved	slice2	slice2-feature	-	Reviewed as deferred Slice 2 feature work: fixed some typos in newest trinket descriptions.
56595fadea1f4648f3a2b5ec8118e930d5a2597b	frontier-required	override	mixed	frontier-mixed	build.gradle=excluded;core/src/main/assets/messages/actors/actors_be.properties=slice2;core/src/main/assets/messages/actors/actors_cs.properties=slice2;core/src/main/assets/messages/actors/actors_de.properties=slice2;core/src/main/assets/messages/actors/actors_el.properties=slice2;core/src/main/assets/messages/actors/actors_es.properties=slice2;core/src/main/assets/messages/actors/actors_fr.properties=slice2;core/src/main/assets/messages/actors/actors_hu.properties=slice2;core/src/main/assets/messages/actors/actors_in.properties=slice2;core/src/main/assets/messages/actors/actors_it.properties=slice2;core/src/main/assets/messages/actors/actors_ja.properties=slice2;core/src/main/assets/messages/actors/actors_ko.properties=slice2;core/src/main/assets/messages/actors/actors_nl.properties=slice2;core/src/main/assets/messages/actors/actors_pl.properties=slice2;core/src/main/assets/messages/actors/actors_pt.properties=slice2;core/src/main/assets/messages/actors/actors_ru.properties=slice2;core/src/main/assets/messages/actors/actors_tr.properties=slice2;core/src/main/assets/messages/actors/actors_uk.properties=slice2;core/src/main/assets/messages/actors/actors_vi.properties=slice2;core/src/main/assets/messages/actors/actors_zh.properties=slice2;core/src/main/assets/messages/items/items_cs.properties=slice2;core/src/main/assets/messages/items/items_el.properties=slice2;core/src/main/assets/messages/items/items_es.properties=slice2;core/src/main/assets/messages/items/items_fr.properties=slice2;core/src/main/assets/messages/items/items_hu.properties=slice2;core/src/main/assets/messages/items/items_ja.properties=slice2;core/src/main/assets/messages/items/items_ko.properties=slice2;core/src/main/assets/messages/items/items_nl.properties=slice2;core/src/main/assets/messages/items/items_pl.properties=slice2;core/src/main/assets/messages/items/items_pt.properties=slice2;core/src/main/assets/messages/items/items_ru.properties=slice2;core/src/main/assets/messages/items/items_uk.properties=slice2;core/src/main/assets/messages/items/items_zh.properties=slice2;core/src/main/assets/messages/levels/levels_hu.properties=slice2;core/src/main/assets/messages/levels/levels_nl.properties=slice2;core/src/main/assets/messages/levels/levels_pl.properties=slice2;core/src/main/assets/messages/levels/levels_ru.properties=slice2;core/src/main/assets/messages/levels/levels_zh.properties=slice2;core/src/main/assets/messages/misc/misc_cs.properties=slice2;core/src/main/assets/messages/misc/misc_es.properties=slice2;core/src/main/assets/messages/misc/misc_hu.properties=slice2;core/src/main/assets/messages/misc/misc_ja.properties=slice2;core/src/main/assets/messages/misc/misc_nl.properties=slice2;core/src/main/assets/messages/misc/misc_pl.properties=slice2;core/src/main/assets/messages/misc/misc_ru.properties=slice2;core/src/main/assets/messages/misc/misc_uk.properties=slice2;core/src/main/assets/messages/misc/misc_zh.properties=slice2;core/src/main/assets/messages/plants/plants_pl.properties=slice2;core/src/main/assets/messages/scenes/scenes_hu.properties=slice2;core/src/main/assets/messages/scenes/scenes_nl.properties=slice2;core/src/main/assets/messages/scenes/scenes_pl.properties=slice2;core/src/main/assets/messages/ui/ui_de.properties=slice2;core/src/main/assets/messages/ui/ui_es.properties=slice2;core/src/main/assets/messages/ui/ui_hu.properties=slice2;core/src/main/assets/messages/ui/ui_nl.properties=slice2;core/src/main/assets/messages/ui/ui_ru.properties=slice2;core/src/main/assets/messages/windows/windows_cs.properties=slice2;core/src/main/assets/messages/windows/windows_es.properties=slice2;core/src/main/assets/messages/windows/windows_hu.properties=slice2;core/src/main/assets/messages/windows/windows_ja.properties=slice2;core/src/main/assets/messages/windows/windows_nl.properties=slice2;core/src/main/assets/messages/windows/windows_pl.properties=slice2;core/src/main/assets/messages/windows/windows_ru.properties=slice2;core/src/main/assets/messages/windows/windows_uk.properties=slice2;core/src/main/assets/messages/windows/windows_zh.properties=slice2	Generic translation bundles contain v2.5 feature strings and are deferred whole-file to Slice 2; upstream version and changelog paths remain excluded.
b278c8d16f5b8ba7cb820e7ea2f9cf10f6075a40	frontier-required	approved	slice2	slice2-feature	-	Reviewed as deferred Slice 2 feature work: added text for censer and shard of oblivion trinkets.
f04eb50b7288f69e7ef449ef7a79f161ce218c23	frontier-required	approved	slice1	hotspot-char	-	Reviewed as Slice 1 engine or tuning work: fixed combined lethality triggering from thrown weapons.
e3fae424501aa5ac34f44a3ced3d0783a7fa1198	frontier-required	approved	slice2	slice2-feature	-	Reviewed as deferred Slice 2 feature work: fixed incorrect catalog 'count' text for artifs and trinkets.
f81f32297e071cb5d98ae7efff3f9556968b7897	frontier-required	approved	slice1	hotspot-char	-	Reviewed as Slice 1 engine or tuning work: flying mobs now visually fall into chasms if they die on them.
4bdd2359bafda4e77fd9ed00393fdd3b4a629541	frontier-required	override	excluded	frontier-mixed	build.gradle=excluded	Upstream app-version and changelog or welcome metadata are excluded; they do not implement CPDU engine or tuning behavior.
3c0b7455016e1ad61ea47c60c17e869263cc67f9	frontier-required	approved	slice2	slice2-feature	-	Reviewed as deferred Slice 2 feature work: fixed recent notes fix causing journal scene crashes.
c3c6d46f9a3f1b77b0307fd54461e69bd63fb97a	frontier-required	override	mixed	frontier-mixed	build.gradle=excluded;core/src/main/assets/messages/actors/actors_cs.properties=slice2;core/src/main/assets/messages/actors/actors_el.properties=slice2;core/src/main/assets/messages/actors/actors_es.properties=slice2;core/src/main/assets/messages/actors/actors_fr.properties=slice2;core/src/main/assets/messages/actors/actors_hu.properties=slice2;core/src/main/assets/messages/actors/actors_in.properties=slice2;core/src/main/assets/messages/actors/actors_it.properties=slice2;core/src/main/assets/messages/actors/actors_ja.properties=slice2;core/src/main/assets/messages/actors/actors_ko.properties=slice2;core/src/main/assets/messages/actors/actors_pl.properties=slice2;core/src/main/assets/messages/actors/actors_pt.properties=slice2;core/src/main/assets/messages/actors/actors_ru.properties=slice2;core/src/main/assets/messages/actors/actors_uk.properties=slice2;core/src/main/assets/messages/actors/actors_zh.properties=slice2;core/src/main/assets/messages/items/items_be.properties=slice2;core/src/main/assets/messages/items/items_cs.properties=slice2;core/src/main/assets/messages/items/items_el.properties=slice2;core/src/main/assets/messages/items/items_es.properties=slice2;core/src/main/assets/messages/items/items_fr.properties=slice2;core/src/main/assets/messages/items/items_hu.properties=slice2;core/src/main/assets/messages/items/items_ja.properties=slice2;core/src/main/assets/messages/items/items_pl.properties=slice2;core/src/main/assets/messages/items/items_ru.properties=slice2;core/src/main/assets/messages/items/items_tr.properties=slice2;core/src/main/assets/messages/items/items_uk.properties=slice2;core/src/main/assets/messages/items/items_zh.properties=slice2;core/src/main/assets/messages/levels/levels_cs.properties=slice2;core/src/main/assets/messages/levels/levels_el.properties=slice2;core/src/main/assets/messages/levels/levels_es.properties=slice2;core/src/main/assets/messages/levels/levels_ja.properties=slice2;core/src/main/assets/messages/levels/levels_pl.properties=slice2;core/src/main/assets/messages/levels/levels_ru.properties=slice2;core/src/main/assets/messages/levels/levels_uk.properties=slice2;core/src/main/assets/messages/levels/levels_zh.properties=slice2;core/src/main/assets/messages/misc/misc_cs.properties=slice2;core/src/main/assets/messages/misc/misc_es.properties=slice2;core/src/main/assets/messages/misc/misc_hu.properties=slice2;core/src/main/assets/messages/misc/misc_ja.properties=slice2;core/src/main/assets/messages/misc/misc_pl.properties=slice2;core/src/main/assets/messages/misc/misc_ru.properties=slice2;core/src/main/assets/messages/misc/misc_uk.properties=slice2;core/src/main/assets/messages/misc/misc_zh.properties=slice2;core/src/main/assets/messages/plants/plants_hu.properties=slice2;core/src/main/assets/messages/scenes/scenes_cs.properties=slice2;core/src/main/assets/messages/scenes/scenes_es.properties=slice2;core/src/main/assets/messages/scenes/scenes_ja.properties=slice2;core/src/main/assets/messages/scenes/scenes_pl.properties=slice2;core/src/main/assets/messages/scenes/scenes_pt.properties=slice2;core/src/main/assets/messages/scenes/scenes_ru.properties=slice2;core/src/main/assets/messages/scenes/scenes_uk.properties=slice2;core/src/main/assets/messages/scenes/scenes_zh.properties=slice2;core/src/main/assets/messages/ui/ui_cs.properties=slice2;core/src/main/assets/messages/ui/ui_es.properties=slice2;core/src/main/assets/messages/ui/ui_ja.properties=slice2;core/src/main/assets/messages/ui/ui_pl.properties=slice2;core/src/main/assets/messages/ui/ui_uk.properties=slice2;core/src/main/assets/messages/ui/ui_zh.properties=slice2;core/src/main/assets/messages/windows/windows_cs.properties=slice2;core/src/main/assets/messages/windows/windows_el.properties=slice2;core/src/main/assets/messages/windows/windows_es.properties=slice2;core/src/main/assets/messages/windows/windows_hu.properties=slice2;core/src/main/assets/messages/windows/windows_ja.properties=slice2;core/src/main/assets/messages/windows/windows_nl.properties=slice2;core/src/main/assets/messages/windows/windows_pl.properties=slice2;core/src/main/assets/messages/windows/windows_ru.properties=slice2;core/src/main/assets/messages/windows/windows_uk.properties=slice2;core/src/main/assets/messages/windows/windows_zh.properties=slice2	Generic translation bundles contain v2.5 feature strings and are deferred whole-file to Slice 2; upstream version and changelog paths remain excluded.
408846301644a38019dd047545d0d5cda74a6ef1	frontier-required	approved	mixed	frontier-mixed	-	Piranha levitation behavior is Slice 1 tuning; the CursedWand gravity-effect integration remains Slice 2.
f6b00b2839e7169da3f55cfdb9a2f91e2d11ef05	frontier-required	approved	slice1	hotspot-hero	-	Reviewed as Slice 1 engine or tuning work: fixed specific cases where hero would refuse to move onto traps.
39808793f0ab348e56af33fd7f9782b19b45276a	frontier-required	approved	slice1	hotspot-level	-	Reviewed as Slice 1 engine or tuning work: fixed challenge arena briefly persisting between floors.
2b2bf9dfd89f56a526f1e043fe5058859686642b	frontier-required	approved	slice2	slice2-feature	-	Reviewed as deferred Slice 2 feature work: fixed layout errors in zh/jp on journal scene title.
ad165fc5d035decebc1d5d679e75c84a4ca59a54	frontier-required	override	mixed	frontier-mixed	build.gradle=excluded;core/src/main/assets/messages/actors/actors_be.properties=slice2;core/src/main/assets/messages/actors/actors_cs.properties=slice2;core/src/main/assets/messages/actors/actors_de.properties=slice2;core/src/main/assets/messages/actors/actors_el.properties=slice2;core/src/main/assets/messages/actors/actors_es.properties=slice2;core/src/main/assets/messages/actors/actors_fr.properties=slice2;core/src/main/assets/messages/actors/actors_hu.properties=slice2;core/src/main/assets/messages/actors/actors_in.properties=slice2;core/src/main/assets/messages/actors/actors_it.properties=slice2;core/src/main/assets/messages/actors/actors_ja.properties=slice2;core/src/main/assets/messages/actors/actors_ko.properties=slice2;core/src/main/assets/messages/actors/actors_nl.properties=slice2;core/src/main/assets/messages/actors/actors_pl.properties=slice2;core/src/main/assets/messages/actors/actors_pt.properties=slice2;core/src/main/assets/messages/actors/actors_ru.properties=slice2;core/src/main/assets/messages/actors/actors_tr.properties=slice2;core/src/main/assets/messages/actors/actors_uk.properties=slice2;core/src/main/assets/messages/actors/actors_vi.properties=slice2;core/src/main/assets/messages/actors/actors_zh.properties=slice2;core/src/main/assets/messages/items/items_be.properties=slice2;core/src/main/assets/messages/items/items_cs.properties=slice2;core/src/main/assets/messages/items/items_de.properties=slice2;core/src/main/assets/messages/items/items_el.properties=slice2;core/src/main/assets/messages/items/items_es.properties=slice2;core/src/main/assets/messages/items/items_fr.properties=slice2;core/src/main/assets/messages/items/items_hu.properties=slice2;core/src/main/assets/messages/items/items_in.properties=slice2;core/src/main/assets/messages/items/items_it.properties=slice2;core/src/main/assets/messages/items/items_ja.properties=slice2;core/src/main/assets/messages/items/items_ko.properties=slice2;core/src/main/assets/messages/items/items_nl.properties=slice2;core/src/main/assets/messages/items/items_pl.properties=slice2;core/src/main/assets/messages/items/items_pt.properties=slice2;core/src/main/assets/messages/items/items_ru.properties=slice2;core/src/main/assets/messages/items/items_tr.properties=slice2;core/src/main/assets/messages/items/items_uk.properties=slice2;core/src/main/assets/messages/items/items_vi.properties=slice2;core/src/main/assets/messages/items/items_zh.properties=slice2;core/src/main/assets/messages/levels/levels_be.properties=slice2;core/src/main/assets/messages/levels/levels_cs.properties=slice2;core/src/main/assets/messages/levels/levels_de.properties=slice2;core/src/main/assets/messages/levels/levels_el.properties=slice2;core/src/main/assets/messages/levels/levels_es.properties=slice2;core/src/main/assets/messages/levels/levels_fr.properties=slice2;core/src/main/assets/messages/levels/levels_hu.properties=slice2;core/src/main/assets/messages/levels/levels_in.properties=slice2;core/src/main/assets/messages/levels/levels_it.properties=slice2;core/src/main/assets/messages/levels/levels_ja.properties=slice2;core/src/main/assets/messages/levels/levels_ko.properties=slice2;core/src/main/assets/messages/levels/levels_nl.properties=slice2;core/src/main/assets/messages/levels/levels_pl.properties=slice2;core/src/main/assets/messages/levels/levels_pt.properties=slice2;core/src/main/assets/messages/levels/levels_ru.properties=slice2;core/src/main/assets/messages/levels/levels_tr.properties=slice2;core/src/main/assets/messages/levels/levels_uk.properties=slice2;core/src/main/assets/messages/levels/levels_vi.properties=slice2;core/src/main/assets/messages/levels/levels_zh.properties=slice2;core/src/main/assets/messages/misc/misc_be.properties=slice2;core/src/main/assets/messages/misc/misc_cs.properties=slice2;core/src/main/assets/messages/misc/misc_de.properties=slice2;core/src/main/assets/messages/misc/misc_el.properties=slice2;core/src/main/assets/messages/misc/misc_es.properties=slice2;core/src/main/assets/messages/misc/misc_fr.properties=slice2;core/src/main/assets/messages/misc/misc_hu.properties=slice2;core/src/main/assets/messages/misc/misc_in.properties=slice2;core/src/main/assets/messages/misc/misc_it.properties=slice2;core/src/main/assets/messages/misc/misc_ja.properties=slice2;core/src/main/assets/messages/misc/misc_ko.properties=slice2;core/src/main/assets/messages/misc/misc_nl.properties=slice2;core/src/main/assets/messages/misc/misc_pl.properties=slice2;core/src/main/assets/messages/misc/misc_pt.properties=slice2;core/src/main/assets/messages/misc/misc_ru.properties=slice2;core/src/main/assets/messages/misc/misc_tr.properties=slice2;core/src/main/assets/messages/misc/misc_uk.properties=slice2;core/src/main/assets/messages/misc/misc_vi.properties=slice2;core/src/main/assets/messages/misc/misc_zh.properties=slice2;core/src/main/assets/messages/plants/plants_fr.properties=slice2;core/src/main/assets/messages/plants/plants_hu.properties=slice2;core/src/main/assets/messages/plants/plants_pl.properties=slice2;core/src/main/assets/messages/plants/plants_uk.properties=slice2;core/src/main/assets/messages/private/private_be.properties=slice2;core/src/main/assets/messages/scenes/scenes_be.properties=slice2;core/src/main/assets/messages/scenes/scenes_cs.properties=slice2;core/src/main/assets/messages/scenes/scenes_de.properties=slice2;core/src/main/assets/messages/scenes/scenes_el.properties=slice2;core/src/main/assets/messages/scenes/scenes_es.properties=slice2;core/src/main/assets/messages/scenes/scenes_fr.properties=slice2;core/src/main/assets/messages/scenes/scenes_hu.properties=slice2;core/src/main/assets/messages/scenes/scenes_in.properties=slice2;core/src/main/assets/messages/scenes/scenes_it.properties=slice2;core/src/main/assets/messages/scenes/scenes_ja.properties=slice2;core/src/main/assets/messages/scenes/scenes_ko.properties=slice2;core/src/main/assets/messages/scenes/scenes_nl.properties=slice2;core/src/main/assets/messages/scenes/scenes_pl.properties=slice2;core/src/main/assets/messages/scenes/scenes_pt.properties=slice2;core/src/main/assets/messages/scenes/scenes_ru.properties=slice2;core/src/main/assets/messages/scenes/scenes_tr.properties=slice2;core/src/main/assets/messages/scenes/scenes_uk.properties=slice2;core/src/main/assets/messages/scenes/scenes_vi.properties=slice2;core/src/main/assets/messages/scenes/scenes_zh.properties=slice2;core/src/main/assets/messages/ui/ui_be.properties=slice2;core/src/main/assets/messages/ui/ui_cs.properties=slice2;core/src/main/assets/messages/ui/ui_de.properties=slice2;core/src/main/assets/messages/ui/ui_el.properties=slice2;core/src/main/assets/messages/ui/ui_es.properties=slice2;core/src/main/assets/messages/ui/ui_fr.properties=slice2;core/src/main/assets/messages/ui/ui_hu.properties=slice2;core/src/main/assets/messages/ui/ui_in.properties=slice2;core/src/main/assets/messages/ui/ui_it.properties=slice2;core/src/main/assets/messages/ui/ui_ja.properties=slice2;core/src/main/assets/messages/ui/ui_ko.properties=slice2;core/src/main/assets/messages/ui/ui_nl.properties=slice2;core/src/main/assets/messages/ui/ui_pl.properties=slice2;core/src/main/assets/messages/ui/ui_pt.properties=slice2;core/src/main/assets/messages/ui/ui_ru.properties=slice2;core/src/main/assets/messages/ui/ui_tr.properties=slice2;core/src/main/assets/messages/ui/ui_uk.properties=slice2;core/src/main/assets/messages/ui/ui_vi.properties=slice2;core/src/main/assets/messages/ui/ui_zh.properties=slice2;core/src/main/assets/messages/windows/windows_be.properties=slice2;core/src/main/assets/messages/windows/windows_cs.properties=slice2;core/src/main/assets/messages/windows/windows_de.properties=slice2;core/src/main/assets/messages/windows/windows_el.properties=slice2;core/src/main/assets/messages/windows/windows_es.properties=slice2;core/src/main/assets/messages/windows/windows_fr.properties=slice2;core/src/main/assets/messages/windows/windows_hu.properties=slice2;core/src/main/assets/messages/windows/windows_in.properties=slice2;core/src/main/assets/messages/windows/windows_it.properties=slice2;core/src/main/assets/messages/windows/windows_ja.properties=slice2;core/src/main/assets/messages/windows/windows_ko.properties=slice2;core/src/main/assets/messages/windows/windows_nl.properties=slice2;core/src/main/assets/messages/windows/windows_pl.properties=slice2;core/src/main/assets/messages/windows/windows_pt.properties=slice2;core/src/main/assets/messages/windows/windows_ru.properties=slice2;core/src/main/assets/messages/windows/windows_tr.properties=slice2;core/src/main/assets/messages/windows/windows_uk.properties=slice2;core/src/main/assets/messages/windows/windows_vi.properties=slice2;core/src/main/assets/messages/windows/windows_zh.properties=slice2	Generic translation bundles contain v2.5 feature strings and are deferred whole-file to Slice 2; upstream version and changelog paths remain excluded.
2a1f46b21c18598ec8088afe9df4bee0c5909534	frontier-required	override	excluded	frontier-mixed	build.gradle=excluded	Upstream app-version and changelog or welcome metadata are excluded; they do not implement CPDU engine or tuning behavior.
d9cb56c2dcc9c22ea7c621471e63d80772ec917a	frontier-required	override	excluded	frontier-mixed	build.gradle=excluded	Upstream app-version and changelog or welcome metadata are excluded; they do not implement CPDU engine or tuning behavior.
d167ce29f1b709292fd118a96a9ea6e417c5eb5b	frontier-required	approved	slice1	hotspot-hero	-	Reviewed as Slice 1 engine or tuning work: adjusted melee acc talents to work with unarmed melee attacks.
7b7a4656d17902f2c1214dc72e4abd5298f66022	frontier-required	override	slice2	frontier-mixed	core/src/main/assets/messages/windows/windows.properties=slice2	Every functional hunk supports deferred Slice 2 feature work: upgrade window now shows uses left and re-shows on un-ided item.
79ed98b25b99dcfccf300c2f259f8576e376579b	frontier-required	override	mixed	slice2-feature	core/src/main/java/com/shatteredpixel/shatteredpixeldungeon/windows/WndHero.java=slice1;core/src/main/java/com/shatteredpixel/shatteredpixeldungeon/windows/WndJournal.java=slice2	The Hero-window keybind is independent Slice 1 UI tuning; the Journal-window keybind is deferred to Slice 2.
f5f7568ac9ec62ce3c19db1d76e93c5841ad75d6	frontier-required	approved	slice2	slice2-feature	-	Reviewed as deferred Slice 2 feature work: fixed crystal guardians and spire not being recorded in journal.
fcf5b19b9e43d603d406f7d5828f8d71b6076c7b	frontier-required	override	slice1	slice2-feature	-	Transmutation preserving existing trinket identification state is a Slice 1 bugfix, not energizing or refund behavior.
919eec4a6ffb90defda007c89ff023f2db7db4b5	frontier-required	override	slice2	frontier-mixed	core/src/main/assets/messages/windows/windows.properties=slice2;core/src/main/java/com/shatteredpixel/shatteredpixeldungeon/scenes/HeroSelectScene.java=slice2;core/src/main/java/com/shatteredpixel/shatteredpixeldungeon/scenes/RankingsScene.java=slice2;core/src/main/java/com/shatteredpixel/shatteredpixeldungeon/scenes/TitleScene.java=slice2;core/src/main/java/com/shatteredpixel/shatteredpixeldungeon/scenes/WelcomeScene.java=slice2;core/src/main/java/com/shatteredpixel/shatteredpixeldungeon/SPDSettings.java=slice2;core/src/main/java/com/shatteredpixel/shatteredpixeldungeon/windows/WndVictoryCongrats.java=slice2	Every functional hunk supports deferred Slice 2 feature work: added a new victory window after first win.
bdbaf994e833c0c524892a48e9d91f5367b76e99	frontier-required	approved	slice2	slice2-feature	-	Reviewed as deferred Slice 2 feature work: adjusted well fed buff visual duration when holding salt cube.
9799ed5ae463b127674267e5c11c23d3d352f5d4	frontier-required	override	excluded	frontier-mixed	build.gradle=excluded	Upstream app-version and changelog or welcome metadata are excluded; they do not implement CPDU engine or tuning behavior.
1e344ec17fa679b2ce0e3e5d7e815111145dae63	frontier-required	override	slice2	frontier-mixed	core/src/main/assets/messages/windows/windows.properties=slice2	Every functional hunk supports deferred Slice 2 feature work: fixed unknown rings revealing their stats in upgrade window.
7a2b4639ee514a5d8ada157f942a851446ebf117	frontier-required	override	slice2	frontier-mixed	core/src/main/java/com/shatteredpixel/shatteredpixeldungeon/items/Generator.java=slice2;core/src/main/java/com/shatteredpixel/shatteredpixeldungeon/sprites/ItemSpriteSheet.java=slice2	Every functional hunk supports deferred Slice 2 feature work: fixed vial of blood having no assigned sprite and not spawning.
0d5a8dd57c9f8c19a52c12a07f6b8ec81131f0a6	sample	approved	slice2	slice2-feature	-	Reviewed as deferred Slice 2 feature work: fixed unintentional debug code giving gravity chaos a 100% rate.
602fa2706d0e5ea2ebdade9159b0d1e7f7b18f31	frontier-required	approved	slice2	slice2-feature	-	Reviewed as deferred Slice 2 feature work: fixed texture errors for traps/plants in journal scene.
a6c9f9276ab66604a671929e73de3bb4218f4502	frontier-required	override	excluded	frontier-mixed	build.gradle=excluded	Upstream app-version and changelog or welcome metadata are excluded; they do not implement CPDU engine or tuning behavior.
e86707bedb93501cf3fa908ac42309c92ff39647	frontier-required	approved	excluded	excluded-upstream-docs	-	Only upstream historical changelog or commentary content is changed; no CPDU engine hunk is present.
47fd533ca2ed99b219c8ffe6b37b241c6bd7aaff	frontier-required	approved	mixed	frontier-mixed	-	Scroll and potion identification plus energize UI changes are Slice 1; the Journal text hunk remains Slice 2.
c1bc73ab399381f310385eef9a51655752fe71a5	frontier-required	override	slice2	frontier-mixed	core/src/main/assets/messages/items/items.properties=slice2;core/src/main/java/com/shatteredpixel/shatteredpixeldungeon/actors/buffs/GravityChaosTracker.java=slice2;core/src/main/java/com/shatteredpixel/shatteredpixeldungeon/actors/mobs/Warlock.java=slice2	Every functional hunk supports deferred Slice 2 feature work: added a final new very rare cursed wand effect: gravity chaos!.
aa13606d6d1f44bdb463684d08184a1dceba2b1b	frontier-required	override	slice2	frontier-mixed	core/src/main/assets/messages/items/items.properties=slice2	Every functional hunk supports deferred Slice 2 feature work: added a new very rare cursed wand effect: sinkhole.
4c7a5c4aa6a216e4fcf52477fb7a04fee8de799e	frontier-required	override	slice2	frontier-mixed	core/src/main/assets/messages/actors/actors.properties=slice2;core/src/main/assets/messages/items/items.properties=slice2	Every functional hunk supports deferred Slice 2 feature work: filled out final common/uncommon cursed wand effects.
41422a9147775aea59846ab6be7e81583bf0efe8	frontier-required	approved	slice1	platform-review	-	Reviewed as Slice 1 engine or tuning work: added better multi-monitor fullscreen support.
ac31ef1faad58a264f19dff6adc21182c3d1a0a6	frontier-required	approved	slice1	platform-review	-	Reviewed as Slice 1 engine or tuning work: undid fullscreen changes, borderless doesn't work in many cases.
daa267466e9e8963916f599a9b866097c56d9171	frontier-required	approved	slice1	platform-review	-	Reviewed as Slice 1 engine or tuning work: changed desktop fullscreen to actually use borderless window.
42c24a948f44863de0b8e5c9f42dfb310773d708	frontier-required	approved	slice2	slice2-feature	-	Reviewed as deferred Slice 2 feature work: journal badges tab no longer defaults to local always.
1b90092ad8ee0b43c8aa036ed848753cd632d215	frontier-required	override	slice2	frontier-mixed	core/src/main/java/com/shatteredpixel/shatteredpixeldungeon/effects/MagicMissile.java=slice2;core/src/main/java/com/shatteredpixel/shatteredpixeldungeon/levels/traps/FlockTrap.java=slice2	Every functional hunk supports deferred Slice 2 feature work: added 3 common and 2 uncommon cursed wand effects.
503d1b7c19b49f9746967ef2822fcd6a46fdb87d	frontier-required	override	excluded	frontier-mixed	build.gradle=excluded	Upstream app-version and changelog or welcome metadata are excluded; they do not implement CPDU engine or tuning behavior.
213f7a2f6a05e67eb80196e37468d5fc47bdbb7f	frontier-required	approved	slice1	hotspot-level	-	Reviewed as Slice 1 engine or tuning work: various inventory management changes: - waterskin now fits in the potion bandolier - styli now fit in the scroll holder - dark floors no longer contain torches, +1 vision range - increased the rate that most enemy equip drops fade (also boosted base rate for DM-200 and Golems) - bombs no longer damage equipment - stones of intuition now always get 2 uses.
fe66e03e74ddc86c62a2ba58c43466fc3996d8ff	frontier-required	override	slice2	frontier-mixed	core/src/main/assets/messages/actors/actors.properties=slice2;core/src/main/assets/messages/items/items.properties=slice2;core/src/main/java/com/shatteredpixel/shatteredpixeldungeon/actors/buffs/AnkhInvulnerability.java=slice2;core/src/main/java/com/shatteredpixel/shatteredpixeldungeon/actors/buffs/Burning.java=slice2;core/src/main/java/com/shatteredpixel/shatteredpixeldungeon/actors/buffs/Invulnerability.java=slice2;core/src/main/java/com/shatteredpixel/shatteredpixeldungeon/actors/buffs/SuperNovaTracker.java=slice2;core/src/main/java/com/shatteredpixel/shatteredpixeldungeon/actors/buffs/TimeStasis.java=slice2;core/src/main/java/com/shatteredpixel/shatteredpixeldungeon/actors/Char.java=slice2;core/src/main/java/com/shatteredpixel/shatteredpixeldungeon/actors/hero/Hero.java=slice2;core/src/main/java/com/shatteredpixel/shatteredpixeldungeon/items/wands/WandOfBlastWave.java=slice2;core/src/main/java/com/shatteredpixel/shatteredpixeldungeon/ShatteredPixelDungeon.java=slice2	Every functional hunk supports deferred Slice 2 feature work: added four new rare cursed wand effects.
360df46f8e14204a982b49ca1100cdf42cb5614a	frontier-required	override	slice2	frontier-mixed	core/src/main/assets/messages/items/items.properties=slice2;core/src/main/java/com/shatteredpixel/shatteredpixeldungeon/actors/buffs/SuperNovaTracker.java=slice2	Every functional hunk supports deferred Slice 2 feature work: added a new very rare cursed wand effect: supernova!.
38874247563f355cfb768e8f2bb4d7b1ec3ac1cb	frontier-required	override	slice2	frontier-mixed	core/src/main/assets/interfaces/buffs.png=slice2;core/src/main/assets/interfaces/large_buffs.png=slice2;core/src/main/assets/messages/actors/actors.properties=slice2;core/src/main/assets/messages/items/items.properties=slice2;core/src/main/java/com/shatteredpixel/shatteredpixeldungeon/actors/buffs/HeroDisguise.java=slice2;core/src/main/java/com/shatteredpixel/shatteredpixeldungeon/scenes/GameScene.java=slice2;core/src/main/java/com/shatteredpixel/shatteredpixeldungeon/sprites/HeroSprite.java=slice2;core/src/main/java/com/shatteredpixel/shatteredpixeldungeon/ui/BuffIndicator.java=slice2;core/src/main/java/com/shatteredpixel/shatteredpixeldungeon/ui/StatusPane.java=slice2;core/src/main/java/com/shatteredpixel/shatteredpixeldungeon/windows/WndHero.java=slice2	Every functional hunk supports deferred Slice 2 feature work: added a new very rare cursed wand effect: shapeshift!.
70df007bcf55364711b9682f0e975e5bcfabd0cd	frontier-required	override	slice2	frontier-mixed	core/src/main/java/com/shatteredpixel/shatteredpixeldungeon/actors/mobs/Elemental.java=slice2;core/src/main/java/com/shatteredpixel/shatteredpixeldungeon/items/scrolls/ScrollOfMirrorImage.java=slice2;core/src/main/java/com/shatteredpixel/shatteredpixeldungeon/sprites/ElementalSprite.java=slice2	Every functional hunk supports deferred Slice 2 feature work: complete refactor of cursed wand effect logic.
70053d933ebb1968274bf2456957cc9f72dfc6b1	frontier-required	approved	slice1	hotspot-level	-	Reviewed as Slice 1 engine or tuning work: visual adjustments to hourglass stasis effect.
7918c027649757aa89c0f029180ba3fcd497e4ef	frontier-required	approved	slice1	hotspot-char	-	Reviewed as Slice 1 engine or tuning work: fixed position swapping working when ally is paralyzed.
4ed89d58841de495edec35ab9d4bf9e5401255c8	frontier-required	approved	slice1	hotspot-dungeon	-	Reviewed as Slice 1 engine or tuning work: improved new region splashes for portrait mobile.
5373b1388ddace7f799638525e5189fe658100ee	frontier-required	approved	slice1	hotspot-dungeon,hotspot-level	-	Reviewed as Slice 1 engine or tuning work: added checks for load into invalid cells in caves & city boss.
00b4300f0f46fd0e511024c5405bfc7478ddbe16	sample	approved	slice1	cold-code	-	Reviewed as Slice 1 engine or tuning work: made a few adjustments to improve imp visibility and quest text.
19b812d104e114e4bb93857a8109d1283796a4d2	frontier-required	approved	slice1	hotspot-hero	-	Reviewed as Slice 1 engine or tuning work: adjusted on-hit talents to trigger before weapon proc fx.
3b79b0c218f196700014d5974e4321512e45ed87	frontier-required	approved	slice1	hotspot-dungeon	-	Reviewed as Slice 1 engine or tuning work: adjusted loading order for old games in progress data.
2a14110f9bbe58c8602f3e54e6552d84e5ed5b72	sample	approved	slice1	assets-localization	-	Reviewed as Slice 1 engine or tuning work: fixed an errant pixel on the icon for shrug it off talent.
5ed4162d59a96e00fe18c09d25dc78bd0787e169	frontier-required	approved	slice1	hotspot-level	-	Reviewed as Slice 1 engine or tuning work: burn & ooze now end when entring water, but do min 1 turn of dmg.
d802934b24edc2747ade92003b654569bd84edc0	frontier-required	approved	slice1	build-review	-	Reviewed as Slice 1 engine or tuning work: updated gradle, AGP, and R8.
1466dea4b358f468036414cfc88a1e3dfd1c6f19	frontier-required	approved	slice1	hotspot-char	-	Reviewed as Slice 1 engine or tuning work: adjusted combined lethality, triggering hit can now be regular.
bf56446d043e01315b1c97fb59b126eee826a822	frontier-required	approved	slice1	hotspot-char,hotspot-hero	-	Reviewed as Slice 1 engine or tuning work: various monk adjustments..
5f0ab29a4e730f01b31efa6f54b037b55cce1b12	frontier-required	approved	slice1	hotspot-level	-	Reviewed as Slice 1 engine or tuning work: cleared some error correction code from the v2.4 alpha.
b7051a21947012cc58c3ff6a8ca0062abfc943db	frontier-required	approved	slice1	hotspot-hero	-	Reviewed as Slice 1 engine or tuning work: T2 talent buffs:.
ab7bcf027a06b558281e557a5025217d72f37d07	frontier-required	override	slice2	frontier-mixed	core/src/main/assets/messages/items/items.properties=slice2;core/src/main/assets/sprites/items.png=slice2;core/src/main/java/com/shatteredpixel/shatteredpixeldungeon/actors/blobs/WaterOfHealth.java=slice2;core/src/main/java/com/shatteredpixel/shatteredpixeldungeon/actors/buffs/Healing.java=slice2;core/src/main/java/com/shatteredpixel/shatteredpixeldungeon/items/Dewdrop.java=slice2;core/src/main/java/com/shatteredpixel/shatteredpixeldungeon/items/potions/PotionOfHealing.java=slice2	Every functional hunk supports deferred Slice 2 feature work: added a new trinket: vial of blood.
c84e4852ee7f3de03ff9abbd5f17b50160257aaa	frontier-required	override	slice2	frontier-mixed	core/src/main/assets/messages/items/items.properties=slice2;core/src/main/assets/sprites/items.png=slice2;core/src/main/java/com/shatteredpixel/shatteredpixeldungeon/actors/buffs/Hunger.java=slice2;core/src/main/java/com/shatteredpixel/shatteredpixeldungeon/actors/buffs/Regeneration.java=slice2;core/src/main/java/com/shatteredpixel/shatteredpixeldungeon/actors/buffs/WellFed.java=slice2;core/src/main/java/com/shatteredpixel/shatteredpixeldungeon/items/Generator.java=slice2;core/src/main/java/com/shatteredpixel/shatteredpixeldungeon/sprites/ItemSpriteSheet.java=slice2	Every functional hunk supports deferred Slice 2 feature work: added a new trinket: salt cube.
ed6d26e0a7972247416d7257b77738c0b912f97a	frontier-required	approved	slice1	hotspot-dungeon,hotspot-level	-	Reviewed as Slice 1 engine or tuning work: mimics are now sneaky if hero had mimic tooth when they spawned.
b2cc9f38039e0e317b2153220f8b8c6ea452106d	frontier-required	override	slice2	frontier-mixed	core/src/main/assets/messages/items/items.properties=slice2;core/src/main/java/com/shatteredpixel/shatteredpixeldungeon/actors/hero/abilities/mage/WildMagic.java=slice2;core/src/main/java/com/shatteredpixel/shatteredpixeldungeon/items/wands/Wand.java=slice2	Every functional hunk supports deferred Slice 2 feature work: bonus cursed zaps from wondrous resin are now always positive.
e4d08e9ca0f0b1fbed75b0d44db1ac0317ca1bea	frontier-required	override	slice1	frontier-mixed	core/src/main/java/com/shatteredpixel/shatteredpixeldungeon/items/trinkets/DimensionalSundial.java=slice1	Dimensional Sundial day and night changes tune an existing v2.4 trinket and remain in Slice 1.
0577817234f5902c9afed4284af33254479ec8b0	frontier-required	override	slice1	frontier-mixed	core/src/main/java/com/shatteredpixel/shatteredpixeldungeon/items/trinkets/ThirteenLeafClover.java=slice1	Thirteen Leaf Clover combat-roll changes tune an existing v2.4 trinket and remain in Slice 1.
e93d5da65d75b03ca60ea722ded63776df05bc6a	frontier-required	override	slice1	frontier-mixed	core/src/main/java/com/shatteredpixel/shatteredpixeldungeon/items/trinkets/MossyClump.java=slice1	Mossy Clump and grassy-floor dew changes tune existing behavior and remain in Slice 1.
02728ae770de42d0e5725ecd750350f228790fbe	frontier-required	override	slice2	frontier-mixed	core/src/main/java/com/shatteredpixel/shatteredpixeldungeon/ui/CustomNoteButton.java=slice2	Every functional hunk supports deferred Slice 2 feature work: fixed custom item notes not properly assigning ID.
53139c9e5c0453daaf427d19a3814d7ebb08d892	frontier-required	approved	slice2	slice2-feature	-	Reviewed as deferred Slice 2 feature work: renamed badges scene to journal scene.
ebaace5f946aaf41760d0997f41f108bd6907c8a	frontier-required	approved	slice2	slice2-feature	-	Reviewed as deferred Slice 2 feature work: added full journal functionality to the badges scene.
3dbcfef056cfe5c70c0bd4c9f734c714fe164a1e	frontier-required	override	mixed	slice2-feature	core/src/main/java/com/shatteredpixel/shatteredpixeldungeon/ui/changelist/v0_6_X_Changes.java=excluded	Journal badges-tab implementation is Slice 2, but the upstream historical changelist edit is excluded.
4071a47a5612e5cc0744f1dbcafe7c335603bdc8	frontier-required	override	slice2	frontier-mixed	core/src/main/assets/messages/ui/ui.properties=slice2;core/src/main/assets/messages/windows/windows.properties=slice2;core/src/main/java/com/shatteredpixel/shatteredpixeldungeon/items/EquipableItem.java=slice2;core/src/main/java/com/shatteredpixel/shatteredpixeldungeon/items/Item.java=slice2;core/src/main/java/com/shatteredpixel/shatteredpixeldungeon/items/potions/Potion.java=slice2;core/src/main/java/com/shatteredpixel/shatteredpixeldungeon/items/rings/Ring.java=slice2;core/src/main/java/com/shatteredpixel/shatteredpixeldungeon/items/scrolls/Scroll.java=slice2;core/src/main/java/com/shatteredpixel/shatteredpixeldungeon/scenes/PixelScene.java=slice2;core/src/main/java/com/shatteredpixel/shatteredpixeldungeon/ui/CustomNoteButton.java=slice2;core/src/main/java/com/shatteredpixel/shatteredpixeldungeon/windows/WndBag.java=slice2;core/src/main/java/com/shatteredpixel/shatteredpixeldungeon/windows/WndJournal.java=slice2	Every functional hunk supports deferred Slice 2 feature work: finished custom note functionality!.
5139de28002375f66ad2b9a74f2371ac30a26717	frontier-required	override	slice2	frontier-mixed	core/src/main/java/com/shatteredpixel/shatteredpixeldungeon/items/armor/Armor.java=slice2;core/src/main/java/com/shatteredpixel/shatteredpixeldungeon/items/artifacts/Artifact.java=slice2;core/src/main/java/com/shatteredpixel/shatteredpixeldungeon/items/food/Pasty.java=slice2;core/src/main/java/com/shatteredpixel/shatteredpixeldungeon/items/potions/Potion.java=slice2;core/src/main/java/com/shatteredpixel/shatteredpixeldungeon/items/rings/Ring.java=slice2;core/src/main/java/com/shatteredpixel/shatteredpixeldungeon/items/scrolls/Scroll.java=slice2;core/src/main/java/com/shatteredpixel/shatteredpixeldungeon/items/wands/Wand.java=slice2;core/src/main/java/com/shatteredpixel/shatteredpixeldungeon/items/Waterskin.java=slice2;core/src/main/java/com/shatteredpixel/shatteredpixeldungeon/items/weapon/melee/MeleeWeapon.java=slice2;core/src/main/java/com/shatteredpixel/shatteredpixeldungeon/items/weapon/missiles/MissileWeapon.java=slice2;core/src/main/java/com/shatteredpixel/shatteredpixeldungeon/items/weapon/SpiritBow.java=slice2;core/src/main/java/com/shatteredpixel/shatteredpixeldungeon/plants/Plant.java=slice2	Every functional hunk supports deferred Slice 2 feature work: code improvements to item desc vs. item info methods.
b0b2a32a846d924410237e4a5b58d2c9bb0292a6	frontier-required	approved	slice2	slice2-feature	-	Reviewed as deferred Slice 2 feature work: fixed the position of secondary icons in the journal grid UI.
8e99b51cf905028aa78029917c5db7e3729de8f9	frontier-required	override	slice2	frontier-mixed	core/src/main/assets/messages/ui/ui.properties=slice2;core/src/main/assets/messages/windows/windows.properties=slice2;core/src/main/java/com/shatteredpixel/shatteredpixeldungeon/ui/CustomNoteButton.java=slice2;core/src/main/java/com/shatteredpixel/shatteredpixeldungeon/windows/WndJournal.java=slice2	Every functional hunk supports deferred Slice 2 feature work: added functionality for custom note! Only plain text notes atm.
651cc8631a7f9ae9156dc6dd16828f69765561df	frontier-required	approved	slice1	hotspot-level	-	Reviewed as Slice 1 engine or tuning work: fixed sealed level resetting not clearing bomb fuses.
0ac18035de2d44ab0184fae63cd3ef67b6dd0a58	sample	approved	slice1	cold-code	-	Reviewed as Slice 1 engine or tuning work: fixed earthroot and living rock not applying to bone explosion.
aa7b64564557e85e5a27424caa033b2f1f7fc126	frontier-required	override	slice2	frontier-mixed	core/src/main/java/com/shatteredpixel/shatteredpixeldungeon/actors/blobs/Alchemy.java=slice2;core/src/main/java/com/shatteredpixel/shatteredpixeldungeon/actors/blobs/Blob.java=slice2;core/src/main/java/com/shatteredpixel/shatteredpixeldungeon/actors/blobs/Foliage.java=slice2;core/src/main/java/com/shatteredpixel/shatteredpixeldungeon/actors/blobs/SacrificialFire.java=slice2;core/src/main/java/com/shatteredpixel/shatteredpixeldungeon/actors/blobs/WaterOfAwareness.java=slice2;core/src/main/java/com/shatteredpixel/shatteredpixeldungeon/actors/blobs/WaterOfHealth.java=slice2;core/src/main/java/com/shatteredpixel/shatteredpixeldungeon/actors/blobs/WellWater.java=slice2;core/src/main/java/com/shatteredpixel/shatteredpixeldungeon/actors/hero/Hero.java=slice2;core/src/main/java/com/shatteredpixel/shatteredpixeldungeon/actors/mobs/DemonSpawner.java=slice2;core/src/main/java/com/shatteredpixel/shatteredpixeldungeon/actors/mobs/Mob.java=slice2;core/src/main/java/com/shatteredpixel/shatteredpixeldungeon/actors/mobs/npcs/Blacksmith.java=slice2;core/src/main/java/com/shatteredpixel/shatteredpixeldungeon/actors/mobs/npcs/Ghost.java=slice2;core/src/main/java/com/shatteredpixel/shatteredpixeldungeon/actors/mobs/npcs/Imp.java=slice2;core/src/main/java/com/shatteredpixel/shatteredpixeldungeon/actors/mobs/npcs/RatKing.java=slice2;core/src/main/java/com/shatteredpixel/shatteredpixeldungeon/actors/mobs/npcs/Shopkeeper.java=slice2;core/src/main/java/com/shatteredpixel/shatteredpixeldungeon/actors/mobs/npcs/Wandmaker.java=slice2;core/src/main/java/com/shatteredpixel/shatteredpixeldungeon/actors/mobs/Statue.java=slice2;core/src/main/java/com/shatteredpixel/shatteredpixeldungeon/levels/rooms/special/WeakFloorRoom.java=slice2	Every functional hunk supports deferred Slice 2 feature work: adjusted logic for landmarks, now get added based on hero action.
60c56a1253faf25f9ecf99c49fa5bfaaef30a074	frontier-required	approved	slice2	slice2-feature	-	Reviewed as deferred Slice 2 feature work: fixed auto-aim not correctly interacting with cursed wands.
6b9940e88534756a0d3f5f81cd76feef6afa2111	frontier-required	override	slice2	frontier-mixed	core/src/main/assets/environment/custom_tiles/weak_floor.png=slice2;core/src/main/assets/interfaces/icons.png=slice2;core/src/main/assets/messages/levels/levels.properties=slice2;core/src/main/java/com/shatteredpixel/shatteredpixeldungeon/actors/mobs/npcs/RatKing.java=slice2;core/src/main/java/com/shatteredpixel/shatteredpixeldungeon/levels/rooms/special/WeakFloorRoom.java=slice2;core/src/main/java/com/shatteredpixel/shatteredpixeldungeon/ui/Icons.java=slice2;core/src/main/java/com/shatteredpixel/shatteredpixeldungeon/ui/MenuPane.java=slice2;core/src/main/java/com/shatteredpixel/shatteredpixeldungeon/ui/ScrollingGridPane.java=slice2;core/src/main/java/com/shatteredpixel/shatteredpixeldungeon/windows/WndJournal.java=slice2	Every functional hunk supports deferred Slice 2 feature work: improved landmark contents, brightened distant wells a bit.
da42665e80227bfd978613303edfd32f113495d1	frontier-required	override	slice2	frontier-mixed	core/src/main/assets/messages/levels/levels.properties=slice2;core/src/main/assets/messages/scenes/scenes.properties=slice2;core/src/main/java/com/shatteredpixel/shatteredpixeldungeon/levels/Level.java=slice2;core/src/main/java/com/shatteredpixel/shatteredpixeldungeon/scenes/GameScene.java=slice2;core/src/main/java/com/shatteredpixel/shatteredpixeldungeon/ui/MenuPane.java=slice2	Every functional hunk supports deferred Slice 2 feature work: added landmark functionality for level feelings.
995a8836c3f860c4779b893f6b6af8f5a141aedb	frontier-required	override	slice2	frontier-mixed	core/src/main/assets/interfaces/icons.png=slice2;core/src/main/java/com/shatteredpixel/shatteredpixeldungeon/ui/Icons.java=slice2;core/src/main/java/com/shatteredpixel/shatteredpixeldungeon/ui/ScrollingGridPane.java=slice2;core/src/main/java/com/shatteredpixel/shatteredpixeldungeon/windows/WndHeroInfo.java=slice2;core/src/main/java/com/shatteredpixel/shatteredpixeldungeon/windows/WndJournal.java=slice2	Every functional hunk supports deferred Slice 2 feature work: added new icons for some existing landmarks.
40afe2a22cb414c32c4b4c994f1906048dfffce1	frontier-required	override	mixed	frontier-mixed	core/src/main/assets/interfaces/icons.png=slice2;core/src/main/java/com/shatteredpixel/shatteredpixeldungeon/scenes/HeroSelectScene.java=slice2;core/src/main/java/com/shatteredpixel/shatteredpixeldungeon/ui/Icons.java=slice2;core/src/main/java/com/shatteredpixel/shatteredpixeldungeon/windows/WndGame.java=slice2;core/src/main/java/com/shatteredpixel/shatteredpixeldungeon/windows/WndGameInProgress.java=slice2;core/src/main/java/com/shatteredpixel/shatteredpixeldungeon/windows/WndJournal.java=slice2;core/src/main/java/com/shatteredpixel/shatteredpixeldungeon/windows/WndRanking.java=slice2	Functional hunks support the deferred Journal or catalog UI, while upstream changelist or welcome documentation remains excluded.
75532abf00cff69b877ef3cc53306f8ae6427641	frontier-required	override	slice2	frontier-mixed	core/src/main/assets/interfaces/icons.png=slice2;core/src/main/assets/interfaces/menu_button.png=slice2;core/src/main/assets/messages/items/items.properties=slice2;core/src/main/assets/messages/windows/windows.properties=slice2;core/src/main/java/com/shatteredpixel/shatteredpixeldungeon/actors/buffs/Hunger.java=slice2;core/src/main/java/com/shatteredpixel/shatteredpixeldungeon/actors/hero/Hero.java=slice2;core/src/main/java/com/shatteredpixel/shatteredpixeldungeon/actors/mobs/Snake.java=slice2;core/src/main/java/com/shatteredpixel/shatteredpixeldungeon/items/EquipableItem.java=slice2;core/src/main/java/com/shatteredpixel/shatteredpixeldungeon/items/keys/Key.java=slice2;core/src/main/java/com/shatteredpixel/shatteredpixeldungeon/scenes/GameScene.java=slice2;core/src/main/java/com/shatteredpixel/shatteredpixeldungeon/ui/Icons.java=slice2;core/src/main/java/com/shatteredpixel/shatteredpixeldungeon/ui/MenuPane.java=slice2;core/src/main/java/com/shatteredpixel/shatteredpixeldungeon/windows/WndJournal.java=slice2	Every functional hunk supports deferred Slice 2 feature work: various UI/UX improvements to the journal and guidebook.
dd9f90c3723204e69620dbef1bed0d619beec0d0	frontier-required	override	slice2	frontier-mixed	core/src/main/assets/messages/windows/windows.properties=slice2;core/src/main/java/com/shatteredpixel/shatteredpixeldungeon/ui/ScrollingGridPane.java=slice2;core/src/main/java/com/shatteredpixel/shatteredpixeldungeon/windows/WndJournal.java=slice2	Every functional hunk supports deferred Slice 2 feature work: converted notes tab to use new grid UI.
c861f8cef81fe5f704cc5ae98efc54c63c3ab8bd	frontier-required	override	slice2	frontier-mixed	core/src/main/assets/messages/items/items.properties=slice2;core/src/main/assets/messages/windows/windows.properties=slice2;core/src/main/java/com/shatteredpixel/shatteredpixeldungeon/items/scrolls/ScrollOfUpgrade.java=slice2;core/src/main/java/com/shatteredpixel/shatteredpixeldungeon/items/spells/MagicalInfusion.java=slice2	Every functional hunk supports deferred Slice 2 feature work: final behaviour improvements to new upgrade window.
f232a5d1e8a48d47093efa08b88a79c48c75faea	frontier-required	override	slice2	frontier-mixed	core/src/main/java/com/shatteredpixel/shatteredpixeldungeon/items/rings/RingOfAccuracy.java=slice2;core/src/main/java/com/shatteredpixel/shatteredpixeldungeon/items/rings/RingOfArcana.java=slice2;core/src/main/java/com/shatteredpixel/shatteredpixeldungeon/items/rings/RingOfElements.java=slice2;core/src/main/java/com/shatteredpixel/shatteredpixeldungeon/items/rings/RingOfEnergy.java=slice2;core/src/main/java/com/shatteredpixel/shatteredpixeldungeon/items/rings/RingOfEvasion.java=slice2;core/src/main/java/com/shatteredpixel/shatteredpixeldungeon/items/rings/RingOfForce.java=slice2;core/src/main/java/com/shatteredpixel/shatteredpixeldungeon/items/rings/RingOfFuror.java=slice2;core/src/main/java/com/shatteredpixel/shatteredpixeldungeon/items/rings/RingOfHaste.java=slice2;core/src/main/java/com/shatteredpixel/shatteredpixeldungeon/items/rings/RingOfMight.java=slice2;core/src/main/java/com/shatteredpixel/shatteredpixeldungeon/items/rings/RingOfSharpshooting.java=slice2;core/src/main/java/com/shatteredpixel/shatteredpixeldungeon/items/rings/RingOfTenacity.java=slice2;core/src/main/java/com/shatteredpixel/shatteredpixeldungeon/items/rings/RingOfWealth.java=slice2	Every functional hunk supports deferred Slice 2 feature work: fixed upgrade window ring stats not accounting for curses.
e4085fe44540e07e206e62f72019828f66aef774	frontier-required	override	slice2	frontier-mixed	core/src/main/assets/messages/items/items.properties=slice2;core/src/main/java/com/shatteredpixel/shatteredpixeldungeon/items/scrolls/InventoryScroll.java=slice2;core/src/main/java/com/shatteredpixel/shatteredpixeldungeon/items/spells/InventorySpell.java=slice2	Every functional hunk supports deferred Slice 2 feature work: improved logic for cancelling new upgrade window.
5381809f557d47e6bc25b99ff7296995916d0caa	frontier-required	override	slice2	frontier-mixed	core/src/main/assets/messages/items/items.properties=slice2;core/src/main/java/com/shatteredpixel/shatteredpixeldungeon/items/quest/Pickaxe.java=slice2;core/src/main/java/com/shatteredpixel/shatteredpixeldungeon/items/rings/Ring.java=slice2;core/src/main/java/com/shatteredpixel/shatteredpixeldungeon/items/rings/RingOfForce.java=slice2;core/src/main/java/com/shatteredpixel/shatteredpixeldungeon/items/weapon/melee/AssassinsBlade.java=slice2;core/src/main/java/com/shatteredpixel/shatteredpixeldungeon/items/weapon/melee/BattleAxe.java=slice2;core/src/main/java/com/shatteredpixel/shatteredpixeldungeon/items/weapon/melee/Crossbow.java=slice2;core/src/main/java/com/shatteredpixel/shatteredpixeldungeon/items/weapon/melee/Dagger.java=slice2;core/src/main/java/com/shatteredpixel/shatteredpixeldungeon/items/weapon/melee/Dirk.java=slice2;core/src/main/java/com/shatteredpixel/shatteredpixeldungeon/items/weapon/melee/Flail.java=slice2;core/src/main/java/com/shatteredpixel/shatteredpixeldungeon/items/weapon/melee/Gauntlet.java=slice2;core/src/main/java/com/shatteredpixel/shatteredpixeldungeon/items/weapon/melee/Glaive.java=slice2;core/src/main/java/com/shatteredpixel/shatteredpixeldungeon/items/weapon/melee/Gloves.java=slice2;core/src/main/java/com/shatteredpixel/shatteredpixeldungeon/items/weapon/melee/Greataxe.java=slice2;core/src/main/java/com/shatteredpixel/shatteredpixeldungeon/items/weapon/melee/Greatshield.java=slice2;core/src/main/java/com/shatteredpixel/shatteredpixeldungeon/items/weapon/melee/Greatsword.java=slice2;core/src/main/java/com/shatteredpixel/shatteredpixeldungeon/items/weapon/melee/HandAxe.java=slice2;core/src/main/java/com/shatteredpixel/shatteredpixeldungeon/items/weapon/melee/Katana.java=slice2;core/src/main/java/com/shatteredpixel/shatteredpixeldungeon/items/weapon/melee/Longsword.java=slice2;core/src/main/java/com/shatteredpixel/shatteredpixeldungeon/items/weapon/melee/Mace.java=slice2;core/src/main/java/com/shatteredpixel/shatteredpixeldungeon/items/weapon/melee/MeleeWeapon.java=slice2;core/src/main/java/com/shatteredpixel/shatteredpixeldungeon/items/weapon/melee/Quarterstaff.java=slice2;core/src/main/java/com/shatteredpixel/shatteredpixeldungeon/items/weapon/melee/Rapier.java=slice2;core/src/main/java/com/shatteredpixel/shatteredpixeldungeon/items/weapon/melee/RoundShield.java=slice2;core/src/main/java/com/shatteredpixel/shatteredpixeldungeon/items/weapon/melee/RunicBlade.java=slice2;core/src/main/java/com/shatteredpixel/shatteredpixeldungeon/items/weapon/melee/Sai.java=slice2;core/src/main/java/com/shatteredpixel/shatteredpixeldungeon/items/weapon/melee/Scimitar.java=slice2;core/src/main/java/com/shatteredpixel/shatteredpixeldungeon/items/weapon/melee/Shortsword.java=slice2;core/src/main/java/com/shatteredpixel/shatteredpixeldungeon/items/weapon/melee/Sickle.java=slice2;core/src/main/java/com/shatteredpixel/shatteredpixeldungeon/items/weapon/melee/Spear.java=slice2;core/src/main/java/com/shatteredpixel/shatteredpixeldungeon/items/weapon/melee/Sword.java=slice2;core/src/main/java/com/shatteredpixel/shatteredpixeldungeon/items/weapon/melee/WarHammer.java=slice2;core/src/main/java/com/shatteredpixel/shatteredpixeldungeon/items/weapon/melee/WarScythe.java=slice2;core/src/main/java/com/shatteredpixel/shatteredpixeldungeon/items/weapon/melee/Whip.java=slice2;core/src/main/java/com/shatteredpixel/shatteredpixeldungeon/items/weapon/melee/WornShortsword.java=slice2	Every functional hunk supports deferred Slice 2 feature work: added wndUpgrade info for weapon abilities and augments.
07bed7c724ba34faeec95ecbd207be3da5fa3faa	frontier-required	override	slice2	frontier-mixed	core/src/main/assets/messages/items/items.properties=slice2;core/src/main/java/com/shatteredpixel/shatteredpixeldungeon/items/rings/Ring.java=slice2;core/src/main/java/com/shatteredpixel/shatteredpixeldungeon/items/rings/RingOfAccuracy.java=slice2;core/src/main/java/com/shatteredpixel/shatteredpixeldungeon/items/rings/RingOfArcana.java=slice2;core/src/main/java/com/shatteredpixel/shatteredpixeldungeon/items/rings/RingOfElements.java=slice2;core/src/main/java/com/shatteredpixel/shatteredpixeldungeon/items/rings/RingOfEnergy.java=slice2;core/src/main/java/com/shatteredpixel/shatteredpixeldungeon/items/rings/RingOfEvasion.java=slice2;core/src/main/java/com/shatteredpixel/shatteredpixeldungeon/items/rings/RingOfForce.java=slice2;core/src/main/java/com/shatteredpixel/shatteredpixeldungeon/items/rings/RingOfFuror.java=slice2;core/src/main/java/com/shatteredpixel/shatteredpixeldungeon/items/rings/RingOfHaste.java=slice2;core/src/main/java/com/shatteredpixel/shatteredpixeldungeon/items/rings/RingOfMight.java=slice2;core/src/main/java/com/shatteredpixel/shatteredpixeldungeon/items/rings/RingOfSharpshooting.java=slice2;core/src/main/java/com/shatteredpixel/shatteredpixeldungeon/items/rings/RingOfTenacity.java=slice2;core/src/main/java/com/shatteredpixel/shatteredpixeldungeon/items/rings/RingOfWealth.java=slice2	Every functional hunk supports deferred Slice 2 feature work: added wndUpgrade info for rings.
be3de2d883d043596bb274ac7796e30bca891583	frontier-required	override	slice2	frontier-mixed	core/src/main/assets/messages/items/items.properties=slice2;core/src/main/assets/messages/windows/windows.properties=slice2;core/src/main/java/com/shatteredpixel/shatteredpixeldungeon/items/wands/DamageWand.java=slice2;core/src/main/java/com/shatteredpixel/shatteredpixeldungeon/items/wands/Wand.java=slice2;core/src/main/java/com/shatteredpixel/shatteredpixeldungeon/items/wands/WandOfBlastWave.java=slice2;core/src/main/java/com/shatteredpixel/shatteredpixeldungeon/items/wands/WandOfCorrosion.java=slice2;core/src/main/java/com/shatteredpixel/shatteredpixeldungeon/items/wands/WandOfCorruption.java=slice2;core/src/main/java/com/shatteredpixel/shatteredpixeldungeon/items/wands/WandOfDisintegration.java=slice2;core/src/main/java/com/shatteredpixel/shatteredpixeldungeon/items/wands/WandOfFireblast.java=slice2;core/src/main/java/com/shatteredpixel/shatteredpixeldungeon/items/wands/WandOfFrost.java=slice2;core/src/main/java/com/shatteredpixel/shatteredpixeldungeon/items/wands/WandOfLivingEarth.java=slice2;core/src/main/java/com/shatteredpixel/shatteredpixeldungeon/items/wands/WandOfPrismaticLight.java=slice2;core/src/main/java/com/shatteredpixel/shatteredpixeldungeon/items/wands/WandOfRegrowth.java=slice2;core/src/main/java/com/shatteredpixel/shatteredpixeldungeon/items/wands/WandOfTransfusion.java=slice2;core/src/main/java/com/shatteredpixel/shatteredpixeldungeon/items/wands/WandOfWarding.java=slice2	Every functional hunk supports deferred Slice 2 feature work: added wndUpgrade info for wands.
40e7a4093fce70d72587f903be21237da2d02f8c	frontier-required	override	slice2	frontier-mixed	core/src/main/assets/messages/items/items.properties=slice2;core/src/main/assets/messages/windows/windows.properties=slice2;core/src/main/java/com/shatteredpixel/shatteredpixeldungeon/items/armor/Armor.java=slice2;core/src/main/java/com/shatteredpixel/shatteredpixeldungeon/items/scrolls/InventoryScroll.java=slice2;core/src/main/java/com/shatteredpixel/shatteredpixeldungeon/items/scrolls/Scroll.java=slice2;core/src/main/java/com/shatteredpixel/shatteredpixeldungeon/items/scrolls/ScrollOfUpgrade.java=slice2;core/src/main/java/com/shatteredpixel/shatteredpixeldungeon/items/spells/InventorySpell.java=slice2;core/src/main/java/com/shatteredpixel/shatteredpixeldungeon/items/spells/MagicalInfusion.java=slice2;core/src/main/java/com/shatteredpixel/shatteredpixeldungeon/items/wands/Wand.java=slice2;core/src/main/java/com/shatteredpixel/shatteredpixeldungeon/items/wands/WandOfMagicMissile.java=slice2;core/src/main/java/com/shatteredpixel/shatteredpixeldungeon/items/weapon/melee/Greataxe.java=slice2;core/src/main/java/com/shatteredpixel/shatteredpixeldungeon/items/weapon/melee/Greatshield.java=slice2;core/src/main/java/com/shatteredpixel/shatteredpixeldungeon/items/weapon/melee/MeleeWeapon.java=slice2;core/src/main/java/com/shatteredpixel/shatteredpixeldungeon/items/weapon/melee/RoundShield.java=slice2;core/src/main/java/com/shatteredpixel/shatteredpixeldungeon/items/weapon/Weapon.java=slice2	Every functional hunk supports deferred Slice 2 feature work: added a new window for confirming upgrades (some stats missing).
d69530831d5058b165da0029689180f1d9c6b724	frontier-required	override	slice1	frontier-mixed	core/src/main/assets/messages/journal/journal.properties=slice1;core/src/main/java/com/shatteredpixel/shatteredpixeldungeon/items/trinkets/DimensionalSundial.java=slice1;core/src/main/java/com/shatteredpixel/shatteredpixeldungeon/items/trinkets/ExoticCrystals.java=slice1;core/src/main/java/com/shatteredpixel/shatteredpixeldungeon/items/trinkets/EyeOfNewt.java=slice1;core/src/main/java/com/shatteredpixel/shatteredpixeldungeon/items/trinkets/MimicTooth.java=slice1;core/src/main/java/com/shatteredpixel/shatteredpixeldungeon/items/trinkets/MossyClump.java=slice1;core/src/main/java/com/shatteredpixel/shatteredpixeldungeon/items/trinkets/ParchmentScrap.java=slice1;core/src/main/java/com/shatteredpixel/shatteredpixeldungeon/items/trinkets/PetrifiedSeed.java=slice1;core/src/main/java/com/shatteredpixel/shatteredpixeldungeon/items/trinkets/RatSkull.java=slice1;core/src/main/java/com/shatteredpixel/shatteredpixeldungeon/items/trinkets/ThirteenLeafClover.java=slice1;core/src/main/java/com/shatteredpixel/shatteredpixeldungeon/items/trinkets/TrapMechanism.java=slice1;core/src/main/java/com/shatteredpixel/shatteredpixeldungeon/items/trinkets/Trinket.java=slice1;core/src/main/java/com/shatteredpixel/shatteredpixeldungeon/items/trinkets/TrinketCatalyst.java=slice1;core/src/main/java/com/shatteredpixel/shatteredpixeldungeon/items/trinkets/WondrousResin.java=slice1	Description refactoring covers existing v2.4 trinkets and matching guide text, so all hunks remain in Slice 1.
f6299e07c8e40134b2960dc546d1e5f94fb98923	frontier-required	override	slice2	frontier-mixed	core/src/main/assets/messages/windows/windows.properties=slice2;core/src/main/java/com/shatteredpixel/shatteredpixeldungeon/actors/buffs/AllyBuff.java=slice2;core/src/main/java/com/shatteredpixel/shatteredpixeldungeon/actors/hero/Hero.java=slice2;core/src/main/java/com/shatteredpixel/shatteredpixeldungeon/actors/mobs/Mob.java=slice2;core/src/main/java/com/shatteredpixel/shatteredpixeldungeon/items/ArcaneResin.java=slice2;core/src/main/java/com/shatteredpixel/shatteredpixeldungeon/items/artifacts/AlchemistsToolkit.java=slice2;core/src/main/java/com/shatteredpixel/shatteredpixeldungeon/items/artifacts/CapeOfThorns.java=slice2;core/src/main/java/com/shatteredpixel/shatteredpixeldungeon/items/artifacts/ChaliceOfBlood.java=slice2;core/src/main/java/com/shatteredpixel/shatteredpixeldungeon/items/artifacts/CloakOfShadows.java=slice2;core/src/main/java/com/shatteredpixel/shatteredpixeldungeon/items/artifacts/DriedRose.java=slice2;core/src/main/java/com/shatteredpixel/shatteredpixeldungeon/items/artifacts/EtherealChains.java=slice2;core/src/main/java/com/shatteredpixel/shatteredpixeldungeon/items/artifacts/HornOfPlenty.java=slice2;core/src/main/java/com/shatteredpixel/shatteredpixeldungeon/items/artifacts/MasterThievesArmband.java=slice2;core/src/main/java/com/shatteredpixel/shatteredpixeldungeon/items/artifacts/TalismanOfForesight.java=slice2;core/src/main/java/com/shatteredpixel/shatteredpixeldungeon/items/artifacts/TimekeepersHourglass.java=slice2;core/src/main/java/com/shatteredpixel/shatteredpixeldungeon/items/artifacts/UnstableSpellbook.java=slice2;core/src/main/java/com/shatteredpixel/shatteredpixeldungeon/items/bombs/Bomb.java=slice2;core/src/main/java/com/shatteredpixel/shatteredpixeldungeon/items/Dewdrop.java=slice2;core/src/main/java/com/shatteredpixel/shatteredpixeldungeon/items/food/Blandfruit.java=slice2;core/src/main/java/com/shatteredpixel/shatteredpixeldungeon/items/food/Food.java=slice2;core/src/main/java/com/shatteredpixel/shatteredpixeldungeon/items/Honeypot.java=slice2;core/src/main/java/com/shatteredpixel/shatteredpixeldungeon/items/KingsCrown.java=slice2;core/src/main/java/com/shatteredpixel/shatteredpixeldungeon/items/LiquidMetal.java=slice2;core/src/main/java/com/shatteredpixel/shatteredpixeldungeon/items/potions/brews/CausticBrew.java=slice2;core/src/main/java/com/shatteredpixel/shatteredpixeldungeon/items/potions/elixirs/ElixirOfAquaticRejuvenation.java=slice2;core/src/main/java/com/shatteredpixel/shatteredpixeldungeon/items/potions/elixirs/ElixirOfArcaneArmor.java=slice2;core/src/main/java/com/shatteredpixel/shatteredpixeldungeon/items/potions/exotic/PotionOfDivineInspiration.java=slice2;core/src/main/java/com/shatteredpixel/shatteredpixeldungeon/items/potions/exotic/PotionOfDragonsBreath.java=slice2;core/src/main/java/com/shatteredpixel/shatteredpixeldungeon/items/potions/exotic/PotionOfMastery.java=slice2;core/src/main/java/com/shatteredpixel/shatteredpixeldungeon/items/potions/Potion.java=slice2;core/src/main/java/com/shatteredpixel/shatteredpixeldungeon/items/Recipe.java=slice2;core/src/main/java/com/shatteredpixel/shatteredpixeldungeon/items/remains/RemainsItem.java=slice2;core/src/main/java/com/shatteredpixel/shatteredpixeldungeon/items/scrolls/Scroll.java=slice2;core/src/main/java/com/shatteredpixel/shatteredpixeldungeon/items/scrolls/ScrollOfUpgrade.java=slice2;core/src/main/java/com/shatteredpixel/shatteredpixeldungeon/items/spells/Alchemize.java=slice2;core/src/main/java/com/shatteredpixel/shatteredpixeldungeon/items/spells/BeaconOfReturning.java=slice2;core/src/main/java/com/shatteredpixel/shatteredpixeldungeon/items/spells/CurseInfusion.java=slice2;core/src/main/java/com/shatteredpixel/shatteredpixeldungeon/items/spells/InventorySpell.java=slice2;core/src/main/java/com/shatteredpixel/shatteredpixeldungeon/items/spells/MagicalInfusion.java=slice2;core/src/main/java/com/shatteredpixel/shatteredpixeldungeon/items/spells/ReclaimTrap.java=slice2;core/src/main/java/com/shatteredpixel/shatteredpixeldungeon/items/spells/SummonElemental.java=slice2;core/src/main/java/com/shatteredpixel/shatteredpixeldungeon/items/spells/TargetedSpell.java=slice2;core/src/main/java/com/shatteredpixel/shatteredpixeldungeon/items/spells/UnstableSpell.java=slice2;core/src/main/java/com/shatteredpixel/shatteredpixeldungeon/items/spells/WildEnergy.java=slice2;core/src/main/java/com/shatteredpixel/shatteredpixeldungeon/items/stones/Runestone.java=slice2;core/src/main/java/com/shatteredpixel/shatteredpixeldungeon/items/stones/StoneOfAugmentation.java=slice2;core/src/main/java/com/shatteredpixel/shatteredpixeldungeon/items/stones/StoneOfEnchantment.java=slice2;core/src/main/java/com/shatteredpixel/shatteredpixeldungeon/items/stones/StoneOfIntuition.java=slice2;core/src/main/java/com/shatteredpixel/shatteredpixeldungeon/items/Stylus.java=slice2;core/src/main/java/com/shatteredpixel/shatteredpixeldungeon/items/TengusMask.java=slice2;core/src/main/java/com/shatteredpixel/shatteredpixeldungeon/items/Torch.java=slice2;core/src/main/java/com/shatteredpixel/shatteredpixeldungeon/items/wands/WandOfWarding.java=slice2;core/src/main/java/com/shatteredpixel/shatteredpixeldungeon/items/Waterskin.java=slice2;core/src/main/java/com/shatteredpixel/shatteredpixeldungeon/items/weapon/missiles/darts/TippedDart.java=slice2;core/src/main/java/com/shatteredpixel/shatteredpixeldungeon/levels/traps/DistortionTrap.java=slice2;core/src/main/java/com/shatteredpixel/shatteredpixeldungeon/levels/traps/FlockTrap.java=slice2;core/src/main/java/com/shatteredpixel/shatteredpixeldungeon/levels/traps/SummoningTrap.java=slice2;core/src/main/java/com/shatteredpixel/shatteredpixeldungeon/levels/traps/Trap.java=slice2;core/src/main/java/com/shatteredpixel/shatteredpixeldungeon/plants/Plant.java=slice2;core/src/main/java/com/shatteredpixel/shatteredpixeldungeon/scenes/AlchemyScene.java=slice2;core/src/main/java/com/shatteredpixel/shatteredpixeldungeon/windows/WndBlacksmith.java=slice2;core/src/main/java/com/shatteredpixel/shatteredpixeldungeon/windows/WndJournal.java=slice2;core/src/main/java/com/shatteredpixel/shatteredpixeldungeon/windows/WndResurrect.java=slice2;core/src/main/java/com/shatteredpixel/shatteredpixeldungeon/windows/WndTradeItem.java=slice2	Every functional hunk supports deferred Slice 2 feature work: added more info tracking to catalogs, and code improvements.
b003d1129d41d897b499ca8bc2c0e4465f0b1380	frontier-required	override	mixed	frontier-mixed	core/src/main/assets/interfaces/badges.png=slice2;core/src/main/assets/messages/misc/misc.properties=slice2;core/src/main/java/com/shatteredpixel/shatteredpixeldungeon/Badges.java=slice2;core/src/main/java/com/shatteredpixel/shatteredpixeldungeon/ShatteredPixelDungeon.java=slice2;core/src/main/java/com/shatteredpixel/shatteredpixeldungeon/windows/WndJournal.java=slice2	Functional hunks support the deferred Journal or catalog UI, while upstream changelist or welcome documentation remains excluded.
cba48b81c1e89b1cf200d4ed672076ef5df95f98	frontier-required	approved	slice2	slice2-feature	-	Reviewed as deferred Slice 2 feature work: journal catalog tabs now remember their scroll positions.
52aa38780f817b6516b541d31ebef25e6a30c5f7	frontier-required	override	slice2	frontier-mixed	core/src/main/assets/messages/actors/actors.properties=slice2;core/src/main/assets/messages/items/items.properties=slice2;core/src/main/assets/messages/levels/levels.properties=slice2;core/src/main/assets/messages/windows/windows.properties=slice2;core/src/main/assets/sprites/items.png=slice2;core/src/main/java/com/shatteredpixel/shatteredpixeldungeon/actors/hero/abilities/huntress/SpiritHawk.java=slice2;core/src/main/java/com/shatteredpixel/shatteredpixeldungeon/actors/hero/abilities/rogue/ShadowClone.java=slice2;core/src/main/java/com/shatteredpixel/shatteredpixeldungeon/actors/mobs/ArmoredStatue.java=slice2;core/src/main/java/com/shatteredpixel/shatteredpixeldungeon/actors/mobs/Mob.java=slice2;core/src/main/java/com/shatteredpixel/shatteredpixeldungeon/actors/mobs/npcs/MirrorImage.java=slice2;core/src/main/java/com/shatteredpixel/shatteredpixeldungeon/actors/mobs/npcs/PrismaticImage.java=slice2;core/src/main/java/com/shatteredpixel/shatteredpixeldungeon/actors/mobs/Statue.java=slice2;core/src/main/java/com/shatteredpixel/shatteredpixeldungeon/items/wands/WandOfLivingEarth.java=slice2;core/src/main/java/com/shatteredpixel/shatteredpixeldungeon/items/wands/WandOfRegrowth.java=slice2;core/src/main/java/com/shatteredpixel/shatteredpixeldungeon/items/wands/WandOfWarding.java=slice2;core/src/main/java/com/shatteredpixel/shatteredpixeldungeon/sprites/ItemSpriteSheet.java=slice2;core/src/main/java/com/shatteredpixel/shatteredpixeldungeon/sprites/PrismaticSprite.java=slice2;core/src/main/java/com/shatteredpixel/shatteredpixeldungeon/tiles/TerrainFeaturesTilemap.java=slice2;core/src/main/java/com/shatteredpixel/shatteredpixeldungeon/ui/ScrollingGridPane.java=slice2;core/src/main/java/com/shatteredpixel/shatteredpixeldungeon/windows/WndJournal.java=slice2;core/src/main/java/com/shatteredpixel/shatteredpixeldungeon/windows/WndJournalItem.java=slice2	Every functional hunk supports deferred Slice 2 feature work: expanded catalogs to include bestiary and lore sections.
018039a53c8ab463f01af03115d099302c5392f3	frontier-required	override	slice2	frontier-mixed	core/src/main/java/com/shatteredpixel/shatteredpixeldungeon/actors/buffs/AllyBuff.java=slice2;core/src/main/java/com/shatteredpixel/shatteredpixeldungeon/items/spells/ReclaimTrap.java=slice2;core/src/main/java/com/shatteredpixel/shatteredpixeldungeon/levels/traps/DistortionTrap.java=slice2;core/src/main/java/com/shatteredpixel/shatteredpixeldungeon/levels/traps/FlockTrap.java=slice2;core/src/main/java/com/shatteredpixel/shatteredpixeldungeon/levels/traps/SummoningTrap.java=slice2;core/src/main/java/com/shatteredpixel/shatteredpixeldungeon/levels/traps/Trap.java=slice2;core/src/main/java/com/shatteredpixel/shatteredpixeldungeon/plants/Plant.java=slice2	Every functional hunk supports deferred Slice 2 feature work: expanded the bestiary to include plants and traps.
2f3ace353e4612667d7f9b104938ff97d8a190a8	frontier-required	override	slice2	frontier-mixed	core/src/main/java/com/shatteredpixel/shatteredpixeldungeon/actors/buffs/AllyBuff.java=slice2;core/src/main/java/com/shatteredpixel/shatteredpixeldungeon/actors/mobs/Mob.java=slice2;core/src/main/java/com/shatteredpixel/shatteredpixeldungeon/actors/mobs/npcs/NPC.java=slice2;core/src/main/java/com/shatteredpixel/shatteredpixeldungeon/actors/mobs/npcs/Sheep.java=slice2;core/src/main/java/com/shatteredpixel/shatteredpixeldungeon/levels/rooms/special/SentryRoom.java=slice2	Every functional hunk supports deferred Slice 2 feature work: added a bestiary to the journal, which tracks mob&npc encounters.
16977c4181e223ebc3cac10ace9f38d052cff32d	frontier-required	override	slice2	frontier-mixed	core/src/main/java/com/shatteredpixel/shatteredpixeldungeon/actors/mobs/MobSpawner.java=slice2;core/src/main/java/com/shatteredpixel/shatteredpixeldungeon/levels/Level.java=slice2;core/src/main/java/com/shatteredpixel/shatteredpixeldungeon/levels/traps/DistortionTrap.java=slice2;core/src/main/java/com/shatteredpixel/shatteredpixeldungeon/ShatteredPixelDungeon.java=slice2	Every functional hunk supports deferred Slice 2 feature work: merged spawning logic into one class (freeing up bestiary).
a3f2ab7a896da8b9688e5b140732cfef815fafe1	frontier-required	override	slice2	frontier-mixed	core/src/main/assets/messages/windows/windows.properties=slice2;core/src/main/java/com/shatteredpixel/shatteredpixeldungeon/actors/hero/HeroClass.java=slice2;core/src/main/java/com/shatteredpixel/shatteredpixeldungeon/items/armor/Armor.java=slice2;core/src/main/java/com/shatteredpixel/shatteredpixeldungeon/items/artifacts/DriedRose.java=slice2;core/src/main/java/com/shatteredpixel/shatteredpixeldungeon/items/artifacts/TimekeepersHourglass.java=slice2;core/src/main/java/com/shatteredpixel/shatteredpixeldungeon/items/Dewdrop.java=slice2;core/src/main/java/com/shatteredpixel/shatteredpixeldungeon/items/EnergyCrystal.java=slice2;core/src/main/java/com/shatteredpixel/shatteredpixeldungeon/items/Gold.java=slice2;core/src/main/java/com/shatteredpixel/shatteredpixeldungeon/items/Item.java=slice2;core/src/main/java/com/shatteredpixel/shatteredpixeldungeon/items/keys/Key.java=slice2;core/src/main/java/com/shatteredpixel/shatteredpixeldungeon/items/weapon/Weapon.java=slice2;core/src/main/java/com/shatteredpixel/shatteredpixeldungeon/sprites/ItemSprite.java=slice2;core/src/main/java/com/shatteredpixel/shatteredpixeldungeon/ui/ScrollingGridPane.java=slice2;core/src/main/java/com/shatteredpixel/shatteredpixeldungeon/windows/WndJournal.java=slice2	Every functional hunk supports deferred Slice 2 feature work: more thoroughly filled out equipment and consumable catalog tabs.
6a313b1355ea72c0bf5d64db444f6f6d23c93710	frontier-required	override	slice2	frontier-mixed	core/src/main/java/com/shatteredpixel/shatteredpixeldungeon/items/Generator.java=slice2;core/src/main/java/com/shatteredpixel/shatteredpixeldungeon/items/potions/exotic/ExoticPotion.java=slice2;core/src/main/java/com/shatteredpixel/shatteredpixeldungeon/items/scrolls/exotic/ExoticScroll.java=slice2;core/src/main/java/com/shatteredpixel/shatteredpixeldungeon/items/weapon/missiles/darts/TippedDart.java=slice2;core/src/main/java/com/shatteredpixel/shatteredpixeldungeon/windows/WndJournal.java=slice2	Every functional hunk supports deferred Slice 2 feature work: big expansion and some code improvements to catalogs.
39209884f33761e20e372c053cd96617ab23a767	frontier-required	override	slice2	frontier-mixed	core/src/main/assets/messages/windows/windows.properties=slice2;core/src/main/java/com/shatteredpixel/shatteredpixeldungeon/Badges.java=slice2;core/src/main/java/com/shatteredpixel/shatteredpixeldungeon/ui/ScrollingGridPane.java=slice2;core/src/main/java/com/shatteredpixel/shatteredpixeldungeon/windows/WndJournal.java=slice2	Every functional hunk supports deferred Slice 2 feature work: completely overhauled catalog UI, now uses a grid!.
d7d2809776147d4a1f09095c830d971d8ac7cf8b	frontier-required	override	mixed	frontier-mixed	core/src/main/assets/messages/actors/actors_uk.properties@@actors.mobs.ebonymimic=slice2;core/src/main/assets/messages/items/items_de.properties@@items.trinkets=slice2;core/src/main/assets/messages/items/items_it.properties@@items.trinkets=slice2;core/src/main/assets/messages/items/items_pl.properties@@items.trinkets=slice2;core/src/main/assets/messages/items/items_pt.properties@@items.trinkets=slice2;core/src/main/assets/messages/items/items_ru.properties@@items.trinkets=slice2;core/src/main/assets/messages/items/items_tr.properties@@items.trinkets=slice2;core/src/main/assets/messages/items/items_uk.properties@@items.trinkets=slice2;core/src/main/assets/messages/items/items_vi.properties@@items.trinkets=slice2;core/src/main/assets/messages/items/items_zh.properties@@items.trinkets=slice2	Release rollup mixes Slice 1 version and translation work with deferred trinket or journal localization hunks; anchored feature keys stay in Slice 2: v2.4.2: updated translations, changelog, and version for v2.4.2 release!
753b340f064e5de5c3c8830ba3ba434a42e64cf1	frontier-required	approved	slice1	hotspot-char	-	Immutable diff is Slice 1 engine, crash-fix, platform-neutral framework, or tuning work with no deferred feature hunk: v2.4.2: balance changes: - buffed provoked anger to 2|3 damage from 1-2|2 dmg - accelerated Duelist max charge gain. caps at lvl 19 from 25 - spin ability dmg boost up to 8+lvl from 6+lvl - runic slash ability base enchant boost up to 300% from 200% - harvest ability bleed up by ~30%, now damages bleed-immune enemies
4e8118cde20da717c42cfa65ace8b9cd59032236	frontier-required	approved	slice1	hotspot-actor	-	Immutable diff is Slice 1 engine, crash-fix, platform-neutral framework, or tuning work with no deferred feature hunk: v2.4.2: fixed blob turn cancel on add not working on UI functions
11dd2e9cd058065607608f4ce353922dd7890fe6	frontier-required	override	mixed	frontier-mixed	core/src/main/assets/messages/items/items_de.properties@@items.trinkets=slice2;core/src/main/assets/messages/items/items_el.properties@@items.trinkets=slice2;core/src/main/assets/messages/items/items_fr.properties@@items.trinkets=slice2;core/src/main/assets/messages/items/items_in.properties@@items.trinkets=slice2;core/src/main/assets/messages/items/items_it.properties@@items.trinkets=slice2;core/src/main/assets/messages/items/items_ja.properties@@items.trinkets=slice2;core/src/main/assets/messages/items/items_nl.properties@@items.trinkets=slice2;core/src/main/assets/messages/items/items_pl.properties@@items.trinkets=slice2;core/src/main/assets/messages/items/items_ru.properties@@items.trinkets=slice2;core/src/main/assets/messages/items/items_tr.properties@@items.trinkets=slice2;core/src/main/assets/messages/items/items_vi.properties@@items.trinkets=slice2;core/src/main/assets/messages/items/items_zh.properties@@items.trinkets=slice2;core/src/main/assets/messages/scenes/scenes_zh.properties@@scenes.gamescene.tutorial_guidebook=slice2	Release rollup mixes Slice 1 version and translation work with deferred trinket or journal localization hunks; anchored feature keys stay in Slice 2: v2.4.1: updated translations, version, and changelog for v2.4.1 release
5e336aba9e00773fca8a3e29119f1bc77d9a106a	frontier-required	override	slice2	slice2-feature	core/src/main/assets/messages/items/items.properties=slice2	Every gameplay and asset hunk implements the deferred v2.4 trinket or cursed-wand feature; heuristic Slice 1 paths move to Slice 2: v2.4.1: 13 clover, sundial, and trap mechanism upgrade costs down
25a48bd349d987b83748a3bd7a98769212f3f627	sample	approved	slice2	slice2-feature	-	Deterministic slice2-feature sample; immutable diff confirms v2.4.1: increased mossy clump upgrade cost
56e1410fbc58e06d217549fad7149d82451313cb	frontier-required	approved	slice1	hotspot-char	-	Immutable diff is Slice 1 engine, crash-fix, platform-neutral framework, or tuning work with no deferred feature hunk: v2.4.1: adjusted damage multiplier order, mainly fixing harvest bug
d99b3c75d03b4ebb905edb5979a3afeaa90d0e3d	frontier-required	approved	excluded	excluded-upstream-docs	-	Immutable diff is iOS-only or upstream-only documentation and is excluded: v2.4.1: added dev commentary for v1.3.0
9ab60b356af951a00483a6b43ef15ad53ae489fd	frontier-required	approved	slice1	hotspot-hero	-	Immutable diff is Slice 1 engine, crash-fix, platform-neutral framework, or tuning work with no deferred feature hunk: v2.4.1: mind visioned enemies can now be auto-targeted, but no auto-aim
1f6b82b6228f5aaf63f73419284b3501862388d0	frontier-required	override	mixed	frontier-mixed	core/src/main/assets/messages/items/items_zh.properties@@items.trinkets=slice2	Release rollup mixes Slice 1 version and translation work with deferred trinket or journal localization hunks; anchored feature keys stay in Slice 2: v2.4.0: updated translations, changelog, and version for v2.4.0 release!
f06e61996fdd66f94c1d7cf4c275c62b895e6570	frontier-required	override	mixed	frontier-mixed	core/src/main/assets/messages/items/items_zh.properties@@items.trinkets=slice2	Release rollup mixes Slice 1 version and translation work with deferred trinket or journal localization hunks; anchored feature keys stay in Slice 2: v2.4.0: updated translations, changelog, and version for RC-2
29cca96a471d1794ebe9c8471882fec080cbe4e7	frontier-required	approved	slice2	slice2-feature	-	Immutable diff implements a deferred named feature and stays in Slice 2: v2.4.0: fixed trinket catalyst spawning after sewers on existing runs
91d392e0638dda0dba9d26b44ed4855285d0f620	frontier-required	override	mixed	frontier-mixed	core/src/main/assets/messages/actors/actors_vi.properties@@actors.mobs.ebonymimic=slice2;core/src/main/assets/messages/items/items_cs.properties@@items.trinkets=slice2;core/src/main/assets/messages/items/items_el.properties@@items.trinkets=slice2;core/src/main/assets/messages/items/items_es.properties@@items.trinkets=slice2;core/src/main/assets/messages/items/items_hu.properties@@items.trinkets=slice2;core/src/main/assets/messages/items/items_in.properties@@items.trinkets=slice2;core/src/main/assets/messages/items/items_ja.properties@@items.trinkets=slice2;core/src/main/assets/messages/items/items_ko.properties@@items.trinkets=slice2;core/src/main/assets/messages/items/items_pt.properties@@items.trinkets=slice2;core/src/main/assets/messages/items/items_ru.properties@@items.trinkets=slice2;core/src/main/assets/messages/items/items_zh.properties@@items.trinkets=slice2	Release rollup mixes Slice 1 version and translation work with deferred trinket or journal localization hunks; anchored feature keys stay in Slice 2: v2.4.0: updated version, changelog, and translations for RC-1
523a37df5afacc1cc565b7aa64eee4138a605477	sample	approved	slice2	slice2-feature	-	Deterministic slice2-feature sample; immutable diff confirms v2.4.0: cursed cursed wand sheep effect not dropping them to chasms
ddc40523d2611763dd9fa59111755be2c40bde4a	frontier-required	approved	slice1	platform-review	-	Immutable diff is Slice 1 engine, crash-fix, platform-neutral framework, or tuning work with no deferred feature hunk: v2.4.0: adjusted desktop error message due to window creation errors
4a9a48d23f847fd39d63a968acd9820bd3da62cc	sample	approved	slice2	slice2-feature	-	Deterministic slice2-feature sample; immutable diff confirms v2.4.0: fixed mossy clump upgrade cost not actually being increased =S
83467489ba2bb5a3be53469e3d376bf02337e3ae	frontier-required	override	slice2	slice2-feature	core/src/main/java/com/shatteredpixel/shatteredpixeldungeon/items/scrolls/exotic/ScrollOfMetamorphosis.java=slice2	Every gameplay and asset hunk implements the deferred v2.4 trinket or cursed-wand feature; heuristic Slice 1 paths move to Slice 2: v2.4.0: fixed some bugs in wondrous resin cursed wand effects
c718e49360b7c0b84f20868648d98363ab995a92	frontier-required	override	mixed	frontier-mixed	core/src/main/assets/messages/actors/actors_be.properties@@actors.mobs.ebonymimic=slice2;core/src/main/assets/messages/actors/actors_cs.properties@@actors.mobs.ebonymimic=slice2;core/src/main/assets/messages/actors/actors_de.properties@@actors.mobs.ebonymimic=slice2;core/src/main/assets/messages/actors/actors_el.properties@@actors.mobs.ebonymimic=slice2;core/src/main/assets/messages/actors/actors_es.properties@@actors.mobs.ebonymimic=slice2;core/src/main/assets/messages/actors/actors_fr.properties@@actors.mobs.ebonymimic=slice2;core/src/main/assets/messages/actors/actors_hu.properties@@actors.mobs.ebonymimic=slice2;core/src/main/assets/messages/actors/actors_in.properties@@actors.mobs.ebonymimic=slice2;core/src/main/assets/messages/actors/actors_it.properties@@actors.mobs.ebonymimic=slice2;core/src/main/assets/messages/actors/actors_ja.properties@@actors.mobs.ebonymimic=slice2;core/src/main/assets/messages/actors/actors_ko.properties@@actors.mobs.ebonymimic=slice2;core/src/main/assets/messages/actors/actors_nl.properties@@actors.mobs.ebonymimic=slice2;core/src/main/assets/messages/actors/actors_pl.properties@@actors.mobs.ebonymimic=slice2;core/src/main/assets/messages/actors/actors_pt.properties@@actors.mobs.ebonymimic=slice2;core/src/main/assets/messages/actors/actors_ru.properties@@actors.mobs.ebonymimic=slice2;core/src/main/assets/messages/actors/actors_tr.properties@@actors.mobs.ebonymimic=slice2;core/src/main/assets/messages/actors/actors_zh.properties@@actors.mobs.ebonymimic=slice2;core/src/main/assets/messages/items/items_cs.properties@@items.trinkets=slice2;core/src/main/assets/messages/items/items_el.properties@@items.trinkets=slice2;core/src/main/assets/messages/items/items_es.properties@@items.trinkets=slice2;core/src/main/assets/messages/items/items_fr.properties@@items.trinkets=slice2;core/src/main/assets/messages/items/items_hu.properties@@items.trinkets=slice2;core/src/main/assets/messages/items/items_in.properties@@items.trinkets=slice2;core/src/main/assets/messages/items/items_it.properties@@items.trinkets=slice2;core/src/main/assets/messages/items/items_ja.properties@@items.trinkets=slice2;core/src/main/assets/messages/items/items_ko.properties@@items.trinkets=slice2;core/src/main/assets/messages/items/items_nl.properties@@items.trinkets=slice2;core/src/main/assets/messages/items/items_pl.properties@@items.trinkets=slice2;core/src/main/assets/messages/items/items_pt.properties@@items.trinkets=slice2;core/src/main/assets/messages/items/items_ru.properties@@items.trinkets=slice2;core/src/main/assets/messages/items/items_zh.properties@@items.trinkets=slice2	Release rollup mixes Slice 1 version and translation work with deferred trinket or journal localization hunks; anchored feature keys stay in Slice 2: v2.4.0: updated version, changelog, and translations for BETA-3
e0c6daa43b158457915256a9e95cb3b3bed0ffa4	frontier-required	override	slice2	slice2-feature	core/src/main/assets/messages/items/items.properties=slice2;core/src/main/java/com/shatteredpixel/shatteredpixeldungeon/items/scrolls/exotic/ScrollOfMetamorphosis.java=slice2	Every gameplay and asset hunk implements the deferred v2.4 trinket or cursed-wand feature; heuristic Slice 1 paths move to Slice 2: v2.4.0: added some positive variant cursed wand fx for wondrous resin
fae26b61ae0af8d5d65a757795b9d4e58c4e9e55	frontier-required	override	slice2	slice2-feature	core/src/main/assets/messages/items/items.properties=slice2	Every gameplay and asset hunk implements the deferred v2.4 trinket or cursed-wand feature; heuristic Slice 1 paths move to Slice 2: v2.4.0: trinket balance adjustments: - upgrade cost for clover and sundial down - upgrade cost for mossy clump up - reduced bonus drops from petrified seed to 8.33%/lvl from 13.33%/lvl
9311cc298f60c8bedc08cb09a619405e7db0fd14	frontier-required	override	slice2	slice2-feature	core/src/main/assets/messages/items/items.properties=slice2;core/src/main/assets/sprites/items.png=slice2;core/src/main/java/com/shatteredpixel/shatteredpixeldungeon/Dungeon.java=slice2;core/src/main/java/com/shatteredpixel/shatteredpixeldungeon/items/Generator.java=slice2;core/src/main/java/com/shatteredpixel/shatteredpixeldungeon/levels/Level.java=slice2;core/src/main/java/com/shatteredpixel/shatteredpixeldungeon/sprites/ItemSpriteSheet.java=slice2	Every gameplay and asset hunk implements the deferred v2.4 trinket or cursed-wand feature; heuristic Slice 1 paths move to Slice 2: v2.4.0: implemented the eye of newt trinket
f278a609290ff5f71d0061b2bfa2ab1552f65db6	frontier-required	override	slice2	slice2-feature	core/src/main/assets/messages/items/items.properties=slice2;core/src/main/assets/sprites/items.png=slice2;core/src/main/java/com/shatteredpixel/shatteredpixeldungeon/items/Generator.java=slice2;core/src/main/java/com/shatteredpixel/shatteredpixeldungeon/items/wands/Wand.java=slice2;core/src/main/java/com/shatteredpixel/shatteredpixeldungeon/sprites/ItemSpriteSheet.java=slice2	Every gameplay and asset hunk implements the deferred v2.4 trinket or cursed-wand feature; heuristic Slice 1 paths move to Slice 2: v2.4.0: mostly implemented the wondrous resin trinket
ef2fec4c8c2d516542e6e57047445b3375b52888	frontier-required	override	slice2	slice2-feature	core/src/main/assets/messages/actors/actors.properties=slice2;core/src/main/assets/messages/items/items.properties=slice2;core/src/main/assets/sprites/items.png=slice2;core/src/main/java/com/shatteredpixel/shatteredpixeldungeon/actors/mobs/EbonyMimic.java=slice2;core/src/main/java/com/shatteredpixel/shatteredpixeldungeon/actors/mobs/Mimic.java=slice2;core/src/main/java/com/shatteredpixel/shatteredpixeldungeon/levels/RegularLevel.java=slice2;core/src/main/java/com/shatteredpixel/shatteredpixeldungeon/sprites/ItemSpriteSheet.java=slice2;core/src/main/java/com/shatteredpixel/shatteredpixeldungeon/sprites/MimicSprite.java=slice2	Every gameplay and asset hunk implements the deferred v2.4 trinket or cursed-wand feature; heuristic Slice 1 paths move to Slice 2: v2.4.0: finished impl of mimic tooth
d45cc9cae45807d3e1397eb6fac263256519aadc	frontier-required	approved	slice1	hotspot-level	-	Immutable diff is Slice 1 engine, crash-fix, platform-neutral framework, or tuning work with no deferred feature hunk: v2.4.0: fixed createMobs discarding mobs it can't immediately place
78f9e4fdb7aa68a40b131f39bdef297068ace501	frontier-required	approved	slice2	slice2-feature	-	Immutable diff implements a deferred named feature and stays in Slice 2: v2.4.0: adjusted item similarity, lets alchemy repeat work on trinkets
c67dc832715f8210ffd0ae52f829c7feffcc6ee5	frontier-required	override	slice2	slice2-feature	core/src/main/assets/messages/items/items.properties=slice2;core/src/main/assets/sprites/items.png=slice2;core/src/main/assets/sprites/mimic.png=slice2;core/src/main/java/com/shatteredpixel/shatteredpixeldungeon/actors/mobs/CrystalMimic.java=slice2;core/src/main/java/com/shatteredpixel/shatteredpixeldungeon/actors/mobs/GoldenMimic.java=slice2;core/src/main/java/com/shatteredpixel/shatteredpixeldungeon/actors/mobs/Mimic.java=slice2;core/src/main/java/com/shatteredpixel/shatteredpixeldungeon/Dungeon.java=slice2;core/src/main/java/com/shatteredpixel/shatteredpixeldungeon/items/Generator.java=slice2;core/src/main/java/com/shatteredpixel/shatteredpixeldungeon/levels/Level.java=slice2;core/src/main/java/com/shatteredpixel/shatteredpixeldungeon/levels/RegularLevel.java=slice2;core/src/main/java/com/shatteredpixel/shatteredpixeldungeon/levels/rooms/special/CrystalVaultRoom.java=slice2;core/src/main/java/com/shatteredpixel/shatteredpixeldungeon/levels/rooms/special/TreasuryRoom.java=slice2;core/src/main/java/com/shatteredpixel/shatteredpixeldungeon/levels/rooms/standard/SuspiciousChestRoom.java=slice2;core/src/main/java/com/shatteredpixel/shatteredpixeldungeon/scenes/GameScene.java=slice2;core/src/main/java/com/shatteredpixel/shatteredpixeldungeon/sprites/ItemSpriteSheet.java=slice2;core/src/main/java/com/shatteredpixel/shatteredpixeldungeon/sprites/MimicSprite.java=slice2	Every gameplay and asset hunk implements the deferred v2.4 trinket or cursed-wand feature; heuristic Slice 1 paths move to Slice 2: v2.4.0: implemented part of new mimic tooth trinket
cb18c1eee19caa3195ae609101e9fdc3ad9a25d9	frontier-required	approved	slice1	hotspot-level	-	Immutable diff is Slice 1 engine, crash-fix, platform-neutral framework, or tuning work with no deferred feature hunk: v2.4.0: made enemy spawn logic near entrances a bit more strict
6bdac172b16854cb0c9bac3a32396c8a89173dee	frontier-required	override	excluded	excluded-ios	build.gradle@@robovmVersion=excluded	The only immutable hunk bumps RoboVM 2.3.20 to 2.3.21, an iOS-only dependency update excluded from Slice 1.
605bdde4d3e4564606a6d5f1b749e41edc0d77d6	frontier-required	override	mixed	frontier-mixed	core/src/main/assets/messages/items/items_be.properties@@items.trinkets=slice2;core/src/main/assets/messages/items/items_cs.properties@@items.trinkets=slice2;core/src/main/assets/messages/items/items_de.properties@@items.trinkets=slice2;core/src/main/assets/messages/items/items_el.properties@@items.trinkets=slice2;core/src/main/assets/messages/items/items_es.properties@@items.trinkets=slice2;core/src/main/assets/messages/items/items_fr.properties@@items.trinkets=slice2;core/src/main/assets/messages/items/items_hu.properties@@items.trinkets=slice2;core/src/main/assets/messages/items/items_in.properties@@items.trinkets=slice2;core/src/main/assets/messages/items/items_it.properties@@items.trinkets=slice2;core/src/main/assets/messages/items/items_ja.properties@@items.trinkets=slice2;core/src/main/assets/messages/items/items_ko.properties@@items.trinkets=slice2;core/src/main/assets/messages/items/items_nl.properties@@items.trinkets=slice2;core/src/main/assets/messages/items/items_pl.properties@@items.trinkets=slice2;core/src/main/assets/messages/items/items_pt.properties@@items.trinkets=slice2;core/src/main/assets/messages/items/items_ru.properties@@items.trinkets=slice2;core/src/main/assets/messages/items/items_tr.properties@@items.trinkets=slice2;core/src/main/assets/messages/items/items_uk.properties@@items.trinkets=slice2;core/src/main/assets/messages/items/items_vi.properties@@items.trinkets=slice2;core/src/main/assets/messages/items/items_zh.properties@@items.trinkets=slice2	Release rollup mixes Slice 1 version and translation work with deferred trinket or journal localization hunks; anchored feature keys stay in Slice 2: v2.4.0: updated version, changelog, and translations for v2.4.0
1d6d8cfdbb7ba2c963938accb59df0cb32bf4f19	frontier-required	override	mixed	frontier-mixed	core/src/main/assets/messages/items/items.properties@@items.trinkets=slice2	Actor text correction is Slice 1; trinket text correction is Slice 2; upstream changelist is excluded.
712c7022232f7ef3fb33c3bc55a775209524cbf1	frontier-required	approved	mixed	frontier-mixed	-	Immutable diff preserves Slice 1 engine or tuning paths while existing path rows defer feature or documentation paths: v2.4.0: fixed a welcome message error and updated version again =S
7e6a4299fbc99aa4d66047ecbfd86bb3e361b36a	frontier-required	override	mixed	frontier-mixed	core/src/main/assets/messages/items/items_be.properties@@items.trinkets=slice2;core/src/main/assets/messages/items/items_cs.properties@@items.trinkets=slice2;core/src/main/assets/messages/items/items_de.properties@@items.trinkets=slice2;core/src/main/assets/messages/items/items_el.properties@@items.trinkets=slice2;core/src/main/assets/messages/items/items_es.properties@@items.trinkets=slice2;core/src/main/assets/messages/items/items_fr.properties@@items.trinkets=slice2;core/src/main/assets/messages/items/items_hu.properties@@items.trinkets=slice2;core/src/main/assets/messages/items/items_in.properties@@items.journal=slice2;core/src/main/assets/messages/items/items_in.properties@@items.trinkets=slice2;core/src/main/assets/messages/items/items_it.properties@@items.trinkets=slice2;core/src/main/assets/messages/items/items_ja.properties@@items.trinkets=slice2;core/src/main/assets/messages/items/items_ko.properties@@items.trinkets=slice2;core/src/main/assets/messages/items/items_nl.properties@@items.trinkets=slice2;core/src/main/assets/messages/items/items_pl.properties@@items.journal=slice2;core/src/main/assets/messages/items/items_pl.properties@@items.trinkets=slice2;core/src/main/assets/messages/items/items_pt.properties@@items.trinkets=slice2;core/src/main/assets/messages/items/items_ru.properties@@items.trinkets=slice2;core/src/main/assets/messages/items/items_tr.properties@@items.trinkets=slice2;core/src/main/assets/messages/items/items_uk.properties@@items.trinkets=slice2;core/src/main/assets/messages/items/items_vi.properties@@items.trinkets=slice2;core/src/main/assets/messages/items/items_zh.properties@@items.trinkets=slice2;core/src/main/assets/messages/scenes/scenes_be.properties@@scenes.welcomescene.update_msg=excluded;core/src/main/assets/messages/scenes/scenes_cs.properties@@scenes.welcomescene.update_msg=excluded;core/src/main/assets/messages/scenes/scenes_de.properties@@scenes.welcomescene.update_msg=excluded;core/src/main/assets/messages/scenes/scenes_el.properties@@scenes.welcomescene.update_msg=excluded;core/src/main/assets/messages/scenes/scenes_es.properties@@scenes.welcomescene.update_msg=excluded;core/src/main/assets/messages/scenes/scenes_fr.properties@@scenes.welcomescene.update_msg=excluded;core/src/main/assets/messages/scenes/scenes_hu.properties@@scenes.welcomescene.update_msg=excluded;core/src/main/assets/messages/scenes/scenes_in.properties@@scenes.welcomescene.update_msg=excluded;core/src/main/assets/messages/scenes/scenes_it.properties@@scenes.welcomescene.update_msg=excluded;core/src/main/assets/messages/scenes/scenes_ja.properties@@scenes.welcomescene.update_msg=excluded;core/src/main/assets/messages/scenes/scenes_ko.properties@@scenes.welcomescene.update_msg=excluded;core/src/main/assets/messages/scenes/scenes_nl.properties@@scenes.welcomescene.update_msg=excluded;core/src/main/assets/messages/scenes/scenes_pl.properties@@scenes.welcomescene.update_msg=excluded;core/src/main/assets/messages/scenes/scenes_pt.properties@@scenes.welcomescene.update_msg=excluded;core/src/main/assets/messages/scenes/scenes_ru.properties@@scenes.welcomescene.update_msg=excluded;core/src/main/assets/messages/scenes/scenes_tr.properties@@scenes.welcomescene.update_msg=excluded;core/src/main/assets/messages/scenes/scenes_uk.properties@@scenes.welcomescene.update_msg=excluded;core/src/main/assets/messages/scenes/scenes_vi.properties@@scenes.welcomescene.update_msg=excluded;core/src/main/assets/messages/scenes/scenes_zh.properties@@scenes.welcomescene.update_msg=excluded;core/src/main/assets/messages/scenes/scenes.properties@@scenes.welcomescene.update_msg=excluded;core/src/main/assets/messages/windows/windows_in.properties@@windows.wndjournal=slice2	Release rollup mixes Slice 1 version and translation work with deferred trinket and journal localization plus upstream WelcomeScene update text; feature keys stay in Slice 2 and update-message hunks are excluded.
059e11cfa738d63eb04b961784338bd0145b0db0	sample	approved	slice1	cold-code	-	Deterministic cold-code sample; immutable diff confirms v2.4.0: adjusted aggressive barrier to account for reduced charge speed
23eede6133d37d368ac2cb85ec9a47d93e2b181f	frontier-required	approved	mixed	frontier-mixed	-	Immutable diff preserves Slice 1 engine or tuning paths while existing path rows defer feature or documentation paths: v2.4.0: updated version and changes screen for ALPHA-4
c173c603f1a4d61ff5e6a5a567e66917951264b4	frontier-required	approved	slice1	hotspot-char	-	Immutable diff is Slice 1 engine, crash-fix, platform-neutral framework, or tuning work with no deferred feature hunk: v2.4.0: fixed static chars not being immune to ai state debuffs
dd9026ee245f80fcc951ba0a7f7f916859750ece	frontier-required	override	mixed	frontier-mixed	core/src/main/java/com/shatteredpixel/shatteredpixeldungeon/levels/features/HighGrass.java@@PetrifiedSeed.stoneInsteadOfSeedChance=slice2	PetrifiedSeed behavior is deferred Slice 2; the independent fractional dew-drop probability correction in HighGrass remains Slice 1 tuning.
a44b1583288a6d8c9a4119874c3850acca0e9357	frontier-required	approved	slice2	slice2-feature	-	Immutable diff implements a deferred named feature and stays in Slice 2: v2.4.0: added trinkets to rankings page
40234c0b4366c51183a68283b59b994d831db60d	frontier-required	approved	mixed	frontier-mixed	-	Immutable diff preserves Slice 1 engine or tuning paths while existing path rows defer feature or documentation paths: v2.4.0: updated version and changelog for ALPHA-3
0639f25f808d8d0e4b0870e59079622d1cb799c5	frontier-required	approved	slice1	hotspot-level	-	Immutable diff is Slice 1 engine, crash-fix, platform-neutral framework, or tuning work with no deferred feature hunk: v2.4.0: fixed major errors in caves fissure transition rooms
69f721db0fa97df0ccdc26d381430029d4f637e9	frontier-required	approved	excluded	excluded-ios	-	Immutable diff is iOS-only or upstream-only documentation and is excluded: v2.4.0: fixed an incorrect API reason in iOS privacy manifest
abfcd685801fb14a89ff82aab81d0cd060720728	frontier-required	approved	mixed	frontier-mixed	-	Immutable diff preserves Slice 1 engine or tuning paths while existing path rows defer feature or documentation paths: v2.4.0: updated version and changelog for ALPHA-2
f6e82d0e45107989a1f4c376b6b7702f1be757a2	frontier-required	approved	slice1	hotspot-char	-	Immutable diff is Slice 1 engine, crash-fix, platform-neutral framework, or tuning work with no deferred feature hunk: v2.4.0: lifelink damage now shows the correct damage icon
54367bae2bc37f505acacf1218cbcd44d4bae4fd	frontier-required	approved	slice1	hotspot-char	-	Immutable diff is Slice 1 engine, crash-fix, platform-neutral framework, or tuning work with no deferred feature hunk: v2.4.0: standardized chars being immune to ai state or stun/slow debuffs
3bae46d77df9fc575ea15222aca65d18f6f29b68	frontier-required	approved	excluded	excluded-ios	-	Immutable diff is iOS-only or upstream-only documentation and is excluded: v2.4.0: added a privacy manifest for iOS
fe7a58f675d5edea23415abb7fd7d9fa3873c123	frontier-required	approved	slice2	slice2-feature	-	Immutable diff implements a deferred named feature and stays in Slice 2: v2.4.0: fixed incorrect placeholder sprites in journal catalogs
2763cf42ca71fce0e4e942721d9db6509306daf3	frontier-required	approved	mixed	frontier-mixed	-	Immutable diff preserves Slice 1 engine or tuning paths while existing path rows defer feature or documentation paths: v2.4.0: updated version and changelog for ALPHA-1
5bc753f3b169787d23a5a21f3fdef621d7e0dc43	frontier-required	approved	slice1	hotspot-settings-serialization	-	Immutable diff is Slice 1 engine, crash-fix, platform-neutral framework, or tuning work with no deferred feature hunk: v2.4.0: fixed power saver showing up on iOS devices
345b6fe79dca7ed7b3528af42050dfc1e0977d0c	frontier-required	approved	slice1	hotspot-level	-	Immutable diff is Slice 1 engine, crash-fix, platform-neutral framework, or tuning work with no deferred feature hunk: v2.4.0: added an ENTRANCE_SP terrain type
e279e3c26decc5dbda941858962cca6756e6ec9e	frontier-required	override	slice2	slice2-feature	core/src/main/assets/messages/items/items.properties=slice2	Every gameplay and asset hunk implements the deferred v2.4 trinket or cursed-wand feature; heuristic Slice 1 paths move to Slice 2: v2.4.0: implemented upgrade costs for existing trinkets
03b6d4363cc180d4aa426b34a9813d83c165630a	sample	approved	slice2	slice2-feature	-	Deterministic slice2-feature sample; immutable diff confirms v2.4.0: adjusted stat scaling for some artifacts
7e256333f4751f61910117b190fb3f04ba0cd092	frontier-required	approved	slice1	hotspot-level	-	Immutable diff is Slice 1 engine, crash-fix, platform-neutral framework, or tuning work with no deferred feature hunk: v2.4.0: added an entrance/exit variant for each region
cc80f8a391baeaa03290a63ba4808bbaf3ab57cb	frontier-required	approved	slice1	hotspot-dungeon,hotspot-level	-	Immutable diff is Slice 1 engine, crash-fix, platform-neutral framework, or tuning work with no deferred feature hunk: v2.4.0: improve behavior for existing entrance/exit rooms
769c459aa7a91e1725882f0064c43c9c70da3d59	frontier-required	approved	slice1	hotspot-level	-	Immutable diff is Slice 1 engine, crash-fix, platform-neutral framework, or tuning work with no deferred feature hunk: v2.4.0: refactored entrance and exit rooms to be more extensible
ba90e140c1a02f291685b253c2ca63aecb73d21f	frontier-required	override	mixed	frontier-mixed	core/src/main/java/com/shatteredpixel/shatteredpixeldungeon/Dungeon.java@@LimitedDrops.TRINKET_CATA=slice2;core/src/main/java/com/shatteredpixel/shatteredpixeldungeon/Dungeon.java@@trinketCataNeeded=slice2;core/src/main/java/com/shatteredpixel/shatteredpixeldungeon/Dungeon.java@@depth = 15=excluded;core/src/main/java/com/shatteredpixel/shatteredpixeldungeon/levels/Level.java@@Dungeon.trinketCataNeeded=slice2	Limited-drop helpers for enchantment and intuition stones plus laboratory-room scheduling are Slice 1; trinket-catalyst hunks are Slice 2; depth 1 to 15 is unexplained debug state and excluded.
05ce62915c13675f1c01d276c432c31dbb49e7ba	frontier-required	override	mixed	frontier-mixed	core/src/main/assets/messages/items/items.properties@@items.trinkets.trinketcatalyst=slice2;core/src/main/assets/sprites/items.png=slice2;core/src/main/java/com/shatteredpixel/shatteredpixeldungeon/sprites/ItemSpriteSheet.java@@TRINKET_CATA=slice2	Trinket tutorial assets and TRINKET_CATA sprite hunks are Slice 2; the v2_3_2 version constant is Slice 1 and WelcomeScene is excluded.
6e7175f3209897816b71ffe33d7a55aa27eb328e	frontier-required	approved	slice1	hotspot-char	-	Immutable diff is Slice 1 engine, crash-fix, platform-neutral framework, or tuning work with no deferred feature hunk: v2.4.0: adjusted damage bonus ordering slightly
6f173e26fa6e90ceeb8e43cf088edcb03ef629fa	frontier-required	approved	slice2	slice2-feature	-	Immutable diff implements a deferred named feature and stays in Slice 2: v2.4.0: scroll of transmutation is now usable on trinkets
6807a16dc7d9f11472a38d8ad9a7b63de6894f0d	frontier-required	approved	slice2	slice2-feature	-	Immutable diff implements a deferred named feature and stays in Slice 2: v2.4.0: increased cases where trinket catalyst can be in special rooms
c448f97313adb4b2940c4a97b4f62050aa5f0682	frontier-required	approved	slice1	hotspot-hero	-	Immutable diff is Slice 1 engine, crash-fix, platform-neutral framework, or tuning work with no deferred feature hunk: v2.4.0: redesigned brawler's stance ability
11a410f07d71c173393d493e17502e50fb7a6d18	frontier-required	approved	slice1	hotspot-hero	-	Immutable diff is Slice 1 engine, crash-fix, platform-neutral framework, or tuning work with no deferred feature hunk: v2.4.0: Big Duelist charge speed changes: - charge speed down by 33% - ALL weapon abilities buffed to compensate - Champion weapons now share a charge count - Champion now gives bonus charges and charge speed
c5b15faeeac750f3179d9f49df3bc9bf4718690f	frontier-required	approved	slice2	slice2-feature	-	Immutable diff implements a deferred named feature and stays in Slice 2: v2.4.0: 'add energy' button now blinks when using trinket catalysts
dafbb6f859410bf8b72bf19045586fc05af2afb2	frontier-required	approved	slice1	hotspot-char	-	Immutable diff is Slice 1 engine, crash-fix, platform-neutral framework, or tuning work with no deferred feature hunk: v2.4.0: converted all dmg-boosting duelist abilities to use flat boosts
6233de2f755d4de3c3b948e91cc183e2344911f3	frontier-required	approved	slice1	hotspot-settings-serialization	-	Immutable diff is Slice 1 engine, crash-fix, platform-neutral framework, or tuning work with no deferred feature hunk: v2.4.0: started phasing out the power saver option
f857349a5716c319dba95ce3e9a85de610ed02a2	frontier-required	approved	slice1	hotspot-hero	-	Immutable diff is Slice 1 engine, crash-fix, platform-neutral framework, or tuning work with no deferred feature hunk: v2.4.0: improved when the player taps on an enemy that charmed them
f23962ec5649ffccddc69f53b34665ed0278fd7f	frontier-required	approved	slice1	hotspot-level	-	Immutable diff is Slice 1 engine, crash-fix, platform-neutral framework, or tuning work with no deferred feature hunk: v2.4.0: fixed very rare cases of hourglass affecting levelgen
6e5d221200b4d6840be211f5dd95edf1fdaff997	sample	approved	slice1	assets-localization	-	Deterministic assets-localization sample; immutable diff confirms v2.4.0: fixed accidental removal of arcane resin sprite asset
28e1c18694080d95d397e586f2c23f73d84dfc71	frontier-required	override	mixed	frontier-mixed	core/src/main/assets/messages/items/items.properties=slice2;core/src/main/assets/sprites/items.png=slice2;core/src/main/java/com/shatteredpixel/shatteredpixeldungeon/actors/Char.java=slice2;core/src/main/java/com/shatteredpixel/shatteredpixeldungeon/items/Generator.java=slice2;core/src/main/java/com/shatteredpixel/shatteredpixeldungeon/levels/Level.java=slice2;core/src/main/java/com/shatteredpixel/shatteredpixeldungeon/sprites/ItemSpriteSheet.java=slice2	All shared game and asset hunks wire deferred clover and trap-mechanism trinkets and move to Slice 2; Random.java only normalizes spacing and stays Slice 1.
2a56271091b97a830ba128cd609928601f16eab7	frontier-required	approved	slice1	hotspot-char,hotspot-hero,hotspot-level	-	Immutable diff is Slice 1 engine, crash-fix, platform-neutral framework, or tuning work with no deferred feature hunk: v2.4.0: created new methods for rolls that are for damage/blocking
a69ca2e15d6b4eb29c39c585aadf00000d3688c5	frontier-required	override	slice2	slice2-feature	core/src/main/assets/messages/items/items.properties=slice2;core/src/main/java/com/shatteredpixel/shatteredpixeldungeon/scenes/GameScene.java=slice2	Every gameplay and asset hunk implements the deferred v2.4 trinket or cursed-wand feature; heuristic Slice 1 paths move to Slice 2: v2.4.0: added a game log warning to dimensional sundial
39ec287ee5c557e6d0868688085341f0a7efc369	sample	approved	slice2	slice2-feature	-	Deterministic slice2-feature sample; immutable diff confirms v2.4.0: trinket selection window now remembers trinkets if game is quit
d64bf7c422aa1ff9372e05df6d4ad7f9afd23bf9	frontier-required	override	slice2	slice2-feature	core/src/main/assets/messages/items/items.properties=slice2;core/src/main/assets/sprites/items.png=slice2;core/src/main/java/com/shatteredpixel/shatteredpixeldungeon/items/Generator.java=slice2;core/src/main/java/com/shatteredpixel/shatteredpixeldungeon/levels/Level.java=slice2;core/src/main/java/com/shatteredpixel/shatteredpixeldungeon/sprites/ItemSpriteSheet.java=slice2	Every gameplay and asset hunk implements the deferred v2.4 trinket or cursed-wand feature; heuristic Slice 1 paths move to Slice 2: v2.4.0: added a new trinket: Dimensional Sundial
bfee2fb98d177b58e3a02ed30527efa1ae001f83	frontier-required	approved	slice1	hotspot-char	-	Immutable diff is Slice 1 engine, crash-fix, platform-neutral framework, or tuning work with no deferred feature hunk: v2.4.0: replaced the two T1 on-id talents with damage boost talents
5576a7777f78d4dc66fd5290bbb3b732b0d3aa3d	frontier-required	approved	slice1	hotspot-level	-	Immutable diff is Slice 1 engine, crash-fix, platform-neutral framework, or tuning work with no deferred feature hunk: v2.4.0: redesigned the cached rations talent
7195d81d7b18e9333ec8e2805a696d67e66ef41d	frontier-required	approved	slice1	hotspot-actor	-	Immutable diff is Slice 1 engine, crash-fix, platform-neutral framework, or tuning work with no deferred feature hunk: v2.4.0: added a check to prevent actor processing after scene change
ddd2b2fa3b987b7bc943fb4eb61b711965c4e2cc	frontier-required	approved	excluded	excluded-upstream-docs	-	Immutable diff is iOS-only or upstream-only documentation and is excluded: v2.4.0: fixed outdated java version in desktop quick setup
ba3c7f590a0fa795c3786f02a6e4830a1b69049a	frontier-required	override	mixed	frontier-mixed	core/src/main/assets/messages/items/items.properties=slice2;core/src/main/assets/sprites/items.png=slice2;core/src/main/java/com/shatteredpixel/shatteredpixeldungeon/actors/mobs/Mob.java=slice2;core/src/main/java/com/shatteredpixel/shatteredpixeldungeon/items/Generator.java=slice2;core/src/main/java/com/shatteredpixel/shatteredpixeldungeon/items/rings/RingOfWealth.java=slice2;core/src/main/java/com/shatteredpixel/shatteredpixeldungeon/levels/Level.java=slice2;core/src/main/java/com/shatteredpixel/shatteredpixeldungeon/levels/rooms/secret/SecretLaboratoryRoom.java=slice2;core/src/main/java/com/shatteredpixel/shatteredpixeldungeon/levels/rooms/secret/SecretLibraryRoom.java=slice2;core/src/main/java/com/shatteredpixel/shatteredpixeldungeon/levels/rooms/special/CrystalPathRoom.java=slice2;core/src/main/java/com/shatteredpixel/shatteredpixeldungeon/sprites/ItemSpriteSheet.java=slice2	Exotic-crystals and mossy-clump wiring moves to Slice 2; RegularPainter RNG isolation is independent deterministic level-generation engine work and remains Slice 1.
8f237dc66ae8b83389be968b48a41a2aefcef7dc	frontier-required	approved	slice1	hotspot-level	-	Immutable diff is Slice 1 engine, crash-fix, platform-neutral framework, or tuning work with no deferred feature hunk: v2.4.0: fixed geomancer/sappers placing boulders next to entrance
3fba4c58417ad414b7ea7af1b897dc63dfcf1c13	frontier-required	override	slice2	slice2-feature	core/src/main/assets/messages/items/items.properties=slice2;core/src/main/assets/sprites/items.png=slice2;core/src/main/java/com/shatteredpixel/shatteredpixeldungeon/actors/mobs/npcs/Blacksmith.java=slice2;core/src/main/java/com/shatteredpixel/shatteredpixeldungeon/actors/mobs/npcs/Ghost.java=slice2;core/src/main/java/com/shatteredpixel/shatteredpixeldungeon/items/armor/Armor.java=slice2;core/src/main/java/com/shatteredpixel/shatteredpixeldungeon/items/Generator.java=slice2;core/src/main/java/com/shatteredpixel/shatteredpixeldungeon/items/weapon/Weapon.java=slice2;core/src/main/java/com/shatteredpixel/shatteredpixeldungeon/levels/features/HighGrass.java=slice2;core/src/main/java/com/shatteredpixel/shatteredpixeldungeon/sprites/ItemSpriteSheet.java=slice2	Every gameplay and asset hunk implements the deferred v2.4 trinket or cursed-wand feature; heuristic Slice 1 paths move to Slice 2: v2.4.0: roughly implemented two more trinkets
fd53f180896764f1ee0633c786639631935b5a9c	frontier-required	approved	slice1	platform-review	-	Immutable diff is Slice 1 engine, crash-fix, platform-neutral framework, or tuning work with no deferred feature hunk: v2.4.0: fixed various specific bugs caused by launching in fullscreen
fc3cbf395a4bdccf096eec542a555f345f710bdb	frontier-required	override	mixed	frontier-mixed	core/src/main/assets/messages/items/items.properties=slice2;core/src/main/assets/sprites/items.png=slice2;core/src/main/java/com/shatteredpixel/shatteredpixeldungeon/actors/mobs/Elemental.java=slice2;core/src/main/java/com/shatteredpixel/shatteredpixeldungeon/actors/mobs/Piranha.java=slice2;core/src/main/java/com/shatteredpixel/shatteredpixeldungeon/actors/mobs/Statue.java=slice2;core/src/main/java/com/shatteredpixel/shatteredpixeldungeon/actors/mobs/Wraith.java=slice2;core/src/main/java/com/shatteredpixel/shatteredpixeldungeon/items/quest/RatSkull.java=slice2;core/src/main/java/com/shatteredpixel/shatteredpixeldungeon/items/Recipe.java=slice2;core/src/main/java/com/shatteredpixel/shatteredpixeldungeon/levels/rooms/special/CrystalVaultRoom.java=slice2;core/src/main/java/com/shatteredpixel/shatteredpixeldungeon/sprites/ItemSpriteSheet.java=slice2	All non-changelog game and asset hunks implement the deferred rat-skull trinket and move to Slice 2; upstream changelist remains excluded.
ae020c1f71a432fc5915aa3ff77e13a1f0ecff50	frontier-required	override	slice2	slice2-feature	core/src/main/assets/messages/items/items.properties=slice2;core/src/main/assets/sprites/items.png=slice2;core/src/main/java/com/shatteredpixel/shatteredpixeldungeon/items/Recipe.java=slice2;core/src/main/java/com/shatteredpixel/shatteredpixeldungeon/levels/Level.java=slice2;core/src/main/java/com/shatteredpixel/shatteredpixeldungeon/levels/RegularLevel.java=slice2;core/src/main/java/com/shatteredpixel/shatteredpixeldungeon/scenes/AlchemyScene.java=slice2;core/src/main/java/com/shatteredpixel/shatteredpixeldungeon/sprites/ItemSpriteSheet.java=slice2;core/src/main/java/com/shatteredpixel/shatteredpixeldungeon/windows/WndJournal.java=slice2	Every gameplay and asset hunk implements the deferred v2.4 trinket or cursed-wand feature; heuristic Slice 1 paths move to Slice 2: v2.4.0: added initial logic for finding/creating trinkets
a00355b71289d38f89f017b1fbb85d0e07f0f053	frontier-required	override	mixed	frontier-mixed	core/src/main/java/com/shatteredpixel/shatteredpixeldungeon/windows/WndJournal.java=slice2	Unstable brew and spell replacement plus save aliases are Slice 1 tuning and compatibility; WndJournal and existing journal rows remain deferred Slice 2; changelist is excluded.
e8c824e6ebd2240ef1ace459137f0f230cdc1e98	frontier-required	approved	slice1	hotspot-level	-	Immutable diff is Slice 1 engine, crash-fix, platform-neutral framework, or tuning work with no deferred feature hunk: v2.4.0: improved badge save/display logic when game is ended
38332aa207b5033582a9a4d2aeb0bcf6d093157d	frontier-required	approved	slice1	hotspot-hero	-	Immutable diff is Slice 1 engine, crash-fix, platform-neutral framework, or tuning work with no deferred feature hunk: v2.4.0: actMine is now private
e67d25967ce6a3a3ecbddb44f0e82b6b2f5bbb68	frontier-required	approved	mixed	frontier-mixed	-	Immutable diff preserves Slice 1 engine or tuning paths while existing path rows defer feature or documentation paths: v2.4.0: aqua blast and feather fall are now a brew and elixir
ce5a66a15d65dc07d299e765a7d6cc96fb5054d9	frontier-required	approved	slice1	platform-review	-	Immutable diff is Slice 1 engine, crash-fix, platform-neutral framework, or tuning work with no deferred feature hunk: v2.4.0: improved debug info on missing Android natives
23ffeeea7f8cf65a54631a1d8ac5dd84c5ae53f9	sample	approved	slice1	assets-localization	-	Deterministic assets-localization sample; immutable diff confirms v2.4.0: substantially improved the sparkling potion sprite
425c90135d7d666dd1f4715f165dca91a7fb449e	frontier-required	override	mixed	frontier-mixed	core/src/main/assets/messages/items/items_uk.properties@@items.journal=slice2;core/src/main/assets/messages/scenes/scenes_be.properties@@scenes.gamescene.tutorial_guidebook=slice2;core/src/main/assets/messages/scenes/scenes_pl.properties@@scenes.gamescene.tutorial_guidebook=slice2	Release rollup mixes Slice 1 version and translation work with deferred trinket or journal localization hunks; anchored feature keys stay in Slice 2: v2.3.2: updated min daily, i18n, changes, & version for v2.3.2 release!
df43a1721532f90d9e94b8db5bf88648ac6a39b7	frontier-required	approved	excluded	excluded-ios	-	Immutable diff is iOS-only or upstream-only documentation and is excluded: v2.3.1: added missing 64-bit requirement to iOS info.plist
61def3751530f0fc58ff628a7eda193ca0984fb7	frontier-required	approved	mixed	frontier-mixed	-	Immutable diff preserves Slice 1 engine or tuning paths while existing path rows defer feature or documentation paths: v2.3.1: updated changelog and version for v2.3.1 release!
5f735ffe6ed8196eea2a5d4a0fa0a03302f56996	frontier-required	approved	slice1	hotspot-settings-serialization	-	Immutable diff is Slice 1 engine, crash-fix, platform-neutral framework, or tuning work with no deferred feature hunk: v2.3.1: improved vibration checkbox slightly
f36dda306412215ced3711c07196368f90813163	frontier-required	approved	mixed	frontier-mixed	-	Immutable diff preserves Slice 1 engine or tuning paths while existing path rows defer feature or documentation paths: v2.3.1: added a setting for vibration & improved vibration support logic
b849ca58f0109d514b18310f2d01c9b3c4e53916	frontier-required	approved	slice1	build-review	-	Immutable diff is Slice 1 engine, crash-fix, platform-neutral framework, or tuning work with no deferred feature hunk: v2.3.1: reverted libGDX natives to try and maintain old Android support
c7cbe922c6b94f9b0b95f35b85678c2c34a1aaa1	frontier-required	approved	slice1	platform-review	-	Immutable diff is Slice 1 engine, crash-fix, platform-neutral framework, or tuning work with no deferred feature hunk: v2.3.1: disabled libGDX immersive mode, interferes with game's settings
bd06d891f66d38c6d935cc8c1675d257261529ea	frontier-required	approved	mixed	frontier-mixed	-	Immutable diff preserves Slice 1 engine or tuning paths while existing path rows defer feature or documentation paths: v2.3.1: added support for controller vibration
910eb58be7bdf08f9d2f8a1beeb88d70fb9518b5	frontier-required	approved	slice1	hotspot-hero	-	Immutable diff is Slice 1 engine, crash-fix, platform-neutral framework, or tuning work with no deferred feature hunk: v2.3.1: hero interrupts now also cancel resting
a94186e011a4c257808b811a5a2000b970f799e4	frontier-required	approved	slice1	hotspot-level	-	Immutable diff is Slice 1 engine, crash-fix, platform-neutral framework, or tuning work with no deferred feature hunk: v2.3.1: fixed turn rounding on transition only applying to characters
be7f2dcc0e26e5cb90346b45e88c6cca041da114	frontier-required	approved	slice1	build-review	-	Immutable diff is Slice 1 engine, crash-fix, platform-neutral framework, or tuning work with no deferred feature hunk: v2.3.1: updated Android target SDK
4056c485450cc57a7380a6945d1a00df38d0895c	frontier-required	override	mixed	frontier-mixed	build.gradle@@robovmVersion=excluded	libGDX and desktop tinyfd upgrades plus cross-platform input cancellation are Slice 1; the RoboVM version hunk and iOS files are excluded.
8c318c9075e89c3ec871eab82f02803061a16657	frontier-required	approved	mixed	frontier-mixed	-	Immutable diff preserves Slice 1 engine or tuning paths while existing path rows defer feature or documentation paths: v2.3.0: updated version, changelog, and translations for v2.3.0 release!
84bc38cad01238a8b31d180347a6953fdd5a4c7a	frontier-required	override	mixed	frontier-mixed	core/src/main/assets/messages/scenes/scenes_fr.properties@@scenes.gamescene.tutorial_guidebook=slice2;core/src/main/assets/messages/scenes/scenes_ko.properties@@scenes.gamescene.tutorial_guidebook=slice2;core/src/main/assets/messages/scenes/scenes_nl.properties@@scenes.gamescene.tutorial_guidebook=slice2	Release rollup mixes Slice 1 version and translation work with deferred trinket or journal localization hunks; anchored feature keys stay in Slice 2: v2.3.0: updates translations, version, and changelog for RC-1
8f5cd171fe672dac35a3d8d7c2da612e82fe4434	frontier-required	approved	slice1	hotspot-level	-	Immutable diff is Slice 1 engine, crash-fix, platform-neutral framework, or tuning work with no deferred feature hunk: v2.3.0: substantially improved gnoll caves boulder visuals
eec247990319748ad49e29e7540b40623e6e6bb3	frontier-required	approved	mixed	frontier-mixed	-	Immutable diff preserves Slice 1 engine or tuning paths while existing path rows defer feature or documentation paths: v2.3.0: updated copyright to 2024
b6fbc3e45d08cb949f0fd176dee4dfae73b26bef	frontier-required	override	mixed	frontier-mixed	core/src/main/assets/messages/scenes/scenes_in.properties@@scenes.gamescene.tutorial_guidebook=slice2;core/src/main/assets/messages/scenes/scenes_it.properties@@scenes.gamescene.tutorial_guidebook=slice2;core/src/main/assets/messages/scenes/scenes_vi.properties@@scenes.gamescene.tutorial_guidebook=slice2	Release rollup mixes Slice 1 version and translation work with deferred trinket or journal localization hunks; anchored feature keys stay in Slice 2: v2.3.0: updated translations, version, and changelog for BETA-1.4
38eb17421af5052a532606d06898029bd4a64ab8	frontier-required	approved	slice1	hotspot-hero	-	Immutable diff is Slice 1 engine, crash-fix, platform-neutral framework, or tuning work with no deferred feature hunk: v2.3.0: fixed antimagic glyph reducing magic dmg below 0
250c76b7c12ece2398dc3f03f2e4750c26babac6	frontier-required	approved	mixed	frontier-mixed	-	Immutable diff preserves Slice 1 engine or tuning paths while existing path rows defer feature or documentation paths: v2.3.0: added a few more cases for healing floating text, and removed lots of now unnecessary singular heal particles
cfedb7aaf2476bc9a52e538ee0ff20f005d6b248	frontier-required	approved	slice1	hotspot-char	-	Immutable diff is Slice 1 engine, crash-fix, platform-neutral framework, or tuning work with no deferred feature hunk: v2.3.0: fixed char swapping and ally warp working on immobile allies
eb641ac1f8af48ff830cf3b1478a34e899810897	frontier-required	approved	slice1	hotspot-settings-serialization	-	Immutable diff is Slice 1 engine, crash-fix, platform-neutral framework, or tuning work with no deferred feature hunk: v2.3.0: fixed betas checkbox affecting the wrong setting
025ba0e12d7272ae978df997153afb956c009859	sample	approved	slice1	cold-code	-	Deterministic cold-code sample; immutable diff confirms v2.3.0: retrib and psi blast now compute targets first before damaging
29d3e07ab70b719ce16e6641a08ddb6450d02900	frontier-required	approved	mixed	frontier-mixed	-	Immutable diff preserves Slice 1 engine or tuning paths while existing path rows defer feature or documentation paths: v2.3.0: updated changelog, version, and translations for BETA-1.3
7a464b0a29682a910224dd0ca8fd330a5ea20bd8	frontier-required	approved	slice1	hotspot-level	-	Immutable diff is Slice 1 engine, crash-fix, platform-neutral framework, or tuning work with no deferred feature hunk: v2.3.0: clarity improvements to the DM-300 fight: - removed ability use logspam - increased pylon spark speed by 50% - sparks are now more highly concentrated closer to the pylon
0272fa22d174e86f55dae59da280e5922eed25f7	sample	approved	slice1	cold-code	-	Deterministic cold-code sample; immutable diff confirms v2.3.0: fixed crystal spire dmg vs. guardians using wrong dmg source
002d0bccdd83c3b1a70d5d625f0b99bb9e5e6e5b	frontier-required	approved	slice1	hotspot-char	-	Immutable diff is Slice 1 engine, crash-fix, platform-neutral framework, or tuning work with no deferred feature hunk: v2.3.0: standardized rockfall gnoll behaviour: - all gnoll rockfall effects now deal 8-12 dmg - all gnoll rockfall effects now ignore armor
bc4663e81dada5eb15d9bb52999cc58881fe8a6f	frontier-required	approved	slice1	hotspot-level	-	Immutable diff is Slice 1 engine, crash-fix, platform-neutral framework, or tuning work with no deferred feature hunk: v2.3.0: added fungal spinners, with WIP visuals and bare mechanics
c0867ffaaf1aded484f9874df0e221a0885d83be	frontier-required	approved	slice1	hotspot-char	-	Immutable diff is Slice 1 engine, crash-fix, platform-neutral framework, or tuning work with no deferred feature hunk: v2.3.0: changed harvest bleed announce to use warning text as intended
23153483bd65096f8645e70f5cc07b7568618509	frontier-required	approved	mixed	frontier-mixed	-	Immutable diff preserves Slice 1 engine or tuning paths while existing path rows defer feature or documentation paths: v2.3.0: updated version, changelog, and translations for BETA-1.2
7cb955ff041b3b0f1fc10d0d12f531fcf14c691d	frontier-required	approved	slice1	hotspot-char	-	Immutable diff is Slice 1 engine, crash-fix, platform-neutral framework, or tuning work with no deferred feature hunk: v2.3.0: adjusted use of orange and red in floating text: - orange is now used for all cases of warning/negative text - red is now used in all cases of damage and death effects
6c92861d99d8be242f5b50e547c7bc8e98321b51	frontier-required	approved	excluded	excluded-upstream-docs	-	Immutable diff is iOS-only or upstream-only documentation and is excluded: v2.3.0: fixed a small typo in readme
4f4f1b2f354521e5f6f50619ab16831cc06eab09	frontier-required	approved	mixed	frontier-mixed	-	Immutable diff preserves Slice 1 engine or tuning paths while existing path rows defer feature or documentation paths: v2.3.0: updated changelog, version, and translations for BETA-1.1
5e075d80abed5562e54dae81d95d1b4b9b3854c5	frontier-required	approved	slice1	hotspot-char	-	Immutable diff is Slice 1 engine, crash-fix, platform-neutral framework, or tuning work with no deferred feature hunk: v2.3.0: fixed frost dmg icon using enchant instead of debuff
11e526df04a2b9affcb3109a0298b841686eb8f6	frontier-required	approved	slice1	hotspot-char	-	Immutable diff is Slice 1 engine, crash-fix, platform-neutral framework, or tuning work with no deferred feature hunk: v2.3.0: fixed wrong damage icon when sniper ranges an adjacent target
d3d472925426a92bafdcdb1f71d90b18c955668d	frontier-required	approved	mixed	frontier-mixed	-	Immutable diff preserves Slice 1 engine or tuning paths while existing path rows defer feature or documentation paths: v2.3.0: adjusted magic bomb behaviour slightly: - magically conjured explosions deal physical damage, not magic damage - they still count for the friendly magic death badge however - arcane bombs and the extra effect of holy bombs do deal magic damage
b4794c462b0bbb05cde077133e9b9e9c29007892	frontier-required	override	mixed	frontier-mixed	core/src/main/assets/messages/items/items_in.properties@@items.journal=slice2;core/src/main/assets/messages/scenes/scenes_be.properties@@scenes.gamescene.tutorial_guidebook=slice2;core/src/main/assets/messages/scenes/scenes_cs.properties@@scenes.gamescene.tutorial_guidebook=slice2;core/src/main/assets/messages/scenes/scenes_de.properties@@scenes.gamescene.tutorial_guidebook=slice2;core/src/main/assets/messages/scenes/scenes_el.properties@@scenes.gamescene.tutorial_guidebook=slice2;core/src/main/assets/messages/scenes/scenes_es.properties@@scenes.gamescene.tutorial_guidebook=slice2;core/src/main/assets/messages/scenes/scenes_fr.properties@@scenes.gamescene.tutorial_guidebook=slice2;core/src/main/assets/messages/scenes/scenes_hu.properties@@scenes.gamescene.tutorial_guidebook=slice2;core/src/main/assets/messages/scenes/scenes_in.properties@@scenes.gamescene.tutorial_guidebook=slice2;core/src/main/assets/messages/scenes/scenes_it.properties@@scenes.gamescene.tutorial_guidebook=slice2;core/src/main/assets/messages/scenes/scenes_ja.properties@@scenes.gamescene.tutorial_guidebook=slice2;core/src/main/assets/messages/scenes/scenes_ko.properties@@scenes.gamescene.tutorial_guidebook=slice2;core/src/main/assets/messages/scenes/scenes_nl.properties@@scenes.gamescene.tutorial_guidebook=slice2;core/src/main/assets/messages/scenes/scenes_pl.properties@@scenes.gamescene.tutorial_guidebook=slice2;core/src/main/assets/messages/scenes/scenes_pt.properties@@scenes.gamescene.tutorial_guidebook=slice2;core/src/main/assets/messages/scenes/scenes_ru.properties@@scenes.gamescene.tutorial_guidebook=slice2;core/src/main/assets/messages/scenes/scenes_tr.properties@@scenes.gamescene.tutorial_guidebook=slice2;core/src/main/assets/messages/scenes/scenes_uk.properties@@scenes.gamescene.tutorial_guidebook=slice2;core/src/main/assets/messages/scenes/scenes_vi.properties@@scenes.gamescene.tutorial_guidebook=slice2;core/src/main/assets/messages/scenes/scenes_zh.properties@@scenes.gamescene.tutorial_guidebook=slice2	Release rollup mixes Slice 1 version and translation work with deferred trinket or journal localization hunks; anchored feature keys stay in Slice 2: v2.3.0: updated translations, changelog, and version for BETA-1.0
d8d8c8484f9df5e3bf29dc6f6326e5bc80a80b21	frontier-required	approved	slice1	hotspot-level	-	Immutable diff is Slice 1 engine, crash-fix, platform-neutral framework, or tuning work with no deferred feature hunk: v2.3.0: made a few improvements to fungi quest layouts and terrain logic
a16e2d848df7ecd5371a8c2b752e151e831fbdae	frontier-required	approved	slice1	hotspot-level	-	Immutable diff is Slice 1 engine, crash-fix, platform-neutral framework, or tuning work with no deferred feature hunk: v2.3.0: fixed exploits where high grass or fog would stop geomancer atks
4500f2b877a7b9eef7bbe4c49f5f36b7527062e3	frontier-required	approved	slice1	hotspot-hero	-	Immutable diff is Slice 1 engine, crash-fix, platform-neutral framework, or tuning work with no deferred feature hunk: v2.3.0: fixed new shielding text not appearing in two cases
313e15a91133b233914652570306f940b08ab369	frontier-required	approved	mixed	frontier-mixed	-	Immutable diff preserves Slice 1 engine or tuning paths while existing path rows defer feature or documentation paths: v2.3.0: updated changelog and version for ALPHA-0.3
3dc39de06132133a24cb7edf2bae2bda1780d86e	frontier-required	approved	slice1	hotspot-char	-	Immutable diff is Slice 1 engine, crash-fix, platform-neutral framework, or tuning work with no deferred feature hunk: v2.3.0: added more icons, in particular for misc dmg that ignores armor
5bdc77b31cd6361cd971290eeb25ebd4e4acfcdc	frontier-required	approved	slice1	hotspot-level	-	Immutable diff is Slice 1 engine, crash-fix, platform-neutral framework, or tuning work with no deferred feature hunk: v2.3.0: fixed a few cases of misattributed damage from specific bosses
44a0ac283b0afa4afe3e50b5627235ef5ba29cf0	frontier-required	approved	mixed	frontier-mixed	-	Immutable diff preserves Slice 1 engine or tuning paths while existing path rows defer feature or documentation paths: v2.3.0: updated changelog and version for ALPHA-0.2
af7e26e23949caaf009100557ab47e63b828518a	frontier-required	approved	mixed	frontier-mixed	-	Immutable diff preserves Slice 1 engine or tuning paths while existing path rows defer feature or documentation paths: v2.3.0: updated changelog and version for ALPHA-0.1
0115c8db2e0c286550bb9e058de935416dc75f8d	sample	approved	slice1	cold-code	-	Deterministic cold-code sample; immutable diff confirms v2.3.0: improved holiday sprites. lunar and easter still need work
9e32c18807f8b3a17dd8caeb2d136c5260aa97b0	frontier-required	approved	slice1	hotspot-char	-	Immutable diff is Slice 1 engine, crash-fix, platform-neutral framework, or tuning work with no deferred feature hunk: v2.3.0: added damage icons for frost and water (for fiery enemies)
1c8b13fa62f8cb2e3c186ed5de923f376b2b6118	frontier-required	approved	slice1	hotspot-char	-	Immutable diff is Slice 1 engine, crash-fix, platform-neutral framework, or tuning work with no deferred feature hunk: v2.3.0: added icons to floating text for dmg, DOTs, healing, & currency
3495520547b62bfbc130c24215549b877bf2f102	frontier-required	approved	slice1	hotspot-hero	-	Immutable diff is Slice 1 engine, crash-fix, platform-neutral framework, or tuning work with no deferred feature hunk: v2.3.0: extended support for multiple splash effects at once
15cd9f3306b55b25a150cb619a512558d61590f1	frontier-required	approved	slice1	hotspot-dungeon	-	Immutable diff is Slice 1 engine, crash-fix, platform-neutral framework, or tuning work with no deferred feature hunk: v2.3.0: added two badges for hero remains items
5f8185c3ddfe4680e0e9607a14ae29a26f60eb2c	frontier-required	approved	excluded	excluded-upstream-docs	-	Immutable diff is iOS-only or upstream-only documentation and is excluded: v2.3.0: condensed v2.2's changelog
c6794ccb09d8c8ec8ba7460446984284b1d6694a	frontier-required	approved	excluded	excluded-upstream-docs	-	Immutable diff is iOS-only or upstream-only documentation and is excluded: v2.3.0: added commentary for v1.2.0
f6054cc8967532f208c9003d5fe6841d13acd80f	frontier-required	approved	slice1	hotspot-level	-	Immutable diff is Slice 1 engine, crash-fix, platform-neutral framework, or tuning work with no deferred feature hunk: v2.3.0: remains changes: - remains now include an extra item based on the class of the hero who died, these either appear on their own instead of gold drops, or in addition to a regular remains drop - capped the quantity scaling of consumable items left by remains at 3 - fixed extremely rare cases of remains affecting small parts of levelgen
f0c4e6be0c0da34cee973d53cba257fa684bfdc1	frontier-required	override	slice1	cold-code	core/src/main/java/com/shatteredpixel/shatteredpixeldungeon/items/wands/WandOfWarding.java=slice1	This is a generic collision-property bug for a cursed Wand of Warding, not the deferred rare cursed-wand effect rework; preserve it as Slice 1 engine behavior.
ba14fda19a6c72e4c3921f91db7eee280dffdd07	frontier-required	approved	slice1	hotspot-hero	-	Immutable diff is Slice 1 engine, crash-fix, platform-neutral framework, or tuning work with no deferred feature hunk: v2.3.0: implemented very rough early logic for geomancer fight stages
162107ae677c27ddc7b097917bb36e3cfc141380	frontier-required	approved	slice1	hotspot-level	-	Immutable diff is Slice 1 engine, crash-fix, platform-neutral framework, or tuning work with no deferred feature hunk: v2.3.0: added text for sappers and reduced their melee damage
7dc73f01f6934e445b54fd4e0d64a25225dd452c	frontier-required	approved	slice1	hotspot-level	-	Immutable diff is Slice 1 engine, crash-fix, platform-neutral framework, or tuning work with no deferred feature hunk: v2.3.0: made a gnoll rockfall trap class, gave them text, nerfed them
b8fb2cb02ddeb1a383b715b4d007ec4db0e0ec79	sample	approved	slice1	assets-localization	-	Deterministic assets-localization sample; immutable diff confirms v2.3.0: made DM-201 sprites more distinct from DM-200
bc1ee348bc50a33e67d9e122c9538a0ed6328a62	frontier-required	approved	slice2	slice2-feature	-	Immutable diff implements a deferred named feature and stays in Slice 2: v2.3.0: blacksmith landmark entry now clears after rewards are finished
7b7ecb36090507b10e61efa30b3b4a80d73e504f	frontier-required	approved	slice1	hotspot-level	-	Immutable diff is Slice 1 engine, crash-fix, platform-neutral framework, or tuning work with no deferred feature hunk: v2.3.0: lots more impl and refinement for gnoll sappers and quest
c7d9d696194300b150af55f1b70266897f50ac6d	sample	approved	slice1	assets-localization	-	Deterministic assets-localization sample; immutable diff confirms v2.3.0: improve details on guard's shield and trickster's strap
7a49a1b887768c156b8b4bcd4929558c387f5505	frontier-required	approved	mixed	frontier-mixed	-	Immutable diff preserves Slice 1 engine or tuning paths while existing path rows defer feature or documentation paths: v2.3.0: updated version info, removed support for saves prior to v1.4.3
aded03d7a62948ba773768391215f19529b3f10e	sample	approved	slice1	assets-localization	-	Deterministic assets-localization sample; immutable diff confirms v2.3.0: armored brutes now have visual armor, instead of a shield
9e59f6598af3f367458e37b93200edd845524754	frontier-required	approved	mixed	frontier-mixed	-	Immutable diff preserves Slice 1 engine or tuning paths while existing path rows defer feature or documentation paths: v2.3.0: one more crack at iOS gestures, think this one fixes everything
f00acdc182c469ee74da0efb43649da97d00bbff	frontier-required	approved	excluded	excluded-ios	-	Immutable diff is iOS-only or upstream-only documentation and is excluded: v2.3.0: updated iOS device definitions
fae73101aaa70ac5b51ea577a9389809a91fdafe	frontier-required	approved	slice1	hotspot-hero	-	Immutable diff is Slice 1 engine, crash-fix, platform-neutral framework, or tuning work with no deferred feature hunk: v2.3.0: improved foresight buffs on level load and at high movespeed
268b804ac6d76620bd596921c83df1710cb71801	frontier-required	approved	slice1	hotspot-level	-	Immutable diff is Slice 1 engine, crash-fix, platform-neutral framework, or tuning work with no deferred feature hunk: v2.3.0: code refactoring and improved enemy spawn spread in caves quest
649d89bd320627838c0e1a8be7241e16c44bbc50	frontier-required	approved	slice1	hotspot-level	-	Immutable diff is Slice 1 engine, crash-fix, platform-neutral framework, or tuning work with no deferred feature hunk: v2.3.0: switched internal quest order for fungi and gnoll quests
e7501654130ebc49a54c4e36f50594332c2f98d5	frontier-required	approved	slice1	hotspot-hero	-	Immutable diff is Slice 1 engine, crash-fix, platform-neutral framework, or tuning work with no deferred feature hunk: v2.3.0: various small improvements to gnoll quest levelgen
9bc886dd8a9efe4d451baf583383f802e76b5353	frontier-required	approved	slice1	hotspot-hero	-	Immutable diff is Slice 1 engine, crash-fix, platform-neutral framework, or tuning work with no deferred feature hunk: v2.3.0: improved game log entries when picking up dark gold
5f9926e3ea2f801da9f614517657c19f42e059ec	frontier-required	approved	slice1	hotspot-dungeon	-	Immutable diff is Slice 1 engine, crash-fix, platform-neutral framework, or tuning work with no deferred feature hunk: v2.3.0: fixed inter-floor teleports working in mining level
052715a694d6ee9b9dc9771fe73bbab4d056c622	frontier-required	approved	slice1	platform-review	-	Immutable diff is Slice 1 engine, crash-fix, platform-neutral framework, or tuning work with no deferred feature hunk: v2.3.0: added support for android themed icons
008a65140a2fb922a716aa9a07fdb62921ce91f9	sample	approved	slice1	cold-code	-	Deterministic cold-code sample; immutable diff confirms v2.3.0: added a warning when stealing from shops
a7ded9be41e2bb92ebbc54552098b6c8d7ad3750	frontier-required	override	mixed	frontier-mixed	core/src/main/assets/messages/scenes/scenes.properties@@tutorial_guidebook=slice2;core/src/main/java/com/shatteredpixel/shatteredpixeldungeon/scenes/GameScene.java@@Document.ADVENTURERS_GUIDE=slice2	General desktop movement and UI keybinding tutorial hunks are Slice 1; guidebook and journal-specific tutorial hunks are deferred Slice 2.
52b216371231b65d513b028139ad363de61600ea	frontier-required	approved	slice1	hotspot-hero	-	Immutable diff is Slice 1 engine, crash-fix, platform-neutral framework, or tuning work with no deferred feature hunk: v2.3.0: hero can now self-trample plants on level transitions
ce6d400ec914e301f937917cae0a34763f0d7fb6	frontier-required	override	mixed	frontier-mixed	build.gradle=excluded;core/src/main/assets/messages/scenes/scenes_hu.properties@@scenes.welcomescene.update_msg=excluded;core/src/main/assets/messages/scenes/scenes_in.properties@@scenes.welcomescene.update_msg=excluded;core/src/main/assets/messages/scenes/scenes_pl.properties@@scenes.welcomescene.update_msg=excluded	Immutable diff contains valid Slice 1 translations plus deferred journal or excluded release content; exclude build/version metadata where present and the anchored WelcomeScene release-message hunks while preserving the remaining reviewed partition.
73b3dcb92cd431e8af75fb7d93d7172c89c21f27	frontier-required	approved	slice1	build-review	-	Immutable diff 'v2.2.1: fixed copyAndroidNatives task not automatically running' is a Slice 1 engine, tuning, build-compatibility, or runtime fix in build-review with no named Slice 2 feature, iOS work, or upstream-only documentation.
735515df65a693f4dae7acb44a40a3e0448af0d9	frontier-required	approved	slice1	hotspot-dungeon	-	Immutable diff 'v2.2.1: fixed level load failsafe logic wrongly triggering in new quest' is a Slice 1 engine, tuning, build-compatibility, or runtime fix in hotspot-dungeon with no named Slice 2 feature, iOS work, or upstream-only documentation.
5410353c02bd4111875c1c1672881f5b3673c8d1	sample	approved	slice1	assets-localization	-	Deterministic lexicographic sample from assets-localization; immutable diff 'v2.2.1: fixed minor errors in crystal spire sprite' is Slice 1 support with no named Slice 2 feature, iOS work, or upstream-only documentation.
e4b8f3107f2658d11235376915f2e34c2e7d4edd	frontier-required	approved	mixed	frontier-mixed	-	Reviewed all 2 following partition rows and the immutable diff for 'v2.2.1: fixed various issues with iOS gestures (actually hopefully)'; paths fully cover the diff and correctly preserve Slice 1 while deferring marked feature, iOS, or upstream-doc content.
ef4ff6ae84c230798ef080d2b268d20feb0e8928	frontier-required	override	mixed	build-review	build.gradle=excluded	Keep the v2_2_0 migration/version constant correction used by serialization compatibility, but exclude the upstream application version-code bump.
5383932e4a72785e0cb0f438209287f568dd6b76	frontier-required	approved	mixed	frontier-mixed	-	Reviewed all 6 following partition rows and the immutable diff for 'v2.2.0: updated boss low hp music with better looping'; paths fully cover the diff and correctly preserve Slice 1 while deferring marked feature, iOS, or upstream-doc content.
fac949aa507b2968bddd9b45f92f1ada33aa1942	frontier-required	override	mixed	frontier-mixed	build.gradle=excluded;core/src/main/assets/messages/scenes/scenes.properties@@scenes.welcomescene.update_msg=excluded	Immutable diff contains valid Slice 1 translations plus deferred journal or excluded release content; exclude build/version metadata where present and the anchored WelcomeScene release-message hunks while preserving the remaining reviewed partition.
3eba0fec2f7e5e9cab0a9439424bfb9f61e0e634	sample	approved	slice1	assets-localization	-	Deterministic lexicographic sample from assets-localization; immutable diff 'v2.2.0: more modest improvements to the crystal spire sprite' is Slice 1 support with no named Slice 2 feature, iOS work, or upstream-only documentation.
0589242ca1fbff4e15a3d766c91e90556796911d	frontier-required	override	mixed	frontier-mixed	build.gradle=excluded;core/src/main/assets/messages/scenes/scenes_el.properties@@scenes.welcomescene.update_msg=excluded;core/src/main/assets/messages/scenes/scenes_es.properties@@scenes.welcomescene.update_msg=excluded;core/src/main/assets/messages/scenes/scenes_it.properties@@scenes.welcomescene.update_msg=excluded;core/src/main/assets/messages/scenes/scenes_vi.properties@@scenes.welcomescene.update_msg=excluded	Immutable diff contains valid Slice 1 translations plus deferred journal or excluded release content; exclude build/version metadata where present and the anchored WelcomeScene release-message hunks while preserving the remaining reviewed partition.
3365c0c4ef3fe1a6b56bd8c0ee3c7bf2749e0d62	sample	approved	slice1	assets-localization	-	Deterministic lexicographic sample from assets-localization; immutable diff 'v2.2.0: substantially improved crystal terrain visuals' is Slice 1 support with no named Slice 2 feature, iOS work, or upstream-only documentation.
a86e20c79369043e4c6d815fd56beac0e50cb683	frontier-required	override	slice1	frontier-mixed	core/src/main/java/com/shatteredpixel/shatteredpixeldungeon/items/wands/CursedWand.java@@Mimic.spawnAt(spawnCell, GoldenMimic.class, false)=slice1	The CursedWand hunk is a call-site adaptation to the new Mimic levelgen/deck API and preserves the existing rare effect; it is Slice 1 engine compatibility, not the deferred rare-effect rework.
265026843f0b62141cc56a41b95d718ac4055a57	frontier-required	override	mixed	frontier-mixed	build.gradle=excluded;core/src/main/assets/messages/scenes/scenes_be.properties@@scenes.welcomescene.update_msg=excluded;core/src/main/assets/messages/scenes/scenes_cs.properties@@scenes.welcomescene.update_msg=excluded;core/src/main/assets/messages/scenes/scenes_de.properties@@scenes.welcomescene.update_msg=excluded;core/src/main/assets/messages/scenes/scenes_el.properties@@scenes.welcomescene.update_msg=excluded;core/src/main/assets/messages/scenes/scenes_es.properties@@scenes.welcomescene.update_msg=excluded;core/src/main/assets/messages/scenes/scenes_fr.properties@@scenes.welcomescene.update_msg=excluded;core/src/main/assets/messages/scenes/scenes_hu.properties@@scenes.welcomescene.update_msg=excluded;core/src/main/assets/messages/scenes/scenes_it.properties@@scenes.welcomescene.update_msg=excluded;core/src/main/assets/messages/scenes/scenes_ja.properties@@scenes.welcomescene.update_msg=excluded;core/src/main/assets/messages/scenes/scenes_ko.properties@@scenes.welcomescene.update_msg=excluded;core/src/main/assets/messages/scenes/scenes_pl.properties@@scenes.welcomescene.update_msg=excluded;core/src/main/assets/messages/scenes/scenes_pt.properties@@scenes.welcomescene.update_msg=excluded;core/src/main/assets/messages/scenes/scenes_ru.properties@@scenes.welcomescene.update_msg=excluded;core/src/main/assets/messages/scenes/scenes_tr.properties@@scenes.welcomescene.update_msg=excluded;core/src/main/assets/messages/scenes/scenes_uk.properties@@scenes.welcomescene.update_msg=excluded;core/src/main/assets/messages/scenes/scenes_vi.properties@@scenes.welcomescene.update_msg=excluded;core/src/main/assets/messages/scenes/scenes_zh.properties@@scenes.welcomescene.update_msg=excluded	Immutable diff contains valid Slice 1 translations plus deferred journal or excluded release content; exclude build/version metadata where present and the anchored WelcomeScene release-message hunks while preserving the remaining reviewed partition.
4a67ff18ac1ec4255b262528aaef97f67b5b7683	sample	approved	slice1	assets-localization	-	Deterministic lexicographic sample from assets-localization; immutable diff 'v2.2.0: darkened crystals in new mining area' is Slice 1 support with no named Slice 2 feature, iOS work, or upstream-only documentation.
1fe28594a36789d4944dd5b48a1e223709dfdaf5	frontier-required	approved	slice1	hotspot-level	-	Immutable diff 'v2.2.0: crystal balance tweaks: - guardian damage down by 13.3% - 1 fewer wisp spawns on level start - wisp respawn delay increased by 50%' is a Slice 1 engine, tuning, build-compatibility, or runtime fix in hotspot-level with no named Slice 2 feature, iOS work, or upstream-only documentation.
59b6065a9a0850d6903248e21854c9464d2df035	frontier-required	approved	slice1	hotspot-dungeon,hotspot-level	-	Immutable diff 'v2.2.0: reduced the forbidden runes challenge's impact on levelgen' is a Slice 1 engine, tuning, build-compatibility, or runtime fix in hotspot-dungeon,hotspot-level with no named Slice 2 feature, iOS work, or upstream-only documentation.
a6d7116d38dcf186211418b9a6d5bd7d135ac9c5	frontier-required	approved	slice1	hotspot-level	-	Immutable diff 'v2.2.0: fixed into darkness challenge affecting broader levelgen' is a Slice 1 engine, tuning, build-compatibility, or runtime fix in hotspot-level with no named Slice 2 feature, iOS work, or upstream-only documentation.
e5e6d73b1972d2e0b1ad0313db73464fa43cf010	frontier-required	approved	slice1	hotspot-level	-	Immutable diff 'v2.2.0: fixed barren land challenge affecting broader levelgen' is a Slice 1 engine, tuning, build-compatibility, or runtime fix in hotspot-level with no named Slice 2 feature, iOS work, or upstream-only documentation.
baea3b7e83cd4f3421b4c5ab6e452357365c245c	frontier-required	approved	slice1	hotspot-level	-	Immutable diff 'v2.2.0: fixed imp shop not generating items during levelgen' is a Slice 1 engine, tuning, build-compatibility, or runtime fix in hotspot-level with no named Slice 2 feature, iOS work, or upstream-only documentation.
cf7ddd4dbd5e21bed004833f3091bb8a23177223	frontier-required	override	slice1	frontier-mixed	core/src/main/java/com/shatteredpixel/shatteredpixeldungeon/items/wands/CursedWand.java@@result = Generator.randomUsingDefaults=slice1	The CursedWand hunk prevents a non-levelgen rare-effect drop from consuming item decks, exactly matching this Slice 1 engine fix rather than adding the deferred cursed-wand feature rework.
8a07131c53fc4b56d25690aa067b2c2ebe8830dc	frontier-required	approved	slice1	hotspot-level	-	Immutable diff 'v2.2.0: added some very basic levelgen code for fungus quest' is a Slice 1 engine, tuning, build-compatibility, or runtime fix in hotspot-level with no named Slice 2 feature, iOS work, or upstream-only documentation.
e124533d586e12971071e1c09bbce49ce9b45df2	frontier-required	approved	slice1	hotspot-level	-	Immutable diff 'v2.2.0: added some additional examine text for caves quest walls' is a Slice 1 engine, tuning, build-compatibility, or runtime fix in hotspot-level with no named Slice 2 feature, iOS work, or upstream-only documentation.
a1da9b95560544d78263aa329b13396845ec24b4	frontier-required	approved	slice1	hotspot-level	-	Immutable diff 'v2.2.0: added the first enemy for the gnoll caves quest variant' is a Slice 1 engine, tuning, build-compatibility, or runtime fix in hotspot-level with no named Slice 2 feature, iOS work, or upstream-only documentation.
dfa2b1c16ee4e98995254678c1af9a4e4242be92	frontier-required	approved	slice1	hotspot-char	-	Immutable diff 'v2.2.0: added a safety check for CharSprite moving' is a Slice 1 engine, tuning, build-compatibility, or runtime fix in hotspot-char with no named Slice 2 feature, iOS work, or upstream-only documentation.
238e5a9862990c57c4b2831bc36462af8dbf6c84	frontier-required	override	mixed	frontier-mixed	build.gradle=excluded	Immutable diff combines useful translations or migration support with upstream release identity; exclude the build.gradle version hunk and any WelcomeScene release-message hunk while preserving Slice 1 content and existing feature partitions.
abdad5350af0a9ebf1389e2513fabd3aa9a4061a	frontier-required	approved	slice1	hotspot-hero	-	Immutable diff 'v2.2.0: various balance changes to the new caves quest' is a Slice 1 engine, tuning, build-compatibility, or runtime fix in hotspot-hero with no named Slice 2 feature, iOS work, or upstream-only documentation.
5b196428beccd0eaa5e27b69b67ca791c1228b74	frontier-required	approved	slice1	hotspot-char	-	Immutable diff 'v2.2.0: fixed throwItems not working with new enclosed crystal areas' is a Slice 1 engine, tuning, build-compatibility, or runtime fix in hotspot-char with no named Slice 2 feature, iOS work, or upstream-only documentation.
0142b9a9efbfe3d0db06d45be4568e0b04c9c6c0	frontier-required	approved	slice1	build-review	-	Immutable diff 'v2.2.0: reverted AGP updates, fixes crashes on old Android versions' is a Slice 1 engine, tuning, build-compatibility, or runtime fix in build-review with no named Slice 2 feature, iOS work, or upstream-only documentation.
274835f9fb719d5084c42f260b737050bfaed372	frontier-required	override	mixed	frontier-mixed	build.gradle=excluded	Immutable diff combines useful translations or migration support with upstream release identity; exclude the build.gradle version hunk and any WelcomeScene release-message hunk while preserving Slice 1 content and existing feature partitions.
385ab558fd51fd8df1a9048e1e81be1af91b191e	frontier-required	approved	slice1	hotspot-hero	-	Immutable diff 'v2.2.0: fixed various cases where the pickaxe could be lost, softlocking' is a Slice 1 engine, tuning, build-compatibility, or runtime fix in hotspot-hero with no named Slice 2 feature, iOS work, or upstream-only documentation.
64b6f11040fcc6f76e41ab8565dc944229e30022	frontier-required	approved	slice1	hotspot-level	-	Immutable diff 'v2.2.0: mining levels now spawn a torch when into darkness is enabled' is a Slice 1 engine, tuning, build-compatibility, or runtime fix in hotspot-level with no named Slice 2 feature, iOS work, or upstream-only documentation.
35022e8075e1f0375bfa30e01cb90f4728446246	frontier-required	approved	slice1	hotspot-char	-	Immutable diff 'v2.2.0: downed guardians now repel items & don't trigger on-hit effects' is a Slice 1 engine, tuning, build-compatibility, or runtime fix in hotspot-char with no named Slice 2 feature, iOS work, or upstream-only documentation.
04a56c5ceaf202196783a5b55b9e01724388db0c	frontier-required	approved	slice1	hotspot-dungeon	-	Immutable diff 'v2.2.0: fixed findstep also including avoid cells in all cases' is a Slice 1 engine, tuning, build-compatibility, or runtime fix in hotspot-dungeon with no named Slice 2 feature, iOS work, or upstream-only documentation.
51cfd6eb4541cc25f7c68542c07d855241a0ee4f	frontier-required	override	excluded	build-review	-	Immutable diff is only an upstream release version bump plus changelog or WelcomeScene release copy; it is product identity metadata, not Slice 1 engine or tuning work.
a3bc38c6a98db4c4b47788479efa65da48bc9908	frontier-required	approved	excluded	excluded-ios	-	Immutable diff 'v2.2.0: added arm64 in robovm.xml (builds were already using it)' is confined to excluded-ios content and correctly remains outside Slice 1.
d67770f13e65975232221be137a7bbaa56a196dd	frontier-required	override	mixed	frontier-mixed	build.gradle=excluded	Immutable diff combines useful translations or migration support with upstream release identity; exclude the build.gradle version hunk and any WelcomeScene release-message hunk while preserving Slice 1 content and existing feature partitions.
dfa93f5c9454a523b950c1e305d7ecaf3c460327	frontier-required	override	mixed	frontier-mixed	build.gradle=excluded	Immutable diff combines useful translations or migration support with upstream release identity; exclude the build.gradle version hunk and any WelcomeScene release-message hunk while preserving Slice 1 content and existing feature partitions.
f9e65299492c7d3ca98bbd0382dd6fe711ef59da	frontier-required	approved	slice1	hotspot-level	-	Immutable diff 'v2.2.0: loads more refinement on the crystal spire fight.' is a Slice 1 engine, tuning, build-compatibility, or runtime fix in hotspot-level with no named Slice 2 feature, iOS work, or upstream-only documentation.
1ac19a002dad772c260dfa5cdd740487246c17d4	frontier-required	approved	slice1	hotspot-hero	-	Immutable diff 'v2.2.0: improved gold mining: takes 1 turn and doesn't break crystal' is a Slice 1 engine, tuning, build-compatibility, or runtime fix in hotspot-hero with no named Slice 2 feature, iOS work, or upstream-only documentation.
5d16bf99b04e471d56e581490bf9bcd2057627e9	frontier-required	approved	slice1	hotspot-level	-	Immutable diff 'v2.2.0: fixed various minor hiccups with new music system' is a Slice 1 engine, tuning, build-compatibility, or runtime fix in hotspot-level with no named Slice 2 feature, iOS work, or upstream-only documentation.
7f5c82ee8177a846975079070c8f05395e197bc8	frontier-required	override	excluded	platform-review	-	Immutable diff only changes the upstream macOS notarization packaging script; this release tooling is outside Slice 1 engine and tuning scope.
069f2fdbc2ade2b270d2af25c16753108c87f8ab	frontier-required	approved	slice1	hotspot-hero	-	Immutable diff 'v2.2.0: lots more crystal enemy mechanics implementation' is a Slice 1 engine, tuning, build-compatibility, or runtime fix in hotspot-hero with no named Slice 2 feature, iOS work, or upstream-only documentation.
6dcb16f70a837f808bcc3c8593628caae0d4bdd6	frontier-required	approved	slice1	hotspot-level	-	Immutable diff 'v2.2.0: numerous improvements to mining/crystal quest cave generation' is a Slice 1 engine, tuning, build-compatibility, or runtime fix in hotspot-level with no named Slice 2 feature, iOS work, or upstream-only documentation.
02bcd233785f39ba4b4b545e30357c370cd3b4e9	frontier-required	approved	slice1	hotspot-level	-	Immutable diff 'v2.2.0: added some null safety checks to quest music playback' is a Slice 1 engine, tuning, build-compatibility, or runtime fix in hotspot-level with no named Slice 2 feature, iOS work, or upstream-only documentation.
e45206016a33c0a1c6a8cdc1dfa6fc60402d1815	frontier-required	approved	slice1	hotspot-level	-	Immutable diff 'v2.2.0: added a new tile type that matches empty but cannot be modified' is a Slice 1 engine, tuning, build-compatibility, or runtime fix in hotspot-level with no named S…2508 tokens truncated…gine, tuning, build-compatibility, or runtime fix in hotspot-hero with no named Slice 2 feature, iOS work, or upstream-only documentation.
4c86cba1cf29669f11a823914ef228e3624d08d3	frontier-required	approved	slice1	hotspot-char,hotspot-dungeon,hotspot-level	-	Immutable diff 'v2.2.0: early incomplete implementations for crystal enemies' is a Slice 1 engine, tuning, build-compatibility, or runtime fix in hotspot-char,hotspot-dungeon,hotspot-level with no named Slice 2 feature, iOS work, or upstream-only documentation.
b26b943eeeafbde0d3170eacaae7ec317d8e3e44	frontier-required	override	mixed	frontier-mixed	build.gradle=excluded	Immutable diff combines Slice 1 translations with deferred journal content and an upstream release-version bump; exclude build.gradle while preserving the reviewed path partition.
41d79f2ea4defbd58aede9484de486d9a3492b10	frontier-required	approved	slice1	hotspot-hero,hotspot-level	-	Immutable diff 'v2.2.0: enabled hunger mechanics in the new mining area' is a Slice 1 engine, tuning, build-compatibility, or runtime fix in hotspot-hero,hotspot-level with no named Slice 2 feature, iOS work, or upstream-only documentation.
b3066625c775cbdbbde5419d31aa6c8061c5a698	frontier-required	override	mixed	frontier-mixed	build.gradle=excluded	Immutable diff combines Slice 1 translations with deferred journal content and an upstream release-version bump; exclude build.gradle while preserving the reviewed path partition.
073f951ba92cf4fe44bb87386abacc33c445826a	frontier-required	approved	slice1	hotspot-level	-	Immutable diff 'v2.2.0: Fixed Yog's music sometimes playing before the fight starts' is a Slice 1 engine, tuning, build-compatibility, or runtime fix in hotspot-level with no named Slice 2 feature, iOS work, or upstream-only documentation.
2cf30cacc765ce941cfdd101614f333d4eed342f	frontier-required	approved	mixed	frontier-mixed	-	Reviewed every following partition row and the immutable diff for 'v2.2.0: fixed prison tense file being the same as halls tense'; paths fully cover the diff and correctly preserve Slice 1 while deferring marked iOS or upstream-doc content.
0afff0c7e7004ed89dd30b31e72e426a84c0bc03	frontier-required	approved	slice1	hotspot-level	-	Immutable diff 'v2.2.0: extended the fade out time for boss tracks' is a Slice 1 engine, tuning, build-compatibility, or runtime fix in hotspot-level with no named Slice 2 feature, iOS work, or upstream-only documentation.
5bd755b1634e8d0cc2b689bc7498b9b285865f8f	frontier-required	override	excluded	frontier-mixed	-	Immutable diff is only an upstream beta version bump and changelog entry; it is product release metadata, not Slice 1 engine or tuning work.
9c2588e197d0e5c82a490ac4e7604112031bd247	frontier-required	override	excluded	frontier-mixed	-	Immutable diff is only an upstream beta version bump and changelog entry; it is product release metadata, not Slice 1 engine or tuning work.
55f267f5b6eb176b536a1a2c3a7850c87693a873	frontier-required	override	mixed	frontier-mixed	core/src/main/assets/messages/scenes/scenes_de.properties@@scenes.welcomescene.update_msg=excluded;core/src/main/assets/messages/scenes/scenes_in.properties@@scenes.welcomescene.update_msg=excluded	Keep ordinary Slice 1 translations and defer journal files, but exclude the two anchored upstream WelcomeScene release-message hunks embedded in otherwise shared scene catalogs.
acd8e29ea47431610eebf1a31d3edc9d9bd99b01	frontier-required	override	excluded	frontier-mixed	-	Immutable diff is only an upstream beta version bump, changelog entry, and WelcomeScene release copy; it is product release metadata outside Slice 1.
091b17a3d60eee5e79706e41ebf9c44d71fd5777	frontier-required	approved	slice1	hotspot-level	-	Immutable diff 'v2.2.0: added a check for player trying to leave pickaxe in quest ares' is a Slice 1 engine, tuning, build-compatibility, or runtime fix in hotspot-level with no named Slice 2 feature, iOS work, or upstream-only documentation.
2eb2f1c12a59cfacbcbf9596d18c3317adbd614c	frontier-required	override	mixed	frontier-mixed	core/src/main/assets/messages/scenes/scenes_be.properties@@scenes.welcomescene.patch_balance=excluded;core/src/main/assets/messages/scenes/scenes_be.properties@@scenes.welcomescene.patch_bugfixes=excluded;core/src/main/assets/messages/scenes/scenes_be.properties@@scenes.welcomescene.patch_intro=excluded;core/src/main/assets/messages/scenes/scenes_be.properties@@scenes.welcomescene.patch_msg=excluded;core/src/main/assets/messages/scenes/scenes_be.properties@@scenes.welcomescene.patch_translations=excluded;core/src/main/assets/messages/scenes/scenes_be.properties@@scenes.welcomescene.update_intro=excluded;core/src/main/assets/messages/scenes/scenes_be.properties@@scenes.welcomescene.update_msg=excluded	Keep the new Belarusian gameplay translations and defer its journal catalog, but exclude the anchored upstream-branded WelcomeScene release-message block from the shared scene catalog.
8eb23aacb3269115556b95ba85ae65869fc4cec3	frontier-required	override	excluded	frontier-mixed	-	Immutable diff is only an upstream alpha version bump and changelog entry; it is product release metadata, not Slice 1 engine or tuning work.
be110feb03113b65c846580a9683f15451ac3cfe	frontier-required	override	excluded	frontier-mixed	-	Immutable diff is only an upstream alpha version bump plus changelog and WelcomeScene release copy; it is product release metadata outside Slice 1.
db782a5a905ae94182441953f2a861900776a573	frontier-required	approved	mixed	frontier-mixed	-	Reviewed every following partition row and the immutable diff for 'v2.2.0: added a third segment to each region's track'; paths fully cover the diff and correctly preserve Slice 1 while deferring marked iOS or upstream-doc content.
bae770407f0cc8a9e154497d569548c2550ec13b	frontier-required	approved	mixed	frontier-mixed	-	Reviewed every following partition row and the immutable diff for 'v2.2.0: added finale tracks for the 3 later bosses and the game itself'; paths fully cover the diff and correctly preserve Slice 1 while deferring marked iOS or upstream-doc content.
93a0ff7e597c5b369b8eb979405a5490f5450f93	frontier-required	approved	mixed	frontier-mixed	-	Reviewed every following partition row and the immutable diff for 'v2.2.0: tiny changes to mixing/volume of existing tracks'; paths fully cover the diff and correctly preserve Slice 1 while deferring marked iOS or upstream-doc content.
31efb7fd848f6ed72170dbe3f0caa7a96192f1a3	frontier-required	approved	slice1	hotspot-level	-	Immutable diff 'v2.2.0: tense musing now also plays during the game's first three quests' is a Slice 1 engine, tuning, build-compatibility, or runtime fix in hotspot-level with no named Slice 2 feature, iOS work, or upstream-only documentation.
f6f3129c8bc0d7b1304e91d02c8609fcc8b08721	frontier-required	approved	slice1	build-review	-	Immutable diff 'v2.2.0: updated some dependencies' is a Slice 1 engine, tuning, build-compatibility, or runtime fix in build-review with no named Slice 2 feature, iOS work, or upstream-only documentation.
54c19b08425a8d4c1325f04832740e91b0a8b255	frontier-required	approved	mixed	frontier-mixed	-	Reviewed every following partition row and the immutable diff for 'v2.2.0: added five new 'tense' soundtracks, which play during ascent'; paths fully cover the diff and correctly preserve Slice 1 while deferring marked iOS or upstream-doc content.
3ff942a895c117df00def06ad2a88b9c0b28a1bd	frontier-required	approved	slice1	hotspot-level	-	Immutable diff 'v2.2.0: reverted unintentional change of floor 1 traps' is a Slice 1 engine, tuning, build-compatibility, or runtime fix in hotspot-level with no named Slice 2 feature, iOS work, or upstream-only documentation.
1adac5508d2316d8a3ab724c5e0b3b8d95e9a124	frontier-required	approved	excluded	excluded-upstream-docs	-	Immutable diff 'v2.2.0: fixed a few incorrect sprites in the changes screen' is confined to excluded-upstream-docs content and correctly remains outside Slice 1.
33b065e69c56bf911c6b6a1255f8e7476e01bef0	frontier-required	approved	mixed	frontier-mixed	-	Reviewed every following partition row and the immutable diff for 'v2.2.0: reworked all of the T2 potion & scroll talents'; paths fully cover the diff and correctly preserve Slice 1 while deferring marked iOS or upstream-doc content.
d2b8bc5dab96a4e01fafd433ae9933c7093ea652	frontier-required	approved	slice1	hotspot-level	-	Immutable diff 'v2.2.0: the DM-300 fight now have a guaranteed safe path to each pylon' is a Slice 1 engine, tuning, build-compatibility, or runtime fix in hotspot-level with no named Slice 2 feature, iOS work, or upstream-only documentation.
0116fdbf57271ba643d9842c782988b8f114f103	sample	approved	slice1	cold-code	-	Deterministic lexicographic sample from cold-code; immutable diff 'v2.2.0: ghost and wandmaker dialogues now use ItemButton' is Slice 1 support with no named Slice 2 feature, iOS work, or upstream-only documentation.
caaa820038b09fb9e6735f1e476beb2a4c0d16dd	frontier-required	approved	slice1	hotspot-char	-	Immutable diff 'v2.2.0: added various safety checks to prevent rare crash errors' is a Slice 1 engine, tuning, build-compatibility, or runtime fix in hotspot-char with no named Slice 2 feature, iOS work, or upstream-only documentation.
4be8b8b65887e11f07e48cb15d17119303aa8a83	frontier-required	approved	slice1	hotspot-hero,hotspot-level	-	Immutable diff 'v2.2.0: refactored code that triggers on level transition' is a Slice 1 engine, tuning, build-compatibility, or runtime fix in hotspot-hero,hotspot-level with no named Slice 2 feature, iOS work, or upstream-only documentation.
2931951e8984d19b3036f828150dbeab36c9d0e4	frontier-required	approved	slice1	hotspot-hero	-	Immutable diff 'v2.2.0: added a bunch of structuring for the blacksmith quest' is a Slice 1 engine, tuning, build-compatibility, or runtime fix in hotspot-hero with no named Slice 2 feature, iOS work, or upstream-only documentation.
345ddffd1bac242a6e9c76f45340ab77c1294ea1	frontier-required	approved	slice1	hotspot-actor,hotspot-level	-	Immutable diff 'v2.2.0: removed usages of negative values in Actor.addDelayed' is a Slice 1 engine, tuning, build-compatibility, or runtime fix in hotspot-actor,hotspot-level with no named Slice 2 feature, iOS work, or upstream-only documentation.
7b6fed2acf930dfc17d4e56b7be415360b85d838	frontier-required	approved	slice1	build-review	-	Immutable diff 'v2.2.0: updated android build tools' is a Slice 1 engine, tuning, build-compatibility, or runtime fix in build-review with no named Slice 2 feature, iOS work, or upstream-only documentation.
d1bc612d46cb22e6dcd1e7f8b9e1dec144699799	frontier-required	approved	slice1	hotspot-hero	-	Immutable diff 'v2.2.0: added basic logic for quest scoring and a reward placeholder' is a Slice 1 engine, tuning, build-compatibility, or runtime fix in hotspot-hero with no named Slice 2 feature, iOS work, or upstream-only documentation.
987053121dc2210c3646fe80bbbe7bcf51d9021b	frontier-required	approved	slice1	hotspot-hero	-	Immutable diff 'v2.2.0: early impl for blacksmith quest granting' is a Slice 1 engine, tuning, build-compatibility, or runtime fix in hotspot-hero with no named Slice 2 feature, iOS work, or upstream-only documentation.
c09f28ea30495b738ac9ee86c5edf017386558a9	frontier-required	approved	slice1	hotspot-level	-	Immutable diff 'v2.2.0: implemented a bunch of baseline logic for the mining area' is a Slice 1 engine, tuning, build-compatibility, or runtime fix in hotspot-level with no named Slice 2 feature, iOS work, or upstream-only documentation.
4c648b460a0fcbf00ea6ffd6a453139965f4b160	frontier-required	approved	slice1	hotspot-level	-	Immutable diff 'v2.2.0: added a proper entrance room for the blacksmith quest area' is a Slice 1 engine, tuning, build-compatibility, or runtime fix in hotspot-level with no named Slice 2 feature, iOS work, or upstream-only documentation.
054ffbc21b80d09301a387e75673cb129c2ebf3d	sample	approved	slice1	cold-code	-	Deterministic lexicographic sample from cold-code; immutable diff 'v2.2.0: re-added grass in terrain features (forgot about custom visuals)' is Slice 1 support with no named Slice 2 feature, iOS work, or upstream-only documentation.
0098ce2343ff302a74f32511ede4322cdc45943f	frontier-required	approved	slice1	hotspot-hero,hotspot-level	-	Immutable diff 'v2.2.0: added some new terrain types for blacksmith quest' is a Slice 1 engine, tuning, build-compatibility, or runtime fix in hotspot-hero,hotspot-level with no named Slice 2 feature, iOS work, or upstream-only documentation.
fd0f4ce77ae1946af0ebf392498acf8406714507	frontier-required	approved	slice1	hotspot-level	-	Immutable diff 'v2.2.0: added a new custom decoration tile type (replaces signs)' is a Slice 1 engine, tuning, build-compatibility, or runtime fix in hotspot-level with no named Slice 2 feature, iOS work, or upstream-only documentation.
6e5687e58086c9b592e39ade4cc4edc4b17f8cf3	frontier-required	approved	slice1	hotspot-level	-	Immutable diff 'v2.2.0: restructured terrain assets to make more free space' is a Slice 1 engine, tuning, build-compatibility, or runtime fix in hotspot-level with no named Slice 2 feature, iOS work, or upstream-only documentation.
8f741edbc91d1c476f36e04a84cb58b1b63cce7d	frontier-required	approved	slice1	hotspot-level	-	Immutable diff 'v2.2.0: further improved clarity of gold in stitched wall tiles' is a Slice 1 engine, tuning, build-compatibility, or runtime fix in hotspot-level with no named Slice 2 feature, iOS work, or upstream-only documentation.
0b754e96261e6270abe3230d0f67f3a8b8cefc0d	frontier-required	approved	slice1	hotspot-level	-	Immutable diff 'v2.2.0: gold in the mining level now twinkles above wall overhang' is a Slice 1 engine, tuning, build-compatibility, or runtime fix in hotspot-level with no named Slice 2 feature, iOS work, or upstream-only documentation.
7127f31095466e1911166eabcc303a5a43103f87	frontier-required	approved	excluded	excluded-ios	-	Immutable diff 'v2.2.0: attempted to improve some aspects of iOS crash reporting' is confined to excluded-ios content and correctly remains outside Slice 1.
ae9b93511002be43302ea918cd412b30712415f6	frontier-required	approved	slice1	hotspot-level	-	Immutable diff 'v2.2.0: fixed mining levels creating custom tile visuals multiple times' is a Slice 1 engine, tuning, build-compatibility, or runtime fix in hotspot-level with no named Slice 2 feature, iOS work, or upstream-only documentation.
e5e3503cfa43b8f2766167557fdc26a08b2c0c8d	frontier-required	approved	slice1	build-review	-	Immutable diff 'v2.2.0: fixed copyAndroidNatives causing errors with project cleaning' is a Slice 1 engine, tuning, build-compatibility, or runtime fix in build-review with no named Slice 2 feature, iOS work, or upstream-only documentation.
b90bd6c735e8a880fea20694af235e324f99d606	frontier-required	approved	slice1	hotspot-level	-	Immutable diff 'v2.2.0: fixed recent quest changes causing sewer levels to skip mob spawning' is a Slice 1 engine, tuning, build-compatibility, or runtime fix in hotspot-level with no named Slice 2 feature, iOS work, or upstream-only documentation.
dbb1e8b14dd6d23a2d92dc1976c80d8e5abeb785	frontier-required	approved	slice1	hotspot-level	-	Immutable diff 'v2.2.0: made a bunch of WIP improvements to mining level layout' is a Slice 1 engine, tuning, build-compatibility, or runtime fix in hotspot-level with no named Slice 2 feature, iOS work, or upstream-only documentation.
91387bfe783a1d3e73f0154386abac36dac341c0	frontier-required	approved	slice1	hotspot-level	-	Immutable diff 'v2.2.0: standardized code for how quest NPCs are spawned' is a Slice 1 engine, tuning, build-compatibility, or runtime fix in hotspot-level with no named Slice 2 feature, iOS work, or upstream-only documentation.
d8e11473f924ba4af8b4a237791c142eb52fa5cf	frontier-required	approved	slice1	platform-review	-	Immutable diff 'v2.2.0: fixed an incorrect check in desktop exception handler' is a Slice 1 engine, tuning, build-compatibility, or runtime fix in platform-review with no named Slice 2 feature, iOS work, or upstream-only documentation.
8abc3699d5d961ff81947d9c23696d9bd862a5c9	frontier-required	approved	slice1	hotspot-dungeon	-	Immutable diff 'v2.2.0: overhauled retreating enemy AI' is a Slice 1 engine, tuning, build-compatibility, or runtime fix in hotspot-dungeon with no named Slice 2 feature, iOS work, or upstream-only documentation.
c9eb216d203cb889095b12ba68b7282e45544382	frontier-required	approved	slice1	hotspot-char,hotspot-dungeon,hotspot-level	-	Immutable diff 'v2.2.0: moved BArray into the SPD-classes module' is a Slice 1 engine, tuning, build-compatibility, or runtime fix in hotspot-char,hotspot-dungeon,hotspot-level with no named Slice 2 feature, iOS work, or upstream-only documentation.
4bbd69a47068d25ea5f3782a575f78f9fe09c541	frontier-required	approved	slice1	hotspot-level	-	Immutable diff 'v2.2.0: the sad ghost now spawns and stays at the level exit' is a Slice 1 engine, tuning, build-compatibility, or runtime fix in hotspot-level with no named Slice 2 feature, iOS work, or upstream-only documentation.
d6fa0b82dddaf09295a009a6f08e3a2b958d3733	frontier-required	approved	slice1	hotspot-level	-	Immutable diff 'v2.2.0: added a basic first gold generator for mining levels' is a Slice 1 engine, tuning, build-compatibility, or runtime fix in hotspot-level with no named Slice 2 feature, iOS work, or upstream-only documentation.
aec4b0089c731ac6102fcdbdd1cac6440b8c00e9	frontier-required	override	slice1	frontier-mixed	core/src/main/java/com/shatteredpixel/shatteredpixeldungeon/scenes/WelcomeScene.java=slice1	The WelcomeScene hunk is functional tutorial-state handling paired with HeroSelectScene, not upstream release documentation; both hunks are required together for the Slice 1 behavior fix.
66c62f208180a204d3ca5dd872f386191036733c	frontier-required	approved	slice1	hotspot-level	-	Immutable diff 'v2.2.0: improved border visuals for mining level' is a Slice 1 engine, tuning, build-compatibility, or runtime fix in hotspot-level with no named Slice 2 feature, iOS work, or upstream-only documentation.
d39ecceaef123ae751815aadafa062086a2b26b8	frontier-required	approved	mixed	frontier-mixed	-	Reviewed all 2 following partition rows and the immutable diff for 'v2.2.0: updated version definitions in ShatteredPixelDungeon.java'; paths fully cover the diff and correctly preserve Slice 1 while deferring marked feature, iOS, or upstream-doc content.
13ba94252ad2fc9cbaeba7630b693964a6c754f7	frontier-required	approved	excluded	excluded-upstream-docs	-	Immutable diff 'v2.2.0: dev commentary for v1.1.0' is confined to excluded-upstream-docs content and correctly remains outside Slice 1.
a98a92dfbbf4793b64a81d1c3dcf49f1517de5bd	frontier-required	approved	excluded	excluded-upstream-docs	-	Immutable diff 'v2.2.0: condensed v2.1's changelog' is confined to excluded-upstream-docs content and correctly remains outside Slice 1.
53b4cf297e74a8a62a6b13b91dd173364e24ed9f	frontier-required	override	excluded	platform-review	-	Immutable diff removes instant-app install APIs across UpdateService and core prompts; importing it would replace CPDU marketplace/update-service behavior and is outside Slice 1.
9ba42fda5d86169f2e77b759538c231bd31f3f55	frontier-required	override	mixed	frontier-mixed	build.gradle=excluded	Immutable diff combines useful translations or migration support with upstream release identity; exclude the build.gradle version hunk and any WelcomeScene release-message hunk while preserving Slice 1 content and existing feature partitions.
8a4a1b27574784dd3c7a46e30a059e75afb37348	frontier-required	approved	slice1	hotspot-level	-	Immutable diff 'v2.1.4: fixed mining level not properly setting its music' is a Slice 1 engine, tuning, build-compatibility, or runtime fix in hotspot-level with no named Slice 2 feature, iOS work, or upstream-only documentation.
19d24f8660ae5e77ae6862c78be9e5b68d9d8727	frontier-required	approved	excluded	excluded-upstream-docs	-	Immutable diff 'v2.1.4: condensed changelog for v2.0' is confined to excluded-upstream-docs content and correctly remains outside Slice 1.
3d01bc8c2e57a27d1315d21274f64850039594e4	frontier-required	approved	mixed	frontier-mixed	-	Reviewed all 7 following partition rows and the immutable diff for 'v2.1.4: fixed a few caess of game effects not accounting for branches'; paths fully cover the diff and correctly preserve Slice 1 while deferring marked feature, iOS, or upstream-doc content.
8c4a8acae51ce11e9072f6de8f6b2e4fff5ce94a	frontier-required	approved	mixed	frontier-mixed	-	Reviewed all 3 following partition rows and the immutable diff for 'v2.1.4: fixed tilemap changes messing with some static visuals'; paths fully cover the diff and correctly preserve Slice 1 while deferring marked feature, iOS, or upstream-doc content.
56682a28ec8b0026a5fd39b6bc246517aec39aca	frontier-required	approved	slice1	hotspot-level	-	Immutable diff 'v2.1.4: added a couple custom visuals to the blacksmith quest area' is a Slice 1 engine, tuning, build-compatibility, or runtime fix in hotspot-level with no named Slice 2 feature, iOS work, or upstream-only documentation.
feb9d8df24ad7165fdc412ddbc0c89d3df8af5e8	frontier-required	override	mixed	build-review	build.gradle=excluded	Keep the Armor description condition fix as Slice 1, but exclude the unrelated upstream appVersionCode bump in build.gradle.
4a38ecde566fb5985676be484b3db7243fdd643e	frontier-required	override	excluded	frontier-mixed	-	Immutable diff is only an upstream release version bump plus changelog or WelcomeScene release copy; it is product identity metadata, not Slice 1 engine or tuning work.
4d5c9ece6e144a5e1cc8add20b6410033b96e062	frontier-required	override	mixed	frontier-mixed	core/src/main/assets/messages/scenes/scenes_de.properties@@scenes.welcomescene.update_msg=excluded	Immutable diff contains valid Slice 1 translations plus deferred journal content; exclude the anchored upstream WelcomeScene release-message hunks while preserving all other reviewed translation paths.
ba14831a7e1c4967f9ae27041a80295eb36c0eb8	frontier-required	approved	slice1	hotspot-level	-	Immutable diff 'v2.1.3: further improved visuals and text for mining level' is a Slice 1 engine, tuning, build-compatibility, or runtime fix in hotspot-level with no named Slice 2 feature, iOS work, or upstream-only documentation.
01c7b481f60c5e8c3071bfdce89fa6236514b4c5	sample	approved	slice1	cold-code	-	Deterministic lexicographic sample from cold-code; immutable diff 'v2.1.3: added support for wall decoration overhang visuals' is Slice 1 support with no named Slice 2 feature, iOS work, or upstream-only documentation.
c6a8fbea8a0275addbe6beefbec058044477359a	frontier-required	approved	slice1	hotspot-level	-	Immutable diff 'v2.1.3: improved visuals/themeing for mining level' is a Slice 1 engine, tuning, build-compatibility, or runtime fix in hotspot-level with no named Slice 2 feature, iOS work, or upstream-only documentation.
f39a859353a57e62316b6775ac33f0e5b341e27c	frontier-required	approved	slice1	hotspot-level	-	Immutable diff 'v2.1.3: improved code for regeneration pause effects' is a Slice 1 engine, tuning, build-compatibility, or runtime fix in hotspot-level with no named Slice 2 feature, iOS work, or upstream-only documentation.
10dc3bba75ac87e726c25f306cae59a971f4e452	frontier-required	approved	slice1	hotspot-hero	-	Immutable diff 'v2.1.3: fixed action and minor pathfinding errors with mine action' is a Slice 1 engine, tuning, build-compatibility, or runtime fix in hotspot-hero with no named Slice 2 feature, iOS work, or upstream-only documentation.
161a67b8e185b4fb2a38cf35fc71289cb7bf1ae3	frontier-required	approved	slice1	hotspot-hero,hotspot-dungeon,hotspot-level	-	Immutable diff 'v2.1.3: added basic mining and sub-floor functionality!' is a Slice 1 engine, tuning, build-compatibility, or runtime fix in hotspot-hero,hotspot-dungeon,hotspot-level with no named Slice 2 feature, iOS work, or upstream-only documentation.
de6878cef0d23cb63b863370e8d9c089fdff3914	frontier-required	approved	slice1	hotspot-level	-	Immutable diff 'v2.1.3: getTransition now gives entrances if it cannot find specifics' is a Slice 1 engine, tuning, build-compatibility, or runtime fix in hotspot-level with no named Slice 2 feature, iOS work, or upstream-only documentation.
fcc136e2eb896612e48fcada384092857c734e8c	frontier-required	approved	slice1	hotspot-bundle	-	Immutable diff 'v2.1.3: adjusted error logging in a few places' is a Slice 1 engine, tuning, build-compatibility, or runtime fix in hotspot-bundle with no named Slice 2 feature, iOS work, or upstream-only documentation.
02210b0a8cbee9099064f9c1fce2607588a17d1b	frontier-required	approved	slice1	hotspot-hero,hotspot-level,hotspot-settings-serialization	-	Immutable diff 'v2.1.3: added a slider for screen shake in the game settings (0x to 2x)' is a Slice 1 engine, tuning, build-compatibility, or runtime fix in hotspot-hero,hotspot-level,hotspot-settings-serialization with no named Slice 2 feature, iOS work, or upstream-only documentation.
8d116774834ef001bc113c04fdd52e0c828b23a8	frontier-required	approved	slice1	hotspot-level	-	Immutable diff 'v2.1.3: remains now work with dungeon branch' is a Slice 1 engine, tuning, build-compatibility, or runtime fix in hotspot-level with no named Slice 2 feature, iOS work, or upstream-only documentation.
18dc7dd45037dea59d2193507e499b7ce8f9b6cb	frontier-required	override	excluded	frontier-mixed	-	Immutable diff is only an upstream release version bump plus changelog or WelcomeScene release copy; it is product identity metadata, not Slice 1 engine or tuning work.
8d3226ba5a873054273d18e7b2cd4efbf364b6f7	frontier-required	approved	slice1	hotspot-dungeon	-	Immutable diff 'v2.1.2: fixed retreating errors for large chars caused by 2.1.1' is a Slice 1 engine, tuning, build-compatibility, or runtime fix in hotspot-dungeon with no named Slice 2 feature, iOS work, or upstream-only documentation.
2f96c867ba0ef7320827fbf918f0260094f81304	sample	approved	slice1	assets-localization	-	Deterministic lexicographic sample from assets-localization; immutable diff 'v2.1.2: removed some leftovers that got into items.png' is Slice 1 support with no named Slice 2 feature, iOS work, or upstream-only documentation.
041da48aa7d45ba8e4ea28ef325ce53634cbde4c	sample	approved	slice1	cold-code	-	Deterministic lexicographic sample from cold-code; immutable diff 'v2.1.2: updated texts in advanced of v2.1.2 release for translators' is Slice 1 support with no named Slice 2 feature, iOS work, or upstream-only documentation.
ef7434be95cf2548e6634eb22bfba2729c561cff	frontier-required	override	excluded	frontier-mixed	-	Immutable diff is only an upstream release version bump plus changelog or WelcomeScene release copy; it is product identity metadata, not Slice 1 engine or tuning work.
d20665c2e2c8500344a5301fb5d3f0b13aa8d375	frontier-required	override	mixed	frontier-mixed	core/src/main/assets/messages/scenes/scenes_de.properties@@scenes.welcomescene.update_msg=excluded;core/src/main/assets/messages/scenes/scenes_hu.properties@@scenes.welcomescene.update_msg=excluded;core/src/main/assets/messages/scenes/scenes_ja.properties@@scenes.welcomescene.update_msg=excluded;core/src/main/assets/messages/scenes/scenes_pt.properties@@scenes.welcomescene.update_msg=excluded	Immutable diff contains valid Slice 1 translations plus deferred journal content; exclude the anchored upstream WelcomeScene release-message hunks while preserving all other reviewed translation paths.
00c45dc7fa3906e48f07de2239b05c18c3b04c4f	sample	approved	slice1	cold-code	-	Deterministic lexicographic sample from cold-code; immutable diff 'v2.1.1: consistency pass on auto move effects, hazards, and levitation' is Slice 1 support with no named Slice 2 feature, iOS work, or upstream-only documentation.
2ff3e26bbc5884a4bb686696967bbd9ced4f0701	frontier-required	approved	slice1	hotspot-char,hotspot-hero	-	Immutable diff 'v2.1.1: improved how barkskin handles being applied by multiple sources' is a Slice 1 engine, tuning, build-compatibility, or runtime fix in hotspot-char,hotspot-hero with no named Slice 2 feature, iOS work, or upstream-only documentation.
a49215ccc7f116b1adb4a02863c4bbeb06a9177f	frontier-required	approved	slice1	hotspot-dungeon	-	Immutable diff 'v2.1.1: enemies now go for targets they can reach over ones they can't' is a Slice 1 engine, tuning, build-compatibility, or runtime fix in hotspot-dungeon with no named Slice 2 feature, iOS work, or upstream-only documentation.
72642717816df5b3ee40512c1e4ab6e185e9c14c	frontier-required	approved	slice1	hotspot-level	-	Immutable diff 'v2.1.1: fixed specific cases where player could exploit fixTime' is a Slice 1 engine, tuning, build-compatibility, or runtime fix in hotspot-level with no named Slice 2 feature, iOS work, or upstream-only documentation.
575357fb324f77bbbc4ab02b57fd698ec69c51c4	frontier-required	approved	slice1	hotspot-hero,hotspot-dungeon,hotspot-level	-	Immutable diff 'v2.1.1: added lots of new code to support actually using depth branches' is a Slice 1 engine, tuning, build-compatibility, or runtime fix in hotspot-hero,hotspot-dungeon,hotspot-level with no named Slice 2 feature, iOS work, or upstream-only documentation.
4e6a8ce0ab85258124989b77878b8f3f1609b221	frontier-required	approved	mixed	frontier-mixed	-	Reviewed all 220 following partition rows and the immutable diff for 'v2.1.1: optimized imports for the whole codebase'; paths fully cover the diff and correctly preserve Slice 1 while deferring marked feature, iOS, or upstream-doc content.
e0ca11e307c10b705377dd755deb4f31a0a30842	frontier-required	approved	excluded	excluded-upstream-docs	-	Immutable diff 'v2.1.1: fixed various changelog typos' is confined to excluded-upstream-docs content and correctly remains outside Slice 1.
