sha	release_band	subject	touched_paths	provisional_category
f5531fd65542f69ed4c17a5bdde03299e06a83f6	v2.4.2..v2.5.4	v2.5.4: fixed unintended debug code and upped version for re-release	build.gradle;core/src/main/assets/messages/actors/actors_fr.properties;core/src/main/assets/messages/actors/actors_pl.properties;core/src/main/assets/messages/items/items_fr.properties;core/src/main/assets/messages/items/items_tr.properties;core/src/main/assets/messages/items/items_uk.properties;core/src/main/assets/messages/misc/misc_fr.properties;core/src/main/assets/messages/plants/plants_fr.properties;core/src/main/assets/messages/windows/windows_tr.properties;core/src/main/java/com/shatteredpixel/shatteredpixeldungeon/actors/hero/HeroClass.java	build
e40e374a09331cc8f1bb7ff03c7dbc922bd367a0	v2.4.2..v2.5.4	v2.5.4: updated version and changelog for v2.5.4 release!	build.gradle;core/src/main/java/com/shatteredpixel/shatteredpixeldungeon/scenes/WelcomeScene.java;core/src/main/java/com/shatteredpixel/shatteredpixeldungeon/ui/changelist/v2_X_Changes.java	docs
b487648371fffd9a4279d5219817b4637d4b42c1	v2.4.2..v2.5.4	v2.5.4: updated translator credits and translations	core/src/main/assets/messages/actors/actors_fr.properties;core/src/main/assets/messages/actors/actors_hu.properties;core/src/main/assets/messages/actors/actors_pl.properties;core/src/main/assets/messages/actors/actors_ru.properties;core/src/main/assets/messages/actors/actors_tr.properties;core/src/main/assets/messages/actors/actors_vi.properties;core/src/main/assets/messages/items/items_de.properties;core/src/main/assets/messages/items/items_eo.properties;core/src/main/assets/messages/items/items_es.properties;core/src/main/assets/messages/items/items_fr.properties;core/src/main/assets/messages/items/items_hu.properties;core/src/main/assets/messages/items/items_it.properties;core/src/main/assets/messages/items/items_pl.properties;core/src/main/assets/messages/items/items_tr.properties;core/src/main/assets/messages/items/items_vi.properties;core/src/main/assets/messages/items/items_zh.properties;core/src/main/assets/messages/journal/journal_el.properties;core/src/main/assets/messages/journal/journal_fr.properties;core/src/main/assets/messages/levels/levels_fr.properties;core/src/main/assets/messages/misc/misc_el.properties;core/src/main/assets/messages/misc/misc_fr.properties;core/src/main/assets/messages/misc/misc_hu.properties;core/src/main/assets/messages/misc/misc_it.properties;core/src/main/assets/messages/plants/plants_cs.properties;core/src/main/assets/messages/scenes/scenes_be.properties;core/src/main/assets/messages/scenes/scenes_cs.properties;core/src/main/assets/messages/scenes/scenes_de.properties;core/src/main/assets/messages/scenes/scenes_el.properties;core/src/main/assets/messages/scenes/scenes_eo.properties;core/src/main/assets/messages/scenes/scenes_es.properties;core/src/main/assets/messages/scenes/scenes_fr.properties;core/src/main/assets/messages/scenes/scenes_hu.properties;core/src/main/assets/messages/scenes/scenes_in.properties;core/src/main/assets/messages/scenes/scenes_it.properties;core/src/main/assets/messages/scenes/scenes_ja.properties;core/src/main/assets/messages/scenes/scenes_ko.properties;core/src/main/assets/messages/scenes/scenes_nl.properties;core/src/main/assets/messages/scenes/scenes_pl.properties;core/src/main/assets/messages/scenes/scenes_pt.properties;core/src/main/assets/messages/scenes/scenes_ru.properties;core/src/main/assets/messages/scenes/scenes_tr.properties;core/src/main/assets/messages/scenes/scenes_uk.properties;core/src/main/assets/messages/scenes/scenes_vi.properties;core/src/main/assets/messages/scenes/scenes_zh.properties;core/src/main/assets/messages/ui/ui_hu.properties;core/src/main/assets/messages/ui/ui_ru.properties;core/src/main/assets/messages/windows/windows_cs.properties;core/src/main/assets/messages/windows/windows_el.properties;core/src/main/assets/messages/windows/windows_fr.properties;core/src/main/assets/messages/windows/windows_hu.properties;core/src/main/assets/messages/windows/windows_pl.properties;core/src/main/assets/messages/windows/windows_ru.properties;core/src/main/assets/messages/windows/windows_tr.properties;core/src/main/java/com/shatteredpixel/shatteredpixeldungeon/messages/Languages.java	slice2-candidate
2f8892360a608fc75bfcf18dbeae4859efde5854	v2.4.2..v2.5.4	v2.5.4: fixed parchment scrap altering generation from 2 rooms	core/src/main/java/com/shatteredpixel/shatteredpixeldungeon/levels/rooms/special/CryptRoom.java;core/src/main/java/com/shatteredpixel/shatteredpixeldungeon/levels/rooms/special/SacrificeRoom.java	general
118a7681710fed3c38018954c4ce304daeee4aef	v2.4.2..v2.5.4	v2.5.4: fixed rare cases where rot heart could still be boxed in	core/src/main/java/com/shatteredpixel/shatteredpixeldungeon/levels/rooms/quest/RotGardenRoom.java	general
e7dbe79c154f566e9f5fc641c03b7981b94d15b2	v2.4.2..v2.5.4	v2.5.4: fixed 2x unided SOTrans not being usable on its own stack	core/src/main/java/com/shatteredpixel/shatteredpixeldungeon/items/scrolls/ScrollOfTransmutation.java	general
4ff769d0ef0101ac3017171da53fc0a825a74e07	v2.4.2..v2.5.4	v2.5.4: fixed necromancers not being able to summon onto doors	core/src/main/java/com/shatteredpixel/shatteredpixeldungeon/actors/mobs/Necromancer.java	general
175a344fb548bf791144990abb85b047070dccec	v2.4.2..v2.5.4	v2.5.4: fixed beacon of returning placing hero into closed doors	core/src/main/java/com/shatteredpixel/shatteredpixeldungeon/items/scrolls/ScrollOfTeleportation.java	general
ad856bdea3b55dbb227afb82539386fca113eec3	v2.4.2..v2.5.4	v2.5.4: adjusted language loading slightly, english now has 'en' code	core/src/main/java/com/shatteredpixel/shatteredpixeldungeon/messages/Languages.java;core/src/main/java/com/shatteredpixel/shatteredpixeldungeon/messages/Messages.java	general
bf4fd5c66f33b4852571cf1e50e7e290a1f8af0f	v2.4.2..v2.5.4	v2.5.4: buffs on enemies can now also use the revivepersists property	core/src/main/java/com/shatteredpixel/shatteredpixeldungeon/actors/buffs/AllyBuff.java;core/src/main/java/com/shatteredpixel/shatteredpixeldungeon/actors/buffs/Buff.java;core/src/main/java/com/shatteredpixel/shatteredpixeldungeon/actors/buffs/ChampionEnemy.java;core/src/main/java/com/shatteredpixel/shatteredpixeldungeon/actors/hero/abilities/Ratmogrify.java;core/src/main/java/com/shatteredpixel/shatteredpixeldungeon/actors/hero/HeroClass.java;core/src/main/java/com/shatteredpixel/shatteredpixeldungeon/actors/mobs/DwarfKing.java;core/src/main/java/com/shatteredpixel/shatteredpixeldungeon/actors/mobs/Ghoul.java;core/src/main/java/com/shatteredpixel/shatteredpixeldungeon/actors/mobs/Necromancer.java;core/src/main/java/com/shatteredpixel/shatteredpixeldungeon/actors/mobs/SpectralNecromancer.java;core/src/main/java/com/shatteredpixel/shatteredpixeldungeon/actors/mobs/Swarm.java;core/src/main/java/com/shatteredpixel/shatteredpixeldungeon/items/artifacts/MasterThievesArmband.java	hotspot
8a143658fba9ed9bd2b8fd3f137ab3e8b847b1aa	v2.4.2..v2.5.4	v2.5.4: fixed cases where geomancer would be awoken via debuff	core/src/main/java/com/shatteredpixel/shatteredpixeldungeon/actors/mobs/GnollGeomancer.java	general
2b6d21be550a76dc85fe77401231da8b4f526ba4	v2.4.2..v2.5.4	v2.5.4: lab rooms can now only find str pot prize items	core/src/main/java/com/shatteredpixel/shatteredpixeldungeon/levels/rooms/special/LaboratoryRoom.java	general
86910fb5e03c423f57b811c730843179de1c8ff8	v2.4.2..v2.5.4	v2.5.4: toxic gas rooms can no longer have extra traps	core/src/main/java/com/shatteredpixel/shatteredpixeldungeon/levels/rooms/special/ToxicGasRoom.java	general
91fa8b440f58658af73ee52f33586284323db051	v2.4.2..v2.5.4	v2.5.4: added a bit of clarity to antimagic scroll	core/src/main/assets/messages/items/items.properties	localization
b8e68533b99bdeeb994bd5c34bd678ec26bcca32	v2.4.2..v2.5.4	v2.5.4: fixed instakill effects not working on raging brutes	core/src/main/java/com/shatteredpixel/shatteredpixeldungeon/actors/Char.java	hotspot
7215fc999d6b67651d9bdc1659432ae04851d243	v2.4.2..v2.5.4	v2.5.4: fixed imp's new terrain override not setting terrain flags	core/src/main/java/com/shatteredpixel/shatteredpixeldungeon/actors/mobs/npcs/Imp.java	general
e3a11ba7711d9e3c19ac21f318c71bae2b10398a	v2.4.2..v2.5.4	v2.5.4: added support for narrow non-breaking space to fonts	core/src/main/assets/fonts/pixel_font.ttf;desktop/src/main/assets/fonts/droid_sans.ttf	platform
77ea415dc72490698612f2c8f16ac9661ae01061	v2.4.2..v2.5.4	v2.5.4: fixed errors with dmg numbers in bomb descs	core/src/main/java/com/shatteredpixel/shatteredpixeldungeon/items/bombs/Bomb.java	general
e92ed1276ca453279c927ba5a268c0391a9f76d4	v2.4.2..v2.5.4	v2.5.4: fixed flashbang bomb not properly using electricity dmg type	core/src/main/java/com/shatteredpixel/shatteredpixeldungeon/items/bombs/Bomb.java;core/src/main/java/com/shatteredpixel/shatteredpixeldungeon/items/bombs/FlashBangBomb.java	general
2e69f141182bfdaa3573bdfbd68a348c02ae40ff	v2.4.2..v2.5.4	v2.5.4: fixed gravity chaos cursed wand effect not being triggerable	core/src/main/java/com/shatteredpixel/shatteredpixeldungeon/items/wands/CursedWand.java	slice2-candidate
284513c4da62bc008deb6a7a828555c13dca6d71	v2.4.2..v2.5.4	v2.5.3: fixed changelog errors and re-upped version code	build.gradle;core/src/main/java/com/shatteredpixel/shatteredpixeldungeon/ui/changelist/v2_X_Changes.java	docs
0dda8ea0c39a6e4ad24cc83cfd9572e786aef8b7	v2.4.2..v2.5.4	v2.5.3: updated translations, changelog, and version for v2.5.3 release!	build.gradle;core/src/main/assets/messages/actors/actors_cs.properties;core/src/main/assets/messages/actors/actors_de.properties;core/src/main/assets/messages/actors/actors_el.properties;core/src/main/assets/messages/actors/actors_eo.properties;core/src/main/assets/messages/actors/actors_es.properties;core/src/main/assets/messages/actors/actors_fr.properties;core/src/main/assets/messages/actors/actors_hu.properties;core/src/main/assets/messages/actors/actors_in.properties;core/src/main/assets/messages/actors/actors_it.properties;core/src/main/assets/messages/actors/actors_ja.properties;core/src/main/assets/messages/actors/actors_ko.properties;core/src/main/assets/messages/actors/actors_nl.properties;core/src/main/assets/messages/actors/actors_pl.properties;core/src/main/assets/messages/actors/actors_pt.properties;core/src/main/assets/messages/actors/actors_ru.properties;core/src/main/assets/messages/actors/actors_tr.properties;core/src/main/assets/messages/actors/actors_uk.properties;core/src/main/assets/messages/actors/actors_vi.properties;core/src/main/assets/messages/actors/actors_zh.properties;core/src/main/assets/messages/items/items_cs.properties;core/src/main/assets/messages/items/items_de.properties;core/src/main/assets/messages/items/items_el.properties;core/src/main/assets/messages/items/items_eo.properties;core/src/main/assets/messages/items/items_es.properties;core/src/main/assets/messages/items/items_fr.properties;core/src/main/assets/messages/items/items_hu.properties;core/src/main/assets/messages/items/items_in.properties;core/src/main/assets/messages/items/items_it.properties;core/src/main/assets/messages/items/items_ja.properties;core/src/main/assets/messages/items/items_ko.properties;core/src/main/assets/messages/items/items_nl.properties;core/src/main/assets/messages/items/items_pl.properties;core/src/main/assets/messages/items/items_pt.properties;core/src/main/assets/messages/items/items_ru.properties;core/src/main/assets/messages/items/items_tr.properties;core/src/main/assets/messages/items/items_uk.properties;core/src/main/assets/messages/items/items_vi.properties;core/src/main/assets/messages/items/items_zh.properties;core/src/main/assets/messages/journal/journal_de.properties;core/src/main/assets/messages/journal/journal_hu.properties;core/src/main/assets/messages/misc/misc_de.properties;core/src/main/assets/messages/misc/misc_es.properties;core/src/main/assets/messages/scenes/scenes_de.properties;core/src/main/assets/messages/ui/ui_hu.properties;core/src/main/assets/messages/ui/ui_tr.properties;core/src/main/assets/messages/windows/windows_hu.properties;core/src/main/assets/messages/windows/windows_zh.properties;core/src/main/java/com/shatteredpixel/shatteredpixeldungeon/messages/Languages.java;core/src/main/java/com/shatteredpixel/shatteredpixeldungeon/ui/changelist/v2_X_Changes.java	slice2-candidate
fe4e3ef70839289db37a5f45512f09e3507831e3	v2.4.2..v2.5.4	v2.5.3: added a safety check to controller handler	SPD-classes/src/main/java/com/watabou/input/ControllerHandler.java	general
79c2350cb10dd1a06c7c4cfb5601b8284f798868	v2.4.2..v2.5.4	v2.5.3: fixed rare cases where spawned mimics (e.g. via cursed wand) didn't use scaling depth	core/src/main/java/com/shatteredpixel/shatteredpixeldungeon/actors/mobs/Mimic.java	slice2-candidate
15eb83aa5e6954b5153e369ef3b49a8762e3bdff	v2.4.2..v2.5.4	v2.5.3: fixed wards not being targetable when inside solid terrain	core/src/main/java/com/shatteredpixel/shatteredpixeldungeon/items/wands/WandOfWarding.java	general
789ca665c32d361b4d8d79e20e995014852a2208	v2.4.2..v2.5.4	v2.5.3: fixed typos in new well descriptions	core/src/main/assets/messages/actors/actors.properties	localization
2fef96f21caff859ba9322a427aa60d35da7d340	v2.4.2..v2.5.4	v2.5.3: fixed new bomb logic preventing bombs breaking flammable terrain	core/src/main/java/com/shatteredpixel/shatteredpixeldungeon/items/bombs/Bomb.java	general
c2b163ae03cd5ee91f277fa89a013a16b62ef65d	v2.4.2..v2.5.4	v2.5.3: fixed a crash in new yog aggro logic	core/src/main/java/com/shatteredpixel/shatteredpixeldungeon/actors/mobs/YogDzewa.java	general
fb08349cf6f4a149f42ae6a7c2639598110b797f	v2.4.2..v2.5.4	v2.5.3: fixed incorrect save conversion for old Flashbang bombs	core/src/main/java/com/shatteredpixel/shatteredpixeldungeon/ShatteredPixelDungeon.java	hotspot
f4535640713c6efbab0dc742c2766de9871eccad	v2.4.2..v2.5.4	v2.5.3: updated changelog, version, and translations for v2.5.2-BETA-1	build.gradle;core/src/main/assets/messages/actors/actors_be.properties;core/src/main/assets/messages/actors/actors_cs.properties;core/src/main/assets/messages/actors/actors_de.properties;core/src/main/assets/messages/actors/actors_el.properties;core/src/main/assets/messages/actors/actors_eo.properties;core/src/main/assets/messages/actors/actors_es.properties;core/src/main/assets/messages/actors/actors_fr.properties;core/src/main/assets/messages/actors/actors_hu.properties;core/src/main/assets/messages/actors/actors_in.properties;core/src/main/assets/messages/actors/actors_it.properties;core/src/main/assets/messages/actors/actors_ja.properties;core/src/main/assets/messages/actors/actors_ko.properties;core/src/main/assets/messages/actors/actors_nl.properties;core/src/main/assets/messages/actors/actors_pl.properties;core/src/main/assets/messages/actors/actors_pt.properties;core/src/main/assets/messages/actors/actors_ru.properties;core/src/main/assets/messages/actors/actors_tr.properties;core/src/main/assets/messages/actors/actors_uk.properties;core/src/main/assets/messages/actors/actors_vi.properties;core/src/main/assets/messages/actors/actors_zh.properties;core/src/main/assets/messages/items/items_be.properties;core/src/main/assets/messages/items/items_cs.properties;core/src/main/assets/messages/items/items_de.properties;core/src/main/assets/messages/items/items_el.properties;core/src/main/assets/messages/items/items_eo.properties;core/src/main/assets/messages/items/items_es.properties;core/src/main/assets/messages/items/items_fr.properties;core/src/main/assets/messages/items/items_hu.properties;core/src/main/assets/messages/items/items_in.properties;core/src/main/assets/messages/items/items_it.properties;core/src/main/assets/messages/items/items_ja.properties;core/src/main/assets/messages/items/items_ko.properties;core/src/main/assets/messages/items/items_nl.properties;core/src/main/assets/messages/items/items_pl.properties;core/src/main/assets/messages/items/items_pt.properties;core/src/main/assets/messages/items/items_ru.properties;core/src/main/assets/messages/items/items_tr.properties;core/src/main/assets/messages/items/items_uk.properties;core/src/main/assets/messages/items/items_vi.properties;core/src/main/assets/messages/items/items_zh.properties;core/src/main/assets/messages/journal/journal_de.properties;core/src/main/assets/messages/journal/journal_el.properties;core/src/main/assets/messages/journal/journal_eo.properties;core/src/main/assets/messages/journal/journal_fr.properties;core/src/main/assets/messages/journal/journal_pl.properties;core/src/main/assets/messages/journal/journal_pt.properties;core/src/main/assets/messages/journal/journal_tr.properties;core/src/main/assets/messages/journal/journal_vi.properties;core/src/main/assets/messages/levels/levels_de.properties;core/src/main/assets/messages/levels/levels_el.properties;core/src/main/assets/messages/levels/levels_fr.properties;core/src/main/assets/messages/levels/levels_pl.properties;core/src/main/assets/messages/misc/misc_de.properties;core/src/main/assets/messages/misc/misc_el.properties;core/src/main/assets/messages/misc/misc_eo.properties;core/src/main/assets/messages/misc/misc_pl.properties;core/src/main/assets/messages/misc/misc_zh.properties;core/src/main/assets/messages/plants/plants_cs.properties;core/src/main/assets/messages/plants/plants_hu.properties;core/src/main/assets/messages/scenes/scenes_el.properties;core/src/main/assets/messages/scenes/scenes_fr.properties;core/src/main/assets/messages/scenes/scenes_hu.properties;core/src/main/assets/messages/scenes/scenes_pl.properties;core/src/main/assets/messages/ui/ui_el.properties;core/src/main/assets/messages/ui/ui_fr.properties;core/src/main/assets/messages/ui/ui_hu.properties;core/src/main/assets/messages/windows/windows_el.properties;core/src/main/assets/messages/windows/windows_eo.properties;core/src/main/assets/messages/windows/windows_fr.properties;core/src/main/assets/messages/windows/windows_hu.properties;core/src/main/assets/messages/windows/windows_pl.properties;core/src/main/assets/messages/windows/windows_ru.properties;core/src/main/assets/messages/windows/windows_tr.properties;core/src/main/assets/messages/windows/windows_uk.properties;core/src/main/assets/messages/windows/windows_vi.properties;core/src/main/assets/messages/windows/windows_zh.properties;core/src/main/java/com/shatteredpixel/shatteredpixeldungeon/messages/Languages.java;core/src/main/java/com/shatteredpixel/shatteredpixeldungeon/ui/changelist/v2_X_Changes.java	slice2-candidate
8f19feba79d0a40f0750461959bda71da9902a43	v2.4.2..v2.5.4	v2.5.3: actually increased mossy clumps upgrade cost, not just comment	core/src/main/java/com/shatteredpixel/shatteredpixeldungeon/items/trinkets/MossyClump.java	slice2-candidate
ca88370e48b3f52f408155a9e632167e05797ec1	v2.4.2..v2.5.4	v2.5.3: increased the power of wraiths spawned by spectral necros	core/src/main/java/com/shatteredpixel/shatteredpixeldungeon/actors/mobs/SpectralNecromancer.java	general
c00d7e5ce33c9f44294067d8dba25249cc3d9bad	v2.4.2..v2.5.4	v2.5.3: updated Gradle, AGP, and R8	build.gradle;gradle/wrapper/gradle-wrapper.properties	build
c60e1d7db552697e200bd4781416606571889c51	v2.4.2..v2.5.4	v2.5.3: fixed one more rare levelgen freeze with cave rooms	core/src/main/java/com/shatteredpixel/shatteredpixeldungeon/levels/rooms/quest/MineEntrance.java	general
c0ea6f043341f60f0de3059eed8e33c85e471f16	v2.4.2..v2.5.4	v2.5.3: further censer buffs: - further increased weighting toward spewing when enemies are seen - now spews gas 2-5 tiles away, up from 1-3 - tightened possible gas positions when enemies are visible - reduced spawned gas quantity	core/src/main/java/com/shatteredpixel/shatteredpixeldungeon/items/trinkets/ChaoticCenser.java	slice2-candidate
8db21a3f4e3801d7e041cd0ffe6ca0a0f6e69e0c	v2.4.2..v2.5.4	v2.5.0: updated supernova dmg comment with new explosive dmg values	core/src/main/java/com/shatteredpixel/shatteredpixeldungeon/actors/buffs/SuperNovaTracker.java	general
895d524f8e2485b3aeb895872d369ac9f7abd3e1	v2.4.2..v2.5.4	v2.5.3: reverted upgrade cost reduction to mossy clump	core/src/main/java/com/shatteredpixel/shatteredpixeldungeon/items/trinkets/MossyClump.java	slice2-candidate
322f090f1359c5c3fcc507af8711cf339162768d	v2.4.2..v2.5.4	v2.5.3: slightly buffed salt cube, now gives +5% total regen per level	core/src/main/java/com/shatteredpixel/shatteredpixeldungeon/items/trinkets/SaltCube.java	slice2-candidate
8498ed3044cc31544b60697ae8279d0586d4fced	v2.4.2..v2.5.4	v2.5.3: re-added brief wait on actor thread when pausing	core/src/main/java/com/shatteredpixel/shatteredpixeldungeon/scenes/GameScene.java	general
4db1fd5529a3cb4387d02070da5a2c575cf26eca	v2.4.2..v2.5.4	v2.5.3: fixed incorrect null check in wand charges per cast	core/src/main/java/com/shatteredpixel/shatteredpixeldungeon/items/wands/WandOfFireblast.java;core/src/main/java/com/shatteredpixel/shatteredpixeldungeon/items/wands/WandOfRegrowth.java	general
abc71513490973cc75c33366b52cdb602f0cefb5	v2.4.2..v2.5.4	v2.5.3: added a safety check for spectral necromancer summoning	core/src/main/java/com/shatteredpixel/shatteredpixeldungeon/actors/mobs/SpectralNecromancer.java	general
facd27b1843a75f69a7ea9e8ec48926acd40b5d1	v2.4.2..v2.5.4	v2.5.3: fixed ooze triggering 'first action' many times in rare cases	core/src/main/java/com/shatteredpixel/shatteredpixeldungeon/actors/buffs/Ooze.java	general
c8e7350e3b04def795ec473efbef878406def747	v2.4.2..v2.5.4	v2.5.3: DM-300 can no longer use an ability right out of supercharge	core/src/main/java/com/shatteredpixel/shatteredpixeldungeon/actors/mobs/DM300.java	general
e03b98ef079edb705a4967b387d04bb271af0d44	v2.4.2..v2.5.4	v2.5.3: improved descriptions for well water	core/src/main/assets/messages/actors/actors.properties	localization
01a9218ad7883b64c183243f151c3bcb47eb612f	v2.4.2..v2.5.4	v2.5.3: stone of aggression rebalanced:	core/src/main/assets/messages/items/items.properties;core/src/main/java/com/shatteredpixel/shatteredpixeldungeon/actors/Char.java;core/src/main/java/com/shatteredpixel/shatteredpixeldungeon/actors/mobs/Eye.java;core/src/main/java/com/shatteredpixel/shatteredpixeldungeon/actors/mobs/Warlock.java;core/src/main/java/com/shatteredpixel/shatteredpixeldungeon/actors/mobs/YogDzewa.java;core/src/main/java/com/shatteredpixel/shatteredpixeldungeon/items/stones/StoneOfAggression.java	hotspot
d99a42326ae79ae939642a602b0c52ac7838efc6	v2.4.2..v2.5.4	v2.5.3: stylus now works on curse-IDed armor	core/src/main/assets/messages/items/items.properties;core/src/main/java/com/shatteredpixel/shatteredpixeldungeon/items/Stylus.java	general
1bfe1f6060b24b65752ab99de0803445d1078429	v2.4.2..v2.5.4	v2.5.3: fixed sandals upgrades not counting, & upgrader uses counting 2x	core/src/main/java/com/shatteredpixel/shatteredpixeldungeon/items/artifacts/SandalsOfNature.java;core/src/main/java/com/shatteredpixel/shatteredpixeldungeon/items/scrolls/ScrollOfUpgrade.java;core/src/main/java/com/shatteredpixel/shatteredpixeldungeon/items/spells/MagicalInfusion.java	general
1635c2a00f44720b69dbf96ce7f457c856dd6f0e	v2.4.2..v2.5.4	v2.5.3: fixed cursed armor not including seal info in desc	core/src/main/java/com/shatteredpixel/shatteredpixeldungeon/items/armor/Armor.java	general
217c650f114fee8f7afaf2f0ed624adbc40c1fb2	v2.4.2..v2.5.4	v2.5.3: fixed recreate lines in game log not setting highlight to false	core/src/main/java/com/shatteredpixel/shatteredpixeldungeon/ui/GameLog.java	general
a2a39d92a125b61b5bb0f673bbfc914e445903e4	v2.4.2..v2.5.4	v2.5.3: buffed all alchemy bombs	core/src/main/assets/messages/items/items.properties;core/src/main/assets/sprites/items.png;core/src/main/java/com/shatteredpixel/shatteredpixeldungeon/items/bombs/ArcaneBomb.java;core/src/main/java/com/shatteredpixel/shatteredpixeldungeon/items/bombs/Bomb.java;core/src/main/java/com/shatteredpixel/shatteredpixeldungeon/items/bombs/Firebomb.java;core/src/main/java/com/shatteredpixel/shatteredpixeldungeon/items/bombs/Flashbang.java;core/src/main/java/com/shatteredpixel/shatteredpixeldungeon/items/bombs/FlashBangBomb.java;core/src/main/java/com/shatteredpixel/shatteredpixeldungeon/items/bombs/FrostBomb.java;core/src/main/java/com/shatteredpixel/shatteredpixeldungeon/items/bombs/HolyBomb.java;core/src/main/java/com/shatteredpixel/shatteredpixeldungeon/items/bombs/Noisemaker.java;core/src/main/java/com/shatteredpixel/shatteredpixeldungeon/items/bombs/RegrowthBomb.java;core/src/main/java/com/shatteredpixel/shatteredpixeldungeon/items/bombs/ShockBomb.java;core/src/main/java/com/shatteredpixel/shatteredpixeldungeon/items/bombs/ShrapnelBomb.java;core/src/main/java/com/shatteredpixel/shatteredpixeldungeon/items/bombs/SmokeBomb.java;core/src/main/java/com/shatteredpixel/shatteredpixeldungeon/items/bombs/WoollyBomb.java;core/src/main/java/com/shatteredpixel/shatteredpixeldungeon/journal/Catalog.java;core/src/main/java/com/shatteredpixel/shatteredpixeldungeon/ShatteredPixelDungeon.java;core/src/main/java/com/shatteredpixel/shatteredpixeldungeon/sprites/ItemSpriteSheet.java	slice2-candidate
853b719c69877ed9f65120f9ac0beea0e80d5b9d	v2.4.2..v2.5.4	v2.5.3: base bomb buffs: - no longer bounce when thrown on chars - max dmg up by 50% (avg dmg up by 33%) - dmg no longer fades based on distance - cost down to 15 from 20 - description improved	core/src/main/assets/messages/items/items.properties;core/src/main/java/com/shatteredpixel/shatteredpixeldungeon/items/bombs/Bomb.java	general
842d7efce5e289eba8d844a43f60e3917e462d7f	v2.4.2..v2.5.4	v2.5.3: added stones of detect magic, replacing stones of disarming	core/src/main/assets/messages/items/items.properties;core/src/main/java/com/shatteredpixel/shatteredpixeldungeon/items/Generator.java;core/src/main/java/com/shatteredpixel/shatteredpixeldungeon/items/scrolls/Scroll.java;core/src/main/java/com/shatteredpixel/shatteredpixeldungeon/items/stones/StoneOfDetectMagic.java;core/src/main/java/com/shatteredpixel/shatteredpixeldungeon/items/stones/StoneOfDisarming.java;core/src/main/java/com/shatteredpixel/shatteredpixeldungeon/sprites/ItemSpriteSheet.java	general
4eccfda92a3b6a9e7b6f0c26e6a795723c52f7e0	v2.4.2..v2.5.4	v2.5.3: fixed RNG in falling loading affecting levelgen	core/src/main/java/com/shatteredpixel/shatteredpixeldungeon/scenes/InterlevelScene.java;SPD-classes/src/main/java/com/watabou/utils/Random.java	general
0a74ed12ba5d5115035d58ae3f4b1d8e41084f92	v2.4.2..v2.5.4	v2.5.3: fixed corpse dust unintentionally becoming droppable	core/src/main/java/com/shatteredpixel/shatteredpixeldungeon/items/quest/CorpseDust.java	general
fdbcb877d74815b1b3c9ee24b2a83243a51c8652	v2.4.2..v2.5.4	v2.5.3: vampiric no longer triggers on allies or neutral characters	core/src/main/java/com/shatteredpixel/shatteredpixeldungeon/items/weapon/enchantments/Vampiric.java	general
c8ab576320e52edf7dc2bb456cfbde6b6f7557b3	v2.4.2..v2.5.4	v2.5.3: fixed grid pane clear() not clearing separators	core/src/main/java/com/shatteredpixel/shatteredpixeldungeon/ui/ScrollingGridPane.java	general
62aefca1c038dae102b37724a8e2a5483ca23d4b	v2.4.2..v2.5.4	v2.5.3: fixed number formatting not respecting language locale	core/src/main/java/com/shatteredpixel/shatteredpixeldungeon/messages/Messages.java;core/src/main/java/com/shatteredpixel/shatteredpixeldungeon/windows/WndDailies.java;core/src/main/java/com/shatteredpixel/shatteredpixeldungeon/windows/WndRanking.java;core/src/main/java/com/shatteredpixel/shatteredpixeldungeon/windows/WndScoreBreakdown.java	general
8cd5022d58b4391577dbe462f422f8ea64241068	v2.4.2..v2.5.4	v2.5.3: fixed talents triggering on potion throw using hero pos	core/src/main/java/com/shatteredpixel/shatteredpixeldungeon/items/potions/Potion.java	general
cd5c7ef652cd369fc0382ab52eea1ae81e3ae7a2	v2.4.2..v2.5.4	v2.5.3: fixed spacing issues in hero select on landscape	core/src/main/java/com/shatteredpixel/shatteredpixeldungeon/scenes/HeroSelectScene.java;core/src/main/java/com/shatteredpixel/shatteredpixeldungeon/windows/WndInfoArmorAbility.java;core/src/main/java/com/shatteredpixel/shatteredpixeldungeon/windows/WndInfoSubclass.java;core/src/main/java/com/shatteredpixel/shatteredpixeldungeon/windows/WndTitledMessage.java	general
7c66d1058ba07e8aa314cf8fd10f0247e98f9bec	v2.4.2..v2.5.4	v2.5.3: fixed invis fx persisting if player time froze while invis	core/src/main/java/com/shatteredpixel/shatteredpixeldungeon/actors/buffs/TimeStasis.java;core/src/main/java/com/shatteredpixel/shatteredpixeldungeon/items/artifacts/TimekeepersHourglass.java	general
a6b20c5c053a3045d8e885903a861dd304f943e6	v2.4.2..v2.5.4	v2.5.2: fixed unintentional flying rat debug code and bumped version	build.gradle;core/src/main/java/com/shatteredpixel/shatteredpixeldungeon/actors/mobs/Rat.java	build
e38a30175e9b64c17b5777eac2eb352c3eb88b76	v2.4.2..v2.5.4	v2.5.2: updated version and changelog for v2.5.2 release!	build.gradle;core/src/main/java/com/shatteredpixel/shatteredpixeldungeon/ui/changelist/v2_X_Changes.java	docs
fbb5337b4a4d6288a89f0dbba6f046a6e07527db	v2.4.2..v2.5.4	v2.5.2: fixed stealthy mimics not staying visible in fog in some cases	core/src/main/java/com/shatteredpixel/shatteredpixeldungeon/scenes/GameScene.java	general
db1ecad12ff16829f779261398b6a955cc8604a3	v2.4.2..v2.5.4	v2.5.2: fixed ebony mimic sprites sometimes loosing transparency	core/src/main/java/com/shatteredpixel/shatteredpixeldungeon/sprites/MimicSprite.java	general
bc4a368903c05e0894e33fd83d03f38ea31d27a9	v2.4.2..v2.5.4	v2.5.2: now only some flying chars visually fall into pits on death	core/src/main/java/com/shatteredpixel/shatteredpixeldungeon/actors/Char.java;core/src/main/java/com/shatteredpixel/shatteredpixeldungeon/actors/hero/abilities/huntress/SpiritHawk.java;core/src/main/java/com/shatteredpixel/shatteredpixeldungeon/actors/mobs/Bat.java;core/src/main/java/com/shatteredpixel/shatteredpixeldungeon/actors/mobs/Bee.java;core/src/main/java/com/shatteredpixel/shatteredpixeldungeon/actors/mobs/CrystalWisp.java;core/src/main/java/com/shatteredpixel/shatteredpixeldungeon/actors/mobs/Elemental.java;core/src/main/java/com/shatteredpixel/shatteredpixeldungeon/actors/mobs/Eye.java;core/src/main/java/com/shatteredpixel/shatteredpixeldungeon/actors/mobs/Rat.java;core/src/main/java/com/shatteredpixel/shatteredpixeldungeon/actors/mobs/Swarm.java	hotspot
f05e638840c3a210ebfaff82954d3c589dc6c45d	v2.4.2..v2.5.4	v2.5.2: fixed new crash caused by ratmog expiring (oops!)	core/src/main/java/com/shatteredpixel/shatteredpixeldungeon/actors/hero/abilities/Ratmogrify.java	general
ee98f88285368599ac655ad8cc3556ad50a8dd05	v2.4.2..v2.5.4	v2.5.2: fixed shard of oblivion not being droppable	core/src/main/java/com/shatteredpixel/shatteredpixeldungeon/items/trinkets/ShardOfOblivion.java	slice2-candidate
e88c6894c5f587a7a78d1db86a5e8fc6cc563e75	v2.4.2..v2.5.4	v2.5.2: fixed dark floors having 1/2 vision on load instead of 5/8	core/src/main/java/com/shatteredpixel/shatteredpixeldungeon/levels/Level.java	hotspot
6fe93bda2de90f9b788250b9b6d120b705d5bc6a	v2.4.2..v2.5.4	v2.5.2: fixed continue text in interlevelscene not having i18n	core/src/main/assets/messages/scenes/scenes.properties;core/src/main/java/com/shatteredpixel/shatteredpixeldungeon/scenes/InterlevelScene.java	general
576f13154e87a85f90cf357de310a2cf424cc89b	v2.4.2..v2.5.4	v2.5.2: fixed shard of oblivion using wrong stats in its description	core/src/main/assets/messages/items/items_be.properties;core/src/main/assets/messages/items/items_cs.properties;core/src/main/assets/messages/items/items_de.properties;core/src/main/assets/messages/items/items_el.properties;core/src/main/assets/messages/items/items_eo.properties;core/src/main/assets/messages/items/items_es.properties;core/src/main/assets/messages/items/items_fr.properties;core/src/main/assets/messages/items/items_hu.properties;core/src/main/assets/messages/items/items_in.properties;core/src/main/assets/messages/items/items_it.properties;core/src/main/assets/messages/items/items_ja.properties;core/src/main/assets/messages/items/items_ko.properties;core/src/main/assets/messages/items/items_nl.properties;core/src/main/assets/messages/items/items_pl.properties;core/src/main/assets/messages/items/items_pt.properties;core/src/main/assets/messages/items/items_ru.properties;core/src/main/assets/messages/items/items_tr.properties;core/src/main/assets/messages/items/items_uk.properties;core/src/main/assets/messages/items/items_vi.properties;core/src/main/assets/messages/items/items_zh.properties;core/src/main/assets/messages/items/items.properties	localization
4f786e99ca3717756628eb08784640635dcd1d3a	v2.4.2..v2.5.4	v2.5.1: updated version, changelog, and translations for v2.5.1 release!	build.gradle;core/src/main/assets/messages/actors/actors_de.properties;core/src/main/assets/messages/actors/actors_fr.properties;core/src/main/assets/messages/actors/actors_hu.properties;core/src/main/assets/messages/actors/actors_in.properties;core/src/main/assets/messages/actors/actors_ja.properties;core/src/main/assets/messages/actors/actors_pt.properties;core/src/main/assets/messages/actors/actors_ru.properties;core/src/main/assets/messages/actors/actors_tr.properties;core/src/main/assets/messages/actors/actors_uk.properties;core/src/main/assets/messages/actors/actors_vi.properties;core/src/main/assets/messages/actors/actors_zh.properties;core/src/main/assets/messages/items/items_cs.properties;core/src/main/assets/messages/items/items_de.properties;core/src/main/assets/messages/items/items_el.properties;core/src/main/assets/messages/items/items_fr.properties;core/src/main/assets/messages/items/items_hu.properties;core/src/main/assets/messages/items/items_in.properties;core/src/main/assets/messages/items/items_ko.properties;core/src/main/assets/messages/items/items_pt.properties;core/src/main/assets/messages/items/items_uk.properties;core/src/main/assets/messages/items/items_vi.properties;core/src/main/assets/messages/items/items_zh.properties;core/src/main/assets/messages/journal/journal_de.properties;core/src/main/assets/messages/journal/journal_in.properties;core/src/main/assets/messages/journal/journal_ko.properties;core/src/main/assets/messages/journal/journal_pt.properties;core/src/main/assets/messages/journal/journal_tr.properties;core/src/main/assets/messages/journal/journal_uk.properties;core/src/main/assets/messages/levels/levels_de.properties;core/src/main/assets/messages/levels/levels_ko.properties;core/src/main/assets/messages/levels/levels_pt.properties;core/src/main/assets/messages/levels/levels_tr.properties;core/src/main/assets/messages/misc/misc_de.properties;core/src/main/assets/messages/misc/misc_fr.properties;core/src/main/assets/messages/misc/misc_in.properties;core/src/main/assets/messages/misc/misc_ko.properties;core/src/main/assets/messages/misc/misc_tr.properties;core/src/main/assets/messages/misc/misc_uk.properties;core/src/main/assets/messages/plants/plants_uk.properties;core/src/main/assets/messages/scenes/scenes_hu.properties;core/src/main/assets/messages/scenes/scenes_ko.properties;core/src/main/assets/messages/scenes/scenes_tr.properties;core/src/main/assets/messages/ui/ui_in.properties;core/src/main/assets/messages/ui/ui_ko.properties;core/src/main/assets/messages/ui/ui_ru.properties;core/src/main/assets/messages/ui/ui_tr.properties;core/src/main/assets/messages/windows/windows_el.properties;core/src/main/assets/messages/windows/windows_in.properties;core/src/main/assets/messages/windows/windows_ko.properties;core/src/main/assets/messages/windows/windows_pt.properties;core/src/main/assets/messages/windows/windows_tr.properties;core/src/main/assets/messages/windows/windows_uk.properties;core/src/main/assets/messages/windows/windows_vi.properties;core/src/main/java/com/shatteredpixel/shatteredpixeldungeon/messages/Languages.java;core/src/main/java/com/shatteredpixel/shatteredpixeldungeon/ui/changelist/v2_X_Changes.java	slice2-candidate
9ae384018f3da22801231109e568e5649e9a9de6	v2.4.2..v2.5.4	v2.5.1: re-added esperanto, now complete again!	core/src/main/assets/messages/actors/actors_eo.properties;core/src/main/assets/messages/items/items_eo.properties;core/src/main/assets/messages/journal/journal_eo.properties;core/src/main/assets/messages/levels/levels_eo.properties;core/src/main/assets/messages/misc/misc_eo.properties;core/src/main/assets/messages/plants/plants_eo.properties;core/src/main/assets/messages/private/private_eo.properties;core/src/main/assets/messages/scenes/scenes_eo.properties;core/src/main/assets/messages/ui/ui_eo.properties;core/src/main/assets/messages/windows/windows_eo.properties	slice2-candidate
ca1a8a50f2ae53e17ed70e15090526b01d474f65	v2.4.2..v2.5.4	v2.5.1: fixed Goo and DM-300 benefitting from terrain while levitating	core/src/main/java/com/shatteredpixel/shatteredpixeldungeon/actors/mobs/DM300.java;core/src/main/java/com/shatteredpixel/shatteredpixeldungeon/actors/mobs/Goo.java	general
795ed29a9db85675ffd7de073d136b4d70f42ddc	v2.4.2..v2.5.4	v2.5.1: significantly improved internal RNG for chaotic censer	core/src/main/java/com/shatteredpixel/shatteredpixeldungeon/items/trinkets/ChaoticCenser.java	slice2-candidate
823b0b6788a1c231046607a7fa4831e3902a7ef1	v2.4.2..v2.5.4	v2.5.1: buffed shard of oblivion, +20% drop chance up from +12.5%	core/src/main/java/com/shatteredpixel/shatteredpixeldungeon/items/trinkets/ShardOfOblivion.java	slice2-candidate
04d3105a1b7905fe8bb1474f744e06cc12961d88	v2.4.2..v2.5.4	v2.5.1: buffed salt cube, regen loss now equalizes out	core/src/main/java/com/shatteredpixel/shatteredpixeldungeon/items/trinkets/SaltCube.java	slice2-candidate
3c57614a743c7efb9d163fc8cb29f02049bf9e0f	v2.4.2..v2.5.4	v2.5.1: fixed ratmog rats not adding entries to the bestiary	core/src/main/java/com/shatteredpixel/shatteredpixeldungeon/actors/hero/abilities/Ratmogrify.java	slice2-candidate
9d3d35a8c7d6453790578d112e0db2936023bc39	v2.4.2..v2.5.4	v2.5.1: fixed new fullscreen-remembering code not actually triggering	desktop/src/main/java/com/shatteredpixel/shatteredpixeldungeon/desktop/DesktopPlatformSupport.java	platform
f16299966946e7c5a2b7917bec14f4166ff5b7e7	v2.4.2..v2.5.4	v2.5.1: added safety checks to other potentially small entry/exit rooms	core/src/main/java/com/shatteredpixel/shatteredpixeldungeon/levels/rooms/standard/entrance/CaveEntranceRoom.java;core/src/main/java/com/shatteredpixel/shatteredpixeldungeon/levels/rooms/standard/entrance/ChasmEntranceRoom.java;core/src/main/java/com/shatteredpixel/shatteredpixeldungeon/levels/rooms/standard/exit/ChasmExitRoom.java	general
63c36166ebeda443ce340bf470d37bd03cfe19ad	v2.4.2..v2.5.4	v2.5.1: fixed bundling error with invalid seeds in sandals of nature	core/src/main/java/com/shatteredpixel/shatteredpixeldungeon/items/artifacts/SandalsOfNature.java	general
eab0cd3a3e8be5511498cb23885884d059da81d7	v2.4.2..v2.5.4	v2.5.1: jumping toward a distant well not clears that landmark entry	core/src/main/java/com/shatteredpixel/shatteredpixeldungeon/actors/hero/Hero.java;core/src/main/java/com/shatteredpixel/shatteredpixeldungeon/levels/features/Chasm.java	slice2-candidate
fc6964c15bcebe8716b48592f9392253d54c30e0	v2.4.2..v2.5.4	v2.5.1: reverted change to temp file cleaning, wasn't causing slowdown	SPD-classes/src/main/java/com/watabou/utils/FileUtils.java	general
943222ca96dd641d8532b1f15330a6e87ed62b78	v2.4.2..v2.5.4	v2.5.1: fixed underscores in custom notes being used for highlighting	core/src/main/assets/fonts/pixel_font.ttf;core/src/main/java/com/shatteredpixel/shatteredpixeldungeon/items/Item.java;core/src/main/java/com/shatteredpixel/shatteredpixeldungeon/items/rings/Ring.java;core/src/main/java/com/shatteredpixel/shatteredpixeldungeon/ui/CustomNoteButton.java;core/src/main/java/com/shatteredpixel/shatteredpixeldungeon/windows/WndTitledMessage.java	slice2-candidate
575ad36eca805ec888b118db485479139d8b7418	v2.4.2..v2.5.4	v2.5.1: fixed a small typo in scroll of upgrade	core/src/main/assets/messages/items/items.properties	localization
be15d9737ba27fc4ed111b3aa327638862b2cc74	v2.4.2..v2.5.4	v2.5.1: sniper's mark now shows its duration in the buff desc	core/src/main/assets/messages/actors/actors.properties;core/src/main/java/com/shatteredpixel/shatteredpixeldungeon/actors/buffs/SnipersMark.java	general
ef43f245836cf1f7b59c72aa67e733447292c3d3	v2.4.2..v2.5.4	v2.5.1: fixed cases where well water landmark entries hinted at secrets	core/src/main/java/com/shatteredpixel/shatteredpixeldungeon/actors/blobs/WellWater.java	slice2-candidate
54345572703d0821bd5a844c58328e655f98d23d	v2.4.2..v2.5.4	v2.5.1: fixed split alch guide not updating in various cases	core/src/main/java/com/shatteredpixel/shatteredpixeldungeon/scenes/AlchemyScene.java;core/src/main/java/com/shatteredpixel/shatteredpixeldungeon/windows/WndJournal.java	slice2-candidate
8261aeeb2be8d8fcc2edd448694a237c4d5c291f	v2.4.2..v2.5.4	v2.5.1: npcs are now fooled by disguise buff	core/src/main/java/com/shatteredpixel/shatteredpixeldungeon/actors/hero/Hero.java	hotspot
3e31ca13f8422831ddd1e0b13dc54cf766eef256	v2.4.2..v2.5.4	v2.5.1: Fixed compass weirdness in prison boss level	core/src/main/java/com/shatteredpixel/shatteredpixeldungeon/levels/PrisonBossLevel.java	hotspot
84181ac652cfd9d30db8a6a7d4f6c09835581e90	v2.4.2..v2.5.4	v2.5.1: Added game app categorization to Android verison	android/src/main/AndroidManifest.xml	platform
4759bddee8f597c5c5a8d6c31afdb8c739eb05dd	v2.4.2..v2.5.4	v2.5.1: fixed statues becoming passive on ascent reset	core/src/main/java/com/shatteredpixel/shatteredpixeldungeon/actors/mobs/Statue.java	general
9e83f4cd96ce61f2ddb9a62a014522fc3e595c82	v2.4.2..v2.5.4	v2.5.1: fixed loading order causing pylons to lose all debuffs on load	core/src/main/java/com/shatteredpixel/shatteredpixeldungeon/actors/mobs/Pylon.java	general
d8c92096e37826940e39abcf2a38b65e2af0ba66	v2.4.2..v2.5.4	v2.5.1: fixed shopkeepers sometimes not clearing gasses when harmed	core/src/main/java/com/shatteredpixel/shatteredpixeldungeon/actors/mobs/npcs/Shopkeeper.java	general
ece3e68f4bf3bb7062ea9093cee271af43a0fe92	v2.4.2..v2.5.4	v2.5.1: fixed censer shop delay not working properly	core/src/main/java/com/shatteredpixel/shatteredpixeldungeon/items/trinkets/ChaoticCenser.java	slice2-candidate
168230b1efb088ed4daf8d9e3a3e96795ecd1eac	v2.4.2..v2.5.4	v2.5.1: fixed missing pixels in adept researcher badge icon	core/src/main/assets/interfaces/badges.png	assets
d0b0fa7717e0660b46c0b26cf1e48d1b5c505fbe	v2.4.2..v2.5.4	v2.5.1: added an internal cap to corpse dust wraith spawning power	core/src/main/java/com/shatteredpixel/shatteredpixeldungeon/items/quest/CorpseDust.java	general
e98e9ee9789683f307c174ed8b3e8f11829a3aac	v2.4.2..v2.5.4	v2.5.1: fixed a small typo in invulnerability description	core/src/main/assets/messages/actors/actors.properties	localization
dea5aa38b96ffcd010f6cf4002bcfcd79261944f	v2.4.2..v2.5.4	v2.5.1: fixed rare crashes when censor had no cells to spawn gas in	core/src/main/java/com/shatteredpixel/shatteredpixeldungeon/items/trinkets/ChaoticCenser.java	slice2-candidate
a9930fafb7ff5da2c4a891522d4db2cd92a197ae	v2.4.2..v2.5.4	v2.5.1: fixed game log spam if scene is reset during tutorial	core/src/main/java/com/shatteredpixel/shatteredpixeldungeon/scenes/GameScene.java	general
16784d0194a8151559846fea140e03237e0157de	v2.4.2..v2.5.4	v2.5.0: updated version, changelog, and translations for v2.5.0 release!	build.gradle;core/src/main/assets/messages/actors/actors_el.properties;core/src/main/assets/messages/actors/actors_hu.properties;core/src/main/assets/messages/actors/actors_pt.properties;core/src/main/assets/messages/actors/actors_vi.properties;core/src/main/assets/messages/items/items_el.properties;core/src/main/assets/messages/items/items_es.properties;core/src/main/assets/messages/items/items_in.properties;core/src/main/assets/messages/items/items_ja.properties;core/src/main/assets/messages/items/items_vi.properties;core/src/main/assets/messages/items/items_zh.properties;core/src/main/assets/messages/journal/journal_el.properties;core/src/main/assets/messages/levels/levels_el.properties;core/src/main/assets/messages/levels/levels_hu.properties;core/src/main/assets/messages/misc/misc_el.properties;core/src/main/assets/messages/scenes/scenes_el.properties;core/src/main/assets/messages/windows/windows_el.properties;core/src/main/assets/messages/windows/windows_zh.properties;core/src/main/java/com/shatteredpixel/shatteredpixeldungeon/scenes/WelcomeScene.java;core/src/main/java/com/shatteredpixel/shatteredpixeldungeon/ShatteredPixelDungeon.java;core/src/main/java/com/shatteredpixel/shatteredpixeldungeon/ui/changelist/v2_X_Changes.java	slice2-candidate
3439b8ab2ee24ced8b7727bef8141ceff8ce359f	v2.4.2..v2.5.4	v2.5.0: added dev commentary for v1.4.0	core/src/main/java/com/shatteredpixel/shatteredpixeldungeon/ui/changelist/v1_X_Changes.java	general
0368b61d89745ba5a92f357f87b3f9e2393792d1	v2.4.2..v2.5.4	v2.5.0: fixed new story UI not setting region intros as read	core/src/main/java/com/shatteredpixel/shatteredpixeldungeon/scenes/InterlevelScene.java	general
56d3a0da183ca6814ee8babe3dd3feaa3748c1e3	v2.4.2..v2.5.4	v2.5.0: updated translations, version, and changelog for RC-1	build.gradle;core/src/main/assets/messages/actors/actors_cs.properties;core/src/main/assets/messages/actors/actors_de.properties;core/src/main/assets/messages/actors/actors_el.properties;core/src/main/assets/messages/actors/actors_fr.properties;core/src/main/assets/messages/actors/actors_hu.properties;core/src/main/assets/messages/actors/actors_in.properties;core/src/main/assets/messages/actors/actors_ja.properties;core/src/main/assets/messages/actors/actors_ko.properties;core/src/main/assets/messages/actors/actors_nl.properties;core/src/main/assets/messages/actors/actors_pt.properties;core/src/main/assets/messages/actors/actors_ru.properties;core/src/main/assets/messages/actors/actors_uk.properties;core/src/main/assets/messages/actors/actors_vi.properties;core/src/main/assets/messages/actors/actors_zh.properties;core/src/main/assets/messages/items/items_cs.properties;core/src/main/assets/messages/items/items_de.properties;core/src/main/assets/messages/items/items_el.properties;core/src/main/assets/messages/items/items_fr.properties;core/src/main/assets/messages/items/items_hu.properties;core/src/main/assets/messages/items/items_in.properties;core/src/main/assets/messages/items/items_ja.properties;core/src/main/assets/messages/items/items_nl.properties;core/src/main/assets/messages/items/items_pt.properties;core/src/main/assets/messages/items/items_uk.properties;core/src/main/assets/messages/items/items_vi.properties;core/src/main/assets/messages/items/items_zh.properties;core/src/main/assets/messages/journal/journal_de.properties;core/src/main/assets/messages/journal/journal_hu.properties;core/src/main/assets/messages/journal/journal_in.properties;core/src/main/assets/messages/journal/journal_pt.properties;core/src/main/assets/messages/journal/journal_uk.properties;core/src/main/assets/messages/journal/journal_vi.properties;core/src/main/assets/messages/levels/levels_de.properties;core/src/main/assets/messages/levels/levels_hu.properties;core/src/main/assets/messages/levels/levels_in.properties;core/src/main/assets/messages/levels/levels_ja.properties;core/src/main/assets/messages/levels/levels_pt.properties;core/src/main/assets/messages/levels/levels_zh.properties;core/src/main/assets/messages/misc/misc_el.properties;core/src/main/assets/messages/misc/misc_in.properties;core/src/main/assets/messages/misc/misc_uk.properties;core/src/main/assets/messages/scenes/scenes_be.properties;core/src/main/assets/messages/scenes/scenes_cs.properties;core/src/main/assets/messages/scenes/scenes_de.properties;core/src/main/assets/messages/scenes/scenes_el.properties;core/src/main/assets/messages/scenes/scenes_es.properties;core/src/main/assets/messages/scenes/scenes_fr.properties;core/src/main/assets/messages/scenes/scenes_hu.properties;core/src/main/assets/messages/scenes/scenes_in.properties;core/src/main/assets/messages/scenes/scenes_it.properties;core/src/main/assets/messages/scenes/scenes_ja.properties;core/src/main/assets/messages/scenes/scenes_ko.properties;core/src/main/assets/messages/scenes/scenes_nl.properties;core/src/main/assets/messages/scenes/scenes_pl.properties;core/src/main/assets/messages/scenes/scenes_pt.properties;core/src/main/assets/messages/scenes/scenes_ru.properties;core/src/main/assets/messages/scenes/scenes_tr.properties;core/src/main/assets/messages/scenes/scenes_uk.properties;core/src/main/assets/messages/scenes/scenes_vi.properties;core/src/main/assets/messages/scenes/scenes_zh.properties;core/src/main/assets/messages/ui/ui_in.properties;core/src/main/assets/messages/windows/windows_de.properties;core/src/main/assets/messages/windows/windows_el.properties;core/src/main/assets/messages/windows/windows_hu.properties;core/src/main/assets/messages/windows/windows_in.properties;core/src/main/assets/messages/windows/windows_zh.properties;core/src/main/java/com/shatteredpixel/shatteredpixeldungeon/messages/Languages.java;core/src/main/java/com/shatteredpixel/shatteredpixeldungeon/ui/changelist/v2_X_Changes.java	slice2-candidate
d6c79d38e9874b16055eeb20f138e27f743b9f72	v2.4.2..v2.5.4	v2.5.0: adjusted panning behaviour to be purely based on game dimensions	core/src/main/java/com/shatteredpixel/shatteredpixeldungeon/scenes/InterlevelScene.java	general
d7b2f461e899badfa6de8a39014ca4c51f2aef61	v2.4.2..v2.5.4	v2.5.0: slightly tweaked focus points on loading scene	core/src/main/java/com/shatteredpixel/shatteredpixeldungeon/scenes/InterlevelScene.java	general
52eb5704ebc3cbfe491e3158b56441bb7e932ab5	v2.4.2..v2.5.4	v2.5.0: fixed loading scene visual errors when loading is slow	core/src/main/java/com/shatteredpixel/shatteredpixeldungeon/scenes/InterlevelScene.java	general
491e478aa919d6cef71defd5659bb2546bcd62c7	v2.4.2..v2.5.4	v2.5.0: necromancer summoning now interrupts the hero	core/src/main/java/com/shatteredpixel/shatteredpixeldungeon/actors/mobs/Necromancer.java	general
6c849e85bb8886565bce4d882be870ca97acb858	v2.4.2..v2.5.4	v2.5.0: fixed very rare cases of cave exit rooms failing to generate	core/src/main/java/com/shatteredpixel/shatteredpixeldungeon/levels/rooms/standard/exit/CaveExitRoom.java	general
13600537848fd7200c4a1d8839ef88bde79b2dec	v2.4.2..v2.5.4	v2.5.0: added a panning function to region backgrounds in portrait	core/src/main/java/com/shatteredpixel/shatteredpixeldungeon/scenes/InterlevelScene.java	general
5567195a138a807577bc5d78fc06d6d0a1b60163	v2.4.2..v2.5.4	v2.5.0: adjusted mob inefficient path tolerance changes	core/src/main/java/com/shatteredpixel/shatteredpixeldungeon/actors/mobs/Mob.java	general
76972e358c347140a4b6b1f9399cbcd7f7f54baa	v2.4.2..v2.5.4	v2.5.0: thorns no longer rebounds damage to allies	core/src/main/java/com/shatteredpixel/shatteredpixeldungeon/items/armor/glyphs/Thorns.java	general
734f7ad0d4b4f2547d5e9e26700b79a215f886c2	v2.4.2..v2.5.4	v2.5.0: various chaotic censer tweaks:	core/src/main/java/com/shatteredpixel/shatteredpixeldungeon/items/trinkets/ChaoticCenser.java	slice2-candidate
fbf3bfc734fe8b54d2dae44c611c2afae63bd794	v2.4.2..v2.5.4	v2.5.0: fixed missing i18n on journal text in main menu	core/src/main/assets/messages/scenes/scenes.properties;core/src/main/java/com/shatteredpixel/shatteredpixeldungeon/scenes/TitleScene.java	slice2-candidate
175c5e06d4e3ea818a74812733f8d1728948ce18	v2.4.2..v2.5.4	v2.5.0: trinket selection window now force-reshows itself	core/src/main/java/com/shatteredpixel/shatteredpixeldungeon/items/trinkets/TrinketCatalyst.java;core/src/main/java/com/shatteredpixel/shatteredpixeldungeon/scenes/AlchemyScene.java;core/src/main/java/com/shatteredpixel/shatteredpixeldungeon/scenes/GameScene.java	slice2-candidate
422e0cbac553adde4693fbddf8d5a54324651427	v2.4.2..v2.5.4	v2.5.0: minions that die with bosses no longer add to encounter count	core/src/main/java/com/shatteredpixel/shatteredpixeldungeon/actors/mobs/CrystalSpire.java;core/src/main/java/com/shatteredpixel/shatteredpixeldungeon/actors/mobs/DwarfKing.java;core/src/main/java/com/shatteredpixel/shatteredpixeldungeon/actors/mobs/RotHeart.java;core/src/main/java/com/shatteredpixel/shatteredpixeldungeon/actors/mobs/YogDzewa.java;core/src/main/java/com/shatteredpixel/shatteredpixeldungeon/journal/Bestiary.java	slice2-candidate
664cb231b533aa7f54295e9f0293a22402e7f364	v2.4.2..v2.5.4	v2.5.0: fixed rare cases of levelgen freeze due to imp spawn changes	core/src/main/java/com/shatteredpixel/shatteredpixeldungeon/actors/mobs/npcs/Imp.java	general
bf973930b7803c7c68757ab97fa61ed09b978aef	v2.4.2..v2.5.4	v2.5.0: journal notes window now only highlights current floor	core/src/main/java/com/shatteredpixel/shatteredpixeldungeon/windows/WndJournal.java	slice2-candidate
391c6fef3a6f51a70e1559998172ea71cf125fee	v2.4.2..v2.5.4	v2.5.0: fixed cursed wand alarm effect having incorrect posOnly check	core/src/main/java/com/shatteredpixel/shatteredpixeldungeon/items/wands/CursedWand.java	slice2-candidate
a9b92035dfeff2e7970ab282ef721a7c13a31e52	v2.4.2..v2.5.4	v2.5.0: fixed revently introduced error with custom notes by item type	core/src/main/java/com/shatteredpixel/shatteredpixeldungeon/items/rings/Ring.java;core/src/main/java/com/shatteredpixel/shatteredpixeldungeon/journal/Notes.java	slice2-candidate
2cb72f991a65c95abb73f9481593d842a2b2d6a9	v2.4.2..v2.5.4	v2.5.0: fixed anon pot/scrl/rings calling super.desc instead of desc	core/src/main/java/com/shatteredpixel/shatteredpixeldungeon/items/potions/Potion.java;core/src/main/java/com/shatteredpixel/shatteredpixeldungeon/items/rings/Ring.java;core/src/main/java/com/shatteredpixel/shatteredpixeldungeon/items/scrolls/Scroll.java	general
15e16828a6a41a30d2a95fe6a20231c6cefe52c3	v2.4.2..v2.5.4	v2.5.0: added a few safety checks to item buff checking	core/src/main/java/com/shatteredpixel/shatteredpixeldungeon/items/artifacts/Artifact.java;core/src/main/java/com/shatteredpixel/shatteredpixeldungeon/items/wands/WandOfFireblast.java;core/src/main/java/com/shatteredpixel/shatteredpixeldungeon/items/wands/WandOfRegrowth.java	general
75da7a40e1ce38370e76485be668fb402ab73f8d	v2.4.2..v2.5.4	v2.5.0: added a safety check to bee AI	core/src/main/java/com/shatteredpixel/shatteredpixeldungeon/actors/mobs/Bee.java	general
85d619ceff3b73af539d6e1638764f23c45b4943	v2.4.2..v2.5.4	v2.5.0: fixed ripper demons using wrong reference when missing leap atk	core/src/main/java/com/shatteredpixel/shatteredpixeldungeon/actors/mobs/RipperDemon.java	general
7aa9555294952d116639ef9e64259ace3943caf1	v2.4.2..v2.5.4	v2.5.0: updated changelog, version, and translations for BETA-5	build.gradle;core/src/main/assets/messages/actors/actors_cs.properties;core/src/main/assets/messages/actors/actors_de.properties;core/src/main/assets/messages/actors/actors_el.properties;core/src/main/assets/messages/actors/actors_es.properties;core/src/main/assets/messages/actors/actors_fr.properties;core/src/main/assets/messages/actors/actors_hu.properties;core/src/main/assets/messages/actors/actors_in.properties;core/src/main/assets/messages/actors/actors_it.properties;core/src/main/assets/messages/actors/actors_ja.properties;core/src/main/assets/messages/actors/actors_ko.properties;core/src/main/assets/messages/actors/actors_nl.properties;core/src/main/assets/messages/actors/actors_pl.properties;core/src/main/assets/messages/actors/actors_pt.properties;core/src/main/assets/messages/actors/actors_ru.properties;core/src/main/assets/messages/actors/actors_uk.properties;core/src/main/assets/messages/actors/actors_vi.properties;core/src/main/assets/messages/actors/actors_zh.properties;core/src/main/assets/messages/items/items_be.properties;core/src/main/assets/messages/items/items_cs.properties;core/src/main/assets/messages/items/items_de.properties;core/src/main/assets/messages/items/items_el.properties;core/src/main/assets/messages/items/items_es.properties;core/src/main/assets/messages/items/items_fr.properties;core/src/main/assets/messages/items/items_hu.properties;core/src/main/assets/messages/items/items_in.properties;core/src/main/assets/messages/items/items_it.properties;core/src/main/assets/messages/items/items_ja.properties;core/src/main/assets/messages/items/items_ko.properties;core/src/main/assets/messages/items/items_nl.properties;core/src/main/assets/messages/items/items_pl.properties;core/src/main/assets/messages/items/items_pt.properties;core/src/main/assets/messages/items/items_ru.properties;core/src/main/assets/messages/items/items_tr.properties;core/src/main/assets/messages/items/items_uk.properties;core/src/main/assets/messages/items/items_vi.properties;core/src/main/assets/messages/items/items_zh.properties;core/src/main/assets/messages/journal/journal_fr.properties;core/src/main/assets/messages/journal/journal_hu.properties;core/src/main/assets/messages/journal/journal_it.properties;core/src/main/assets/messages/journal/journal_pl.properties;core/src/main/assets/messages/journal/journal_pt.properties;core/src/main/assets/messages/journal/journal_vi.properties;core/src/main/assets/messages/journal/journal_zh.properties;core/src/main/assets/messages/levels/levels_hu.properties;core/src/main/assets/messages/levels/levels_it.properties;core/src/main/assets/messages/levels/levels_pl.properties;core/src/main/assets/messages/levels/levels_pt.properties;core/src/main/assets/messages/levels/levels_vi.properties;core/src/main/assets/messages/levels/levels_zh.properties;core/src/main/assets/messages/misc/misc_cs.properties;core/src/main/assets/messages/misc/misc_es.properties;core/src/main/assets/messages/misc/misc_fr.properties;core/src/main/assets/messages/misc/misc_hu.properties;core/src/main/assets/messages/misc/misc_it.properties;core/src/main/assets/messages/misc/misc_ja.properties;core/src/main/assets/messages/misc/misc_nl.properties;core/src/main/assets/messages/misc/misc_pl.properties;core/src/main/assets/messages/misc/misc_pt.properties;core/src/main/assets/messages/misc/misc_ru.properties;core/src/main/assets/messages/misc/misc_uk.properties;core/src/main/assets/messages/misc/misc_vi.properties;core/src/main/assets/messages/misc/misc_zh.properties;core/src/main/assets/messages/scenes/scenes_be.properties;core/src/main/assets/messages/scenes/scenes_cs.properties;core/src/main/assets/messages/scenes/scenes_de.properties;core/src/main/assets/messages/scenes/scenes_el.properties;core/src/main/assets/messages/scenes/scenes_es.properties;core/src/main/assets/messages/scenes/scenes_fr.properties;core/src/main/assets/messages/scenes/scenes_hu.properties;core/src/main/assets/messages/scenes/scenes_in.properties;core/src/main/assets/messages/scenes/scenes_it.properties;core/src/main/assets/messages/scenes/scenes_ja.properties;core/src/main/assets/messages/scenes/scenes_ko.properties;core/src/main/assets/messages/scenes/scenes_nl.properties;core/src/main/assets/messages/scenes/scenes_pl.properties;core/src/main/assets/messages/scenes/scenes_pt.properties;core/src/main/assets/messages/scenes/scenes_tr.properties;core/src/main/assets/messages/scenes/scenes_uk.properties;core/src/main/assets/messages/scenes/scenes_vi.properties;core/src/main/assets/messages/scenes/scenes_zh.properties;core/src/main/assets/messages/ui/ui_hu.properties;core/src/main/assets/messages/ui/ui_it.properties;core/src/main/assets/messages/ui/ui_nl.properties;core/src/main/assets/messages/ui/ui_pl.properties;core/src/main/assets/messages/ui/ui_pt.properties;core/src/main/assets/messages/ui/ui_ru.properties;core/src/main/assets/messages/ui/ui_vi.properties;core/src/main/assets/messages/ui/ui_zh.properties;core/src/main/assets/messages/windows/windows_cs.properties;core/src/main/assets/messages/windows/windows_es.properties;core/src/main/assets/messages/windows/windows_fr.properties;core/src/main/assets/messages/windows/windows_hu.properties;core/src/main/assets/messages/windows/windows_it.properties;core/src/main/assets/messages/windows/windows_ja.properties;core/src/main/assets/messages/windows/windows_nl.properties;core/src/main/assets/messages/windows/windows_pl.properties;core/src/main/assets/messages/windows/windows_pt.properties;core/src/main/assets/messages/windows/windows_ru.properties;core/src/main/assets/messages/windows/windows_uk.properties;core/src/main/assets/messages/windows/windows_vi.properties;core/src/main/assets/messages/windows/windows_zh.properties;core/src/main/java/com/shatteredpixel/shatteredpixeldungeon/messages/Languages.java;core/src/main/java/com/shatteredpixel/shatteredpixeldungeon/scenes/WelcomeScene.java;core/src/main/java/com/shatteredpixel/shatteredpixeldungeon/ui/changelist/v2_X_Changes.java	slice2-candidate
935b3f05dd65684b3985dc8acda6604da56e0780	v2.4.2..v2.5.4	v2.5.0: fixed setting not defaulting to lang tab when lang isn't done	core/src/main/java/com/shatteredpixel/shatteredpixeldungeon/scenes/TitleScene.java	general
df1f67b160108880678a1c846113a5a338191508	v2.4.2..v2.5.4	v2.5.0: implemented the chaotic censer trinket	core/src/main/assets/messages/items/items.properties;core/src/main/java/com/shatteredpixel/shatteredpixeldungeon/actors/buffs/Regeneration.java;core/src/main/java/com/shatteredpixel/shatteredpixeldungeon/items/Generator.java;core/src/main/java/com/shatteredpixel/shatteredpixeldungeon/items/trinkets/ChaoticCenser.java	slice2-candidate
8b42e550f38e44105e70a8c632a8a3328ee8b826	v2.4.2..v2.5.4	v2.5.0: improved using speck particles with magic missile	core/src/main/java/com/shatteredpixel/shatteredpixeldungeon/effects/MagicMissile.java;core/src/main/java/com/shatteredpixel/shatteredpixeldungeon/items/wands/CursedWand.java;core/src/main/java/com/shatteredpixel/shatteredpixeldungeon/sprites/DM200Sprite.java;core/src/main/java/com/shatteredpixel/shatteredpixeldungeon/sprites/DM300Sprite.java;core/src/main/java/com/shatteredpixel/shatteredpixeldungeon/sprites/FistSprite.java	slice2-candidate
09b2338b549cad4f9f8a212000c3e78513ad2c7c	v2.4.2..v2.5.4	v2.5.0: fixed badges list/grid not adding info window properly	core/src/main/java/com/shatteredpixel/shatteredpixeldungeon/ui/BadgesGrid.java;core/src/main/java/com/shatteredpixel/shatteredpixeldungeon/ui/BadgesList.java	general
d5ef9fef164a21f35b782d04bb5c7ec3f71e26c8	v2.4.2..v2.5.4	v2.5.0: blooming now makes furrowed grass when turtling in boss fights	core/src/main/java/com/shatteredpixel/shatteredpixeldungeon/items/weapon/enchantments/Blooming.java	general
dc7fb9fe08ac9898b31081740c220659e8432e85	v2.4.2..v2.5.4	v2.5.0: fixed cursed wand lightning potentially hitting chars twice	core/src/main/java/com/shatteredpixel/shatteredpixeldungeon/items/wands/CursedWand.java	slice2-candidate
4ff3a3365abf85a7e5d63feda7e7d7038f5bf4cc	v2.4.2..v2.5.4	v2.5.0: fixed inventory stones not counting in catalogs in some cases	core/src/main/java/com/shatteredpixel/shatteredpixeldungeon/items/stones/StoneOfAugmentation.java;core/src/main/java/com/shatteredpixel/shatteredpixeldungeon/items/stones/StoneOfIntuition.java	general
8b5c60d1d51770f95c87d26e1e5a206d392ae8ea	v2.4.2..v2.5.4	v2.5.0: fixed spacing issues caused by new icon in rankings scene	core/src/main/assets/messages/scenes/scenes.properties;core/src/main/java/com/shatteredpixel/shatteredpixeldungeon/scenes/RankingsScene.java	general
0110ca008357a0956d50aeb74ef29f123b89c8da	v2.4.2..v2.5.4	v2.5.0: fixed trinket cost comments using a base cost of 5	core/src/main/java/com/shatteredpixel/shatteredpixeldungeon/items/trinkets/DimensionalSundial.java;core/src/main/java/com/shatteredpixel/shatteredpixeldungeon/items/trinkets/ExoticCrystals.java;core/src/main/java/com/shatteredpixel/shatteredpixeldungeon/items/trinkets/EyeOfNewt.java;core/src/main/java/com/shatteredpixel/shatteredpixeldungeon/items/trinkets/MimicTooth.java;core/src/main/java/com/shatteredpixel/shatteredpixeldungeon/items/trinkets/MossyClump.java;core/src/main/java/com/shatteredpixel/shatteredpixeldungeon/items/trinkets/ParchmentScrap.java;core/src/main/java/com/shatteredpixel/shatteredpixeldungeon/items/trinkets/PetrifiedSeed.java;core/src/main/java/com/shatteredpixel/shatteredpixeldungeon/items/trinkets/RatSkull.java;core/src/main/java/com/shatteredpixel/shatteredpixeldungeon/items/trinkets/SaltCube.java;core/src/main/java/com/shatteredpixel/shatteredpixeldungeon/items/trinkets/ShardOfOblivion.java;core/src/main/java/com/shatteredpixel/shatteredpixeldungeon/items/trinkets/ThirteenLeafClover.java;core/src/main/java/com/shatteredpixel/shatteredpixeldungeon/items/trinkets/TrapMechanism.java;core/src/main/java/com/shatteredpixel/shatteredpixeldungeon/items/trinkets/VialOfBlood.java;core/src/main/java/com/shatteredpixel/shatteredpixeldungeon/items/trinkets/WondrousResin.java	slice2-candidate
cac0f528d91b270b07a629435f57070ff3fe7ddd	v2.4.2..v2.5.4	v2.5.0: heavily buffed the salt cube	core/src/main/java/com/shatteredpixel/shatteredpixeldungeon/items/trinkets/SaltCube.java	slice2-candidate
dde976b368f24a9da17f6ec0d5900014b8b382bc	v2.4.2..v2.5.4	v2.5.0: re-added skip to interlevelscene when debugging	core/src/main/java/com/shatteredpixel/shatteredpixeldungeon/scenes/InterlevelScene.java	general
a47baab4a3bb183eb351700ca5a2f8968803de26	v2.4.2..v2.5.4	v2.5.0: implemented the shard of oblivion trinket	core/src/main/assets/messages/items/items.properties;core/src/main/java/com/shatteredpixel/shatteredpixeldungeon/actors/hero/Talent.java;core/src/main/java/com/shatteredpixel/shatteredpixeldungeon/actors/mobs/Mob.java;core/src/main/java/com/shatteredpixel/shatteredpixeldungeon/items/armor/Armor.java;core/src/main/java/com/shatteredpixel/shatteredpixeldungeon/items/Generator.java;core/src/main/java/com/shatteredpixel/shatteredpixeldungeon/items/rings/Ring.java;core/src/main/java/com/shatteredpixel/shatteredpixeldungeon/items/trinkets/ShardOfOblivion.java;core/src/main/java/com/shatteredpixel/shatteredpixeldungeon/items/wands/Wand.java;core/src/main/java/com/shatteredpixel/shatteredpixeldungeon/items/weapon/Weapon.java	slice2-candidate
f5c4ccf20b28d507958523133fbb6f3e5d375d12	v2.4.2..v2.5.4	v2.5.0: added a 4th trinket option: random	core/src/main/assets/messages/items/items.properties;core/src/main/java/com/shatteredpixel/shatteredpixeldungeon/items/trinkets/TrinketCatalyst.java	slice2-candidate
03eff7ff1d4fb57f26506a257daee7fc7fcea2c6	v2.4.2..v2.5.4	v2.5.0: trinkets can now be energized for some energy back	core/src/main/java/com/shatteredpixel/shatteredpixeldungeon/items/trinkets/Trinket.java	slice2-candidate
df0d1ddeb6c8029830fe11c0ce087a01f6053464	v2.4.2..v2.5.4	v2.5.0: added a new buff indicator for wand-based buffs	core/src/main/assets/interfaces/buffs.png;core/src/main/assets/interfaces/large_buffs.png;core/src/main/java/com/shatteredpixel/shatteredpixeldungeon/actors/buffs/ScrollEmpower.java;core/src/main/java/com/shatteredpixel/shatteredpixeldungeon/actors/buffs/WandEmpower.java;core/src/main/java/com/shatteredpixel/shatteredpixeldungeon/ui/BuffIndicator.java	assets
a6434c3697b920da7bc5f67fb5232d746ab6e528	v2.4.2..v2.5.4	v2.5.0: finalized sprites for 4 new trinkets	core/src/main/assets/sprites/items.png;core/src/main/java/com/shatteredpixel/shatteredpixeldungeon/sprites/ItemSpriteSheet.java	slice2-candidate
96f972836989e78dec23d43c49a81cecb72c92f3	v2.4.2..v2.5.4	v2.5.0: DM-300 will not longer spew gas at inorganic allies	core/src/main/java/com/shatteredpixel/shatteredpixeldungeon/actors/mobs/DM300.java	general
49af7826ef2c98201a7033774bb7902a989f8471	v2.4.2..v2.5.4	v2.5.0: further fixes to sleeping AI, and compensation balance tweaks:	core/src/main/assets/messages/actors/actors.properties;core/src/main/java/com/shatteredpixel/shatteredpixeldungeon/actors/mobs/Mob.java	general
7d774315348842d4d20fa9251bc1b38fe2fa8677	v2.4.2..v2.5.4	v2.5.0: fixed reclaim trap not triggering allied magic death badge	core/src/main/java/com/shatteredpixel/shatteredpixeldungeon/items/spells/ReclaimTrap.java;core/src/main/java/com/shatteredpixel/shatteredpixeldungeon/levels/traps/DisintegrationTrap.java;core/src/main/java/com/shatteredpixel/shatteredpixeldungeon/levels/traps/ExplosiveTrap.java;core/src/main/java/com/shatteredpixel/shatteredpixeldungeon/levels/traps/GnollRockfallTrap.java;core/src/main/java/com/shatteredpixel/shatteredpixeldungeon/levels/traps/GrimTrap.java;core/src/main/java/com/shatteredpixel/shatteredpixeldungeon/levels/traps/PoisonDartTrap.java;core/src/main/java/com/shatteredpixel/shatteredpixeldungeon/levels/traps/RockfallTrap.java;core/src/main/java/com/shatteredpixel/shatteredpixeldungeon/levels/traps/Trap.java;core/src/main/java/com/shatteredpixel/shatteredpixeldungeon/levels/traps/WornDartTrap.java	general
2b8fa4acad237f8c7e0e1e6ec20a6c0707dc7e61	v2.4.2..v2.5.4	v2.5.0: added a missing period in ethereal chains curse desc	core/src/main/assets/messages/items/items.properties	localization
af4e4e4f8017d27f24ce4f662501cf99408f8089	v2.4.2..v2.5.4	v2.5.0: story text hiding can now also be cancelled via keybind	core/src/main/java/com/shatteredpixel/shatteredpixeldungeon/scenes/InterlevelScene.java	general
5804694cfa6c73c402d2b71ffad0ef886b4ec068	v2.4.2..v2.5.4	v2.5.0: pressing any key now continues the loading screen	core/src/main/java/com/shatteredpixel/shatteredpixeldungeon/scenes/InterlevelScene.java	general
d3ecf68a6b588289d4c362568e7a130c40e0548f	v2.4.2..v2.5.4	v2.5.0: rings transmuted from artifacts can now be up to +2	core/src/main/java/com/shatteredpixel/shatteredpixeldungeon/items/scrolls/ScrollOfTransmutation.java	general
34028a2d74b1928b174902b5f36d3702a5017704	v2.4.2..v2.5.4	v2.5.0: message windows can now dynamically scale their width	core/src/main/java/com/shatteredpixel/shatteredpixeldungeon/windows/WndMessage.java	general
85dcf0fcf99c478d2322337f65c8a36b0dce0766	v2.4.2..v2.5.4	v2.5.0: adjusted logic for vine lashers in rot garden room	core/src/main/java/com/shatteredpixel/shatteredpixeldungeon/levels/rooms/quest/RotGardenRoom.java	general
5563ceb3cd3df0f314b129dd83ddb5586746d9ba	v2.4.2..v2.5.4	v2.5.0: fixed ripper demons refusing to leap into enemies over pits	core/src/main/java/com/shatteredpixel/shatteredpixeldungeon/actors/mobs/RipperDemon.java	general
0d5d5050388e6bbaed6392d361d4cfa5d6a31ad3	v2.4.2..v2.5.4	v2.5.0: fixed terror expiry setting AI state even if not fleeing	core/src/main/java/com/shatteredpixel/shatteredpixeldungeon/actors/mobs/Mob.java	general
370b65d6b2243e4d9393f58277319274afbe1850	v2.4.2..v2.5.4	v2.5.0: fixed 'fully stocked' badge being unlockable after death	core/src/main/java/com/shatteredpixel/shatteredpixeldungeon/Badges.java	general
8a3e5995754d3af4efc68e171942e3003d7ba6f3	v2.4.2..v2.5.4	v2.5.0: adjusted arcane resin text slightly to improve clarity	core/src/main/assets/messages/items/items.properties	localization
0424be9378b10c2b2e374048a2aec0aaedc4b0dd	v2.4.2..v2.5.4	v2.5.0: fixed custom notes showing for rings twice in some cases	core/src/main/java/com/shatteredpixel/shatteredpixeldungeon/journal/Notes.java	slice2-candidate
6d3ef615d3e2b970f000c120df6b975fb6bd7eb6	v2.4.2..v2.5.4	v2.5.0: fixed spike ability rarely triggering 'on kill' fx incorrectly	core/src/main/java/com/shatteredpixel/shatteredpixeldungeon/items/weapon/melee/Spear.java	general
57ccda1beaaff35c6d880ae2f5fc47e3c253262e	v2.4.2..v2.5.4	v2.5.0: fixed 'see on examine' trying to use catalog instead of bestiary	core/src/main/java/com/shatteredpixel/shatteredpixeldungeon/scenes/GameScene.java	slice2-candidate
b7d419a3ca74fe04acaa8e5190e693c967668760	v2.4.2..v2.5.4	v2.5.0: fixed some typos in newest trinket descriptions	core/src/main/assets/messages/items/items.properties	slice2-candidate
56595fadea1f4648f3a2b5ec8118e930d5a2597b	v2.4.2..v2.5.4	v2.5.0: updated translations, version, and changelog for BETA-4	build.gradle;core/src/main/assets/messages/actors/actors_be.properties;core/src/main/assets/messages/actors/actors_cs.properties;core/src/main/assets/messages/actors/actors_de.properties;core/src/main/assets/messages/actors/actors_el.properties;core/src/main/assets/messages/actors/actors_es.properties;core/src/main/assets/messages/actors/actors_fr.properties;core/src/main/assets/messages/actors/actors_hu.properties;core/src/main/assets/messages/actors/actors_in.properties;core/src/main/assets/messages/actors/actors_it.properties;core/src/main/assets/messages/actors/actors_ja.properties;core/src/main/assets/messages/actors/actors_ko.properties;core/src/main/assets/messages/actors/actors_nl.properties;core/src/main/assets/messages/actors/actors_pl.properties;core/src/main/assets/messages/actors/actors_pt.properties;core/src/main/assets/messages/actors/actors_ru.properties;core/src/main/assets/messages/actors/actors_tr.properties;core/src/main/assets/messages/actors/actors_uk.properties;core/src/main/assets/messages/actors/actors_vi.properties;core/src/main/assets/messages/actors/actors_zh.properties;core/src/main/assets/messages/items/items_cs.properties;core/src/main/assets/messages/items/items_el.properties;core/src/main/assets/messages/items/items_es.properties;core/src/main/assets/messages/items/items_fr.properties;core/src/main/assets/messages/items/items_hu.properties;core/src/main/assets/messages/items/items_ja.properties;core/src/main/assets/messages/items/items_ko.properties;core/src/main/assets/messages/items/items_nl.properties;core/src/main/assets/messages/items/items_pl.properties;core/src/main/assets/messages/items/items_pt.properties;core/src/main/assets/messages/items/items_ru.properties;core/src/main/assets/messages/items/items_uk.properties;core/src/main/assets/messages/items/items_zh.properties;core/src/main/assets/messages/journal/journal_el.properties;core/src/main/assets/messages/journal/journal_fr.properties;core/src/main/assets/messages/journal/journal_hu.properties;core/src/main/assets/messages/journal/journal_nl.properties;core/src/main/assets/messages/journal/journal_pl.properties;core/src/main/assets/messages/journal/journal_pt.properties;core/src/main/assets/messages/levels/levels_hu.properties;core/src/main/assets/messages/levels/levels_nl.properties;core/src/main/assets/messages/levels/levels_pl.properties;core/src/main/assets/messages/levels/levels_ru.properties;core/src/main/assets/messages/levels/levels_zh.properties;core/src/main/assets/messages/misc/misc_cs.properties;core/src/main/assets/messages/misc/misc_es.properties;core/src/main/assets/messages/misc/misc_hu.properties;core/src/main/assets/messages/misc/misc_ja.properties;core/src/main/assets/messages/misc/misc_nl.properties;core/src/main/assets/messages/misc/misc_pl.properties;core/src/main/assets/messages/misc/misc_ru.properties;core/src/main/assets/messages/misc/misc_uk.properties;core/src/main/assets/messages/misc/misc_zh.properties;core/src/main/assets/messages/plants/plants_pl.properties;core/src/main/assets/messages/scenes/scenes_hu.properties;core/src/main/assets/messages/scenes/scenes_nl.properties;core/src/main/assets/messages/scenes/scenes_pl.properties;core/src/main/assets/messages/ui/ui_de.properties;core/src/main/assets/messages/ui/ui_es.properties;core/src/main/assets/messages/ui/ui_hu.properties;core/src/main/assets/messages/ui/ui_nl.properties;core/src/main/assets/messages/ui/ui_ru.properties;core/src/main/assets/messages/windows/windows_cs.properties;core/src/main/assets/messages/windows/windows_es.properties;core/src/main/assets/messages/windows/windows_hu.properties;core/src/main/assets/messages/windows/windows_ja.properties;core/src/main/assets/messages/windows/windows_nl.properties;core/src/main/assets/messages/windows/windows_pl.properties;core/src/main/assets/messages/windows/windows_ru.properties;core/src/main/assets/messages/windows/windows_uk.properties;core/src/main/assets/messages/windows/windows_zh.properties;core/src/main/java/com/shatteredpixel/shatteredpixeldungeon/ui/changelist/v2_X_Changes.java	slice2-candidate
b278c8d16f5b8ba7cb820e7ea2f9cf10f6075a40	v2.4.2..v2.5.4	v2.5.0: added text for censer and shard of oblivion trinkets	core/src/main/assets/messages/items/items.properties	slice2-candidate
6ad519e2f9f4785deae930ab8b25b398e54546e6	v2.4.2..v2.5.4	v2.5.0: fixed a typoe in alchemize desc	core/src/main/assets/messages/items/items.properties	localization
f04eb50b7288f69e7ef449ef7a79f161ce218c23	v2.4.2..v2.5.4	v2.5.0: fixed combined lethality triggering from thrown weapons	core/src/main/java/com/shatteredpixel/shatteredpixeldungeon/actors/Char.java	hotspot
ab3ed71d5295c9cc16ab8ac4759d17183951c601	v2.4.2..v2.5.4	v2.5.0: fixed curItem not being updated by upgrade selection re-show	core/src/main/java/com/shatteredpixel/shatteredpixeldungeon/items/scrolls/ScrollOfUpgrade.java;core/src/main/java/com/shatteredpixel/shatteredpixeldungeon/items/spells/MagicalInfusion.java	general
54917b94f47eeda8bcda0d6decae0a93c7c3dfd8	v2.4.2..v2.5.4	v2.5.0: adjusted logic for rings to properly handle type vs. item notes	core/src/main/java/com/shatteredpixel/shatteredpixeldungeon/items/rings/Ring.java;core/src/main/java/com/shatteredpixel/shatteredpixeldungeon/ui/CustomNoteButton.java	general
210d1b4e8abe9fc4bdf1973cafc7175420b9f8a1	v2.4.2..v2.5.4	v2.5.0: fixed invuln fx cancelling champion mob auras	core/src/main/java/com/shatteredpixel/shatteredpixeldungeon/actors/buffs/Invulnerability.java	general
63e6ab9e0f6d189baf8a6919d95ea549d39cb2cf	v2.4.2..v2.5.4	v2.5.0: fixed new cursed wand lightning applying para after kill	core/src/main/java/com/shatteredpixel/shatteredpixeldungeon/items/wands/CursedWand.java	slice2-candidate
a430f10a6e6341ba3c0e29f9a866b988a89b2e85	v2.4.2..v2.5.4	v2.5.0: players can now catalog traps/plants by examine	core/src/main/assets/messages/windows/windows.properties;core/src/main/java/com/shatteredpixel/shatteredpixeldungeon/scenes/GameScene.java	general
e3fae424501aa5ac34f44a3ced3d0783a7fa1198	v2.4.2..v2.5.4	v2.5.0: fixed incorrect catalog 'count' text for artifs and trinkets	core/src/main/assets/messages/windows/windows.properties;core/src/main/java/com/shatteredpixel/shatteredpixeldungeon/windows/WndJournal.java	slice2-candidate
73129585e9f5f890d91b7ed16d9d715c8636811a	v2.4.2..v2.5.4	v2.5.0: cleaned up drowsy code, added duration to desc	core/src/main/assets/messages/actors/actors.properties;core/src/main/java/com/shatteredpixel/shatteredpixeldungeon/actors/buffs/Drowsy.java;core/src/main/java/com/shatteredpixel/shatteredpixeldungeon/items/scrolls/ScrollOfLullaby.java	general
cc3c434d35369b9a48eda7e9da1ca4adcd44284d	v2.4.2..v2.5.4	v2.5.0: improved text input performance regarding copy/paste	core/src/main/java/com/shatteredpixel/shatteredpixeldungeon/windows/WndTextInput.java;SPD-classes/src/main/java/com/watabou/noosa/TextInput.java	general
3aab6468401d9d3b5606089bc6c8e7a126f0dc58	v2.4.2..v2.5.4	v2.5.0: improved badge logic, most new badges now work in seeded runs	core/src/main/assets/messages/misc/misc.properties;core/src/main/java/com/shatteredpixel/shatteredpixeldungeon/Badges.java;core/src/main/java/com/shatteredpixel/shatteredpixeldungeon/scenes/PixelScene.java;core/src/main/java/com/shatteredpixel/shatteredpixeldungeon/ui/BadgesGrid.java;core/src/main/java/com/shatteredpixel/shatteredpixeldungeon/ui/BadgesList.java	general
1608d36f23a9211c24fb912759aad86bfb40d750	v2.4.2..v2.5.4	v2.5.0: fixed rounding errors in upgrade stats for corrosion wand	core/src/main/java/com/shatteredpixel/shatteredpixeldungeon/items/wands/WandOfCorrosion.java	general
3643145a8a2b936b0c72317f8276d33bb6b5f5ea	v2.4.2..v2.5.4	v2.5.0: fixed WndUpgrade re-showing on items with upgrade caps	core/src/main/java/com/shatteredpixel/shatteredpixeldungeon/windows/WndUpgrade.java	slice2-candidate
f81f32297e071cb5d98ae7efff3f9556968b7897	v2.4.2..v2.5.4	v2.5.0: flying mobs now visually fall into chasms if they die on them	core/src/main/java/com/shatteredpixel/shatteredpixeldungeon/actors/Char.java	hotspot
4bdd2359bafda4e77fd9ed00393fdd3b4a629541	v2.4.2..v2.5.4	v2.5.0: updated version and changelog for BETA-3	build.gradle;core/src/main/java/com/shatteredpixel/shatteredpixeldungeon/ui/changelist/v2_X_Changes.java	docs
3c0b7455016e1ad61ea47c60c17e869263cc67f9	v2.4.2..v2.5.4	v2.5.0: fixed recent notes fix causing journal scene crashes	core/src/main/java/com/shatteredpixel/shatteredpixeldungeon/items/potions/Potion.java;core/src/main/java/com/shatteredpixel/shatteredpixeldungeon/items/rings/Ring.java;core/src/main/java/com/shatteredpixel/shatteredpixeldungeon/items/scrolls/Scroll.java	slice2-candidate
c3c6d46f9a3f1b77b0307fd54461e69bd63fb97a	v2.4.2..v2.5.4	v2.5.0: updated version, changelog, and translations for BETA-2	build.gradle;core/src/main/assets/messages/actors/actors_cs.properties;core/src/main/assets/messages/actors/actors_el.properties;core/src/main/assets/messages/actors/actors_es.properties;core/src/main/assets/messages/actors/actors_fr.properties;core/src/main/assets/messages/actors/actors_hu.properties;core/src/main/assets/messages/actors/actors_in.properties;core/src/main/assets/messages/actors/actors_it.properties;core/src/main/assets/messages/actors/actors_ja.properties;core/src/main/assets/messages/actors/actors_ko.properties;core/src/main/assets/messages/actors/actors_pl.properties;core/src/main/assets/messages/actors/actors_pt.properties;core/src/main/assets/messages/actors/actors_ru.properties;core/src/main/assets/messages/actors/actors_uk.properties;core/src/main/assets/messages/actors/actors_zh.properties;core/src/main/assets/messages/items/items_be.properties;core/src/main/assets/messages/items/items_cs.properties;core/src/main/assets/messages/items/items_el.properties;core/src/main/assets/messages/items/items_es.properties;core/src/main/assets/messages/items/items_fr.properties;core/src/main/assets/messages/items/items_hu.properties;core/src/main/assets/messages/items/items_ja.properties;core/src/main/assets/messages/items/items_pl.properties;core/src/main/assets/messages/items/items_ru.properties;core/src/main/assets/messages/items/items_tr.properties;core/src/main/assets/messages/items/items_uk.properties;core/src/main/assets/messages/items/items_zh.properties;core/src/main/assets/messages/journal/journal_cs.properties;core/src/main/assets/messages/journal/journal_el.properties;core/src/main/assets/messages/journal/journal_es.properties;core/src/main/assets/messages/journal/journal_fr.properties;core/src/main/assets/messages/journal/journal_hu.properties;core/src/main/assets/messages/journal/journal_ja.properties;core/src/main/assets/messages/journal/journal_pl.properties;core/src/main/assets/messages/journal/journal_ru.properties;core/src/main/assets/messages/journal/journal_tr.properties;core/src/main/assets/messages/journal/journal_uk.properties;core/src/main/assets/messages/journal/journal_zh.properties;core/src/main/assets/messages/levels/levels_cs.properties;core/src/main/assets/messages/levels/levels_el.properties;core/src/main/assets/messages/levels/levels_es.properties;core/src/main/assets/messages/levels/levels_ja.properties;core/src/main/assets/messages/levels/levels_pl.properties;core/src/main/assets/messages/levels/levels_ru.properties;core/src/main/assets/messages/levels/levels_uk.properties;core/src/main/assets/messages/levels/levels_zh.properties;core/src/main/assets/messages/misc/misc_cs.properties;core/src/main/assets/messages/misc/misc_es.properties;core/src/main/assets/messages/misc/misc_hu.properties;core/src/main/assets/messages/misc/misc_ja.properties;core/src/main/assets/messages/misc/misc_pl.properties;core/src/main/assets/messages/misc/misc_ru.properties;core/src/main/assets/messages/misc/misc_uk.properties;core/src/main/assets/messages/misc/misc_zh.properties;core/src/main/assets/messages/plants/plants_hu.properties;core/src/main/assets/messages/scenes/scenes_cs.properties;core/src/main/assets/messages/scenes/scenes_es.properties;core/src/main/assets/messages/scenes/scenes_ja.properties;core/src/main/assets/messages/scenes/scenes_pl.properties;core/src/main/assets/messages/scenes/scenes_pt.properties;core/src/main/assets/messages/scenes/scenes_ru.properties;core/src/main/assets/messages/scenes/scenes_uk.properties;core/src/main/assets/messages/scenes/scenes_zh.properties;core/src/main/assets/messages/ui/ui_cs.properties;core/src/main/assets/messages/ui/ui_es.properties;core/src/main/assets/messages/ui/ui_ja.properties;core/src/main/assets/messages/ui/ui_pl.properties;core/src/main/assets/messages/ui/ui_uk.properties;core/src/main/assets/messages/ui/ui_zh.properties;core/src/main/assets/messages/windows/windows_cs.properties;core/src/main/assets/messages/windows/windows_el.properties;core/src/main/assets/messages/windows/windows_es.properties;core/src/main/assets/messages/windows/windows_hu.properties;core/src/main/assets/messages/windows/windows_ja.properties;core/src/main/assets/messages/windows/windows_nl.properties;core/src/main/assets/messages/windows/windows_pl.properties;core/src/main/assets/messages/windows/windows_ru.properties;core/src/main/assets/messages/windows/windows_uk.properties;core/src/main/assets/messages/windows/windows_zh.properties;core/src/main/java/com/shatteredpixel/shatteredpixeldungeon/ui/changelist/v2_X_Changes.java	slice2-candidate
63a9deb300a7b87f7a01bb45dca84f501847ff61	v2.4.2..v2.5.4	v2.5.0: fixed incorrect desc in petrified seed	core/src/main/java/com/shatteredpixel/shatteredpixeldungeon/items/trinkets/PetrifiedSeed.java	slice2-candidate
408846301644a38019dd047545d0d5cda74a6ef1	v2.4.2..v2.5.4	v2.5.0: piranhas are now killed by levitation	core/src/main/java/com/shatteredpixel/shatteredpixeldungeon/actors/mobs/PhantomPiranha.java;core/src/main/java/com/shatteredpixel/shatteredpixeldungeon/actors/mobs/Piranha.java;core/src/main/java/com/shatteredpixel/shatteredpixeldungeon/items/wands/CursedWand.java	slice2-candidate
f6b00b2839e7169da3f55cfdb9a2f91e2d11ef05	v2.4.2..v2.5.4	v2.5.0: fixed specific cases where hero would refuse to move onto traps	core/src/main/java/com/shatteredpixel/shatteredpixeldungeon/actors/hero/Hero.java	hotspot
b70870c105d3589fcabbb7d0d6b79db7bd98c2e6	v2.4.2..v2.5.4	v2.5.0: Tengu is no longer considered to be flying by the game	core/src/main/java/com/shatteredpixel/shatteredpixeldungeon/actors/mobs/Tengu.java	general
39808793f0ab348e56af33fd7f9782b19b45276a	v2.4.2..v2.5.4	v2.5.0: fixed challenge arena briefly persisting between floors	core/src/main/java/com/shatteredpixel/shatteredpixeldungeon/levels/Level.java	hotspot
d17a3337402141a4c4eeb2cc9ba958bf788a1a63	v2.4.2..v2.5.4	v2.5.0: fixed an additional typo	core/src/main/assets/messages/items/items.properties	localization
68aad5ba59c038630609931b5e088151a488f593	v2.4.2..v2.5.4	v2.5.0: fixed water jitter when scene is reset	core/src/main/java/com/shatteredpixel/shatteredpixeldungeon/scenes/GameScene.java	general
13b3c13f0c969e54ee835358f5372eeb02ac80f9	v2.4.2..v2.5.4	v2.5.0: fixed scene reset jitter caused by camera rounding errors	SPD-classes/src/main/java/com/watabou/noosa/Camera.java	general
f4aa26bef74839929e9db5a3ddb40600b49205e6	v2.4.2..v2.5.4	v2.5.0: fixed adjusted trap targeting logic ignoring invis characters	core/src/main/java/com/shatteredpixel/shatteredpixeldungeon/levels/traps/DisintegrationTrap.java;core/src/main/java/com/shatteredpixel/shatteredpixeldungeon/levels/traps/GrimTrap.java;core/src/main/java/com/shatteredpixel/shatteredpixeldungeon/levels/traps/PoisonDartTrap.java;core/src/main/java/com/shatteredpixel/shatteredpixeldungeon/levels/traps/WornDartTrap.java	general
f03af516c086d76c1d7a4741641e9099d6104ccc	v2.4.2..v2.5.4	v2.5.0: fixed catalog showing notes for unknown pots/scrolls/rings	core/src/main/java/com/shatteredpixel/shatteredpixeldungeon/items/potions/Potion.java;core/src/main/java/com/shatteredpixel/shatteredpixeldungeon/items/rings/Ring.java;core/src/main/java/com/shatteredpixel/shatteredpixeldungeon/items/scrolls/Scroll.java	general
bb1da296298a034393b7c1e01eb5369a64a64bbd	v2.4.2..v2.5.4	v2.5.0: fixed master researcher badge unlocking at 360 instead of 320	core/src/main/java/com/shatteredpixel/shatteredpixeldungeon/Badges.java	general
77780e0ddd17859e3d6ccff5e79cfc7466e40c2f	v2.4.2..v2.5.4	v2.5.0: fixed rare enemies catalog badge not counting as meta	core/src/main/java/com/shatteredpixel/shatteredpixeldungeon/Badges.java	general
fe04cf873f07b97000da155fd5c561545eb5ee68	v2.4.2..v2.5.4	v2.5.0: fixed upgrade window applying armor augment twice in stat desc	core/src/main/java/com/shatteredpixel/shatteredpixeldungeon/windows/WndUpgrade.java	slice2-candidate
8b846e612280a6ced38f8d52371466261e9ee0d7	v2.4.2..v2.5.4	v2.5.0: fixed various typos	core/src/main/assets/messages/actors/actors.properties;core/src/main/assets/messages/items/items.properties;core/src/main/assets/messages/windows/windows.properties	localization
2b2bf9dfd89f56a526f1e043fe5058859686642b	v2.4.2..v2.5.4	v2.5.0: fixed layout errors in zh/jp on journal scene title	core/src/main/java/com/shatteredpixel/shatteredpixeldungeon/scenes/JournalScene.java	slice2-candidate
ad165fc5d035decebc1d5d679e75c84a4ca59a54	v2.4.2..v2.5.4	v2.5.0: updated translations, version, and changelog for BETA-1	build.gradle;core/src/main/assets/messages/actors/actors_be.properties;core/src/main/assets/messages/actors/actors_cs.properties;core/src/main/assets/messages/actors/actors_de.properties;core/src/main/assets/messages/actors/actors_el.properties;core/src/main/assets/messages/actors/actors_es.properties;core/src/main/assets/messages/actors/actors_fr.properties;core/src/main/assets/messages/actors/actors_hu.properties;core/src/main/assets/messages/actors/actors_in.properties;core/src/main/assets/messages/actors/actors_it.properties;core/src/main/assets/messages/actors/actors_ja.properties;core/src/main/assets/messages/actors/actors_ko.properties;core/src/main/assets/messages/actors/actors_nl.properties;core/src/main/assets/messages/actors/actors_pl.properties;core/src/main/assets/messages/actors/actors_pt.properties;core/src/main/assets/messages/actors/actors_ru.properties;core/src/main/assets/messages/actors/actors_tr.properties;core/src/main/assets/messages/actors/actors_uk.properties;core/src/main/assets/messages/actors/actors_vi.properties;core/src/main/assets/messages/actors/actors_zh.properties;core/src/main/assets/messages/items/items_be.properties;core/src/main/assets/messages/items/items_cs.properties;core/src/main/assets/messages/items/items_de.properties;core/src/main/assets/messages/items/items_el.properties;core/src/main/assets/messages/items/items_es.properties;core/src/main/assets/messages/items/items_fr.properties;core/src/main/assets/messages/items/items_hu.properties;core/src/main/assets/messages/items/items_in.properties;core/src/main/assets/messages/items/items_it.properties;core/src/main/assets/messages/items/items_ja.properties;core/src/main/assets/messages/items/items_ko.properties;core/src/main/assets/messages/items/items_nl.properties;core/src/main/assets/messages/items/items_pl.properties;core/src/main/assets/messages/items/items_pt.properties;core/src/main/assets/messages/items/items_ru.properties;core/src/main/assets/messages/items/items_tr.properties;core/src/main/assets/messages/items/items_uk.properties;core/src/main/assets/messages/items/items_vi.properties;core/src/main/assets/messages/items/items_zh.properties;core/src/main/assets/messages/journal/journal_be.properties;core/src/main/assets/messages/journal/journal_cs.properties;core/src/main/assets/messages/journal/journal_de.properties;core/src/main/assets/messages/journal/journal_el.properties;core/src/main/assets/messages/journal/journal_es.properties;core/src/main/assets/messages/journal/journal_fr.properties;core/src/main/assets/messages/journal/journal_hu.properties;core/src/main/assets/messages/journal/journal_in.properties;core/src/main/assets/messages/journal/journal_it.properties;core/src/main/assets/messages/journal/journal_ja.properties;core/src/main/assets/messages/journal/journal_ko.properties;core/src/main/assets/messages/journal/journal_nl.properties;core/src/main/assets/messages/journal/journal_pl.properties;core/src/main/assets/messages/journal/journal_pt.properties;core/src/main/assets/messages/journal/journal_ru.properties;core/src/main/assets/messages/journal/journal_tr.properties;core/src/main/assets/messages/journal/journal_uk.properties;core/src/main/assets/messages/journal/journal_vi.properties;core/src/main/assets/messages/journal/journal_zh.properties;core/src/main/assets/messages/levels/levels_be.properties;core/src/main/assets/messages/levels/levels_cs.properties;core/src/main/assets/messages/levels/levels_de.properties;core/src/main/assets/messages/levels/levels_el.properties;core/src/main/assets/messages/levels/levels_es.properties;core/src/main/assets/messages/levels/levels_fr.properties;core/src/main/assets/messages/levels/levels_hu.properties;core/src/main/assets/messages/levels/levels_in.properties;core/src/main/assets/messages/levels/levels_it.properties;core/src/main/assets/messages/levels/levels_ja.properties;core/src/main/assets/messages/levels/levels_ko.properties;core/src/main/assets/messages/levels/levels_nl.properties;core/src/main/assets/messages/levels/levels_pl.properties;core/src/main/assets/messages/levels/levels_pt.properties;core/src/main/assets/messages/levels/levels_ru.properties;core/src/main/assets/messages/levels/levels_tr.properties;core/src/main/assets/messages/levels/levels_uk.properties;core/src/main/assets/messages/levels/levels_vi.properties;core/src/main/assets/messages/levels/levels_zh.properties;core/src/main/assets/messages/misc/misc_be.properties;core/src/main/assets/messages/misc/misc_cs.properties;core/src/main/assets/messages/misc/misc_de.properties;core/src/main/assets/messages/misc/misc_el.properties;core/src/main/assets/messages/misc/misc_es.properties;core/src/main/assets/messages/misc/misc_fr.properties;core/src/main/assets/messages/misc/misc_hu.properties;core/src/main/assets/messages/misc/misc_in.properties;core/src/main/assets/messages/misc/misc_it.properties;core/src/main/assets/messages/misc/misc_ja.properties;core/src/main/assets/messages/misc/misc_ko.properties;core/src/main/assets/messages/misc/misc_nl.properties;core/src/main/assets/messages/misc/misc_pl.properties;core/src/main/assets/messages/misc/misc_pt.properties;core/src/main/assets/messages/misc/misc_ru.properties;core/src/main/assets/messages/misc/misc_tr.properties;core/src/main/assets/messages/misc/misc_uk.properties;core/src/main/assets/messages/misc/misc_vi.properties;core/src/main/assets/messages/misc/misc_zh.properties;core/src/main/assets/messages/plants/plants_fr.properties;core/src/main/assets/messages/plants/plants_hu.properties;core/src/main/assets/messages/plants/plants_pl.properties;core/src/main/assets/messages/plants/plants_uk.properties;core/src/main/assets/messages/private/private_be.properties;core/src/main/assets/messages/scenes/scenes_be.properties;core/src/main/assets/messages/scenes/scenes_cs.properties;core/src/main/assets/messages/scenes/scenes_de.properties;core/src/main/assets/messages/scenes/scenes_el.properties;core/src/main/assets/messages/scenes/scenes_es.properties;core/src/main/assets/messages/scenes/scenes_fr.properties;core/src/main/assets/messages/scenes/scenes_hu.properties;core/src/main/assets/messages/scenes/scenes_in.properties;core/src/main/assets/messages/scenes/scenes_it.properties;core/src/main/assets/messages/scenes/scenes_ja.properties;core/src/main/assets/messages/scenes/scenes_ko.properties;core/src/main/assets/messages/scenes/scenes_nl.properties;core/src/main/assets/messages/scenes/scenes_pl.properties;core/src/main/assets/messages/scenes/scenes_pt.properties;core/src/main/assets/messages/scenes/scenes_ru.properties;core/src/main/assets/messages/scenes/scenes_tr.properties;core/src/main/assets/messages/scenes/scenes_uk.properties;core/src/main/assets/messages/scenes/scenes_vi.properties;core/src/main/assets/messages/scenes/scenes_zh.properties;core/src/main/assets/messages/ui/ui_be.properties;core/src/main/assets/messages/ui/ui_cs.properties;core/src/main/assets/messages/ui/ui_de.properties;core/src/main/assets/messages/ui/ui_el.properties;core/src/main/assets/messages/ui/ui_es.properties;core/src/main/assets/messages/ui/ui_fr.properties;core/src/main/assets/messages/ui/ui_hu.properties;core/src/main/assets/messages/ui/ui_in.properties;core/src/main/assets/messages/ui/ui_it.properties;core/src/main/assets/messages/ui/ui_ja.properties;core/src/main/assets/messages/ui/ui_ko.properties;core/src/main/assets/messages/ui/ui_nl.properties;core/src/main/assets/messages/ui/ui_pl.properties;core/src/main/assets/messages/ui/ui_pt.properties;core/src/main/assets/messages/ui/ui_ru.properties;core/src/main/assets/messages/ui/ui_tr.properties;core/src/main/assets/messages/ui/ui_uk.properties;core/src/main/assets/messages/ui/ui_vi.properties;core/src/main/assets/messages/ui/ui_zh.properties;core/src/main/assets/messages/windows/windows_be.properties;core/src/main/assets/messages/windows/windows_cs.properties;core/src/main/assets/messages/windows/windows_de.properties;core/src/main/assets/messages/windows/windows_el.properties;core/src/main/assets/messages/windows/windows_es.properties;core/src/main/assets/messages/windows/windows_fr.properties;core/src/main/assets/messages/windows/windows_hu.properties;core/src/main/assets/messages/windows/windows_in.properties;core/src/main/assets/messages/windows/windows_it.properties;core/src/main/assets/messages/windows/windows_ja.properties;core/src/main/assets/messages/windows/windows_ko.properties;core/src/main/assets/messages/windows/windows_nl.properties;core/src/main/assets/messages/windows/windows_pl.properties;core/src/main/assets/messages/windows/windows_pt.properties;core/src/main/assets/messages/windows/windows_ru.properties;core/src/main/assets/messages/windows/windows_tr.properties;core/src/main/assets/messages/windows/windows_uk.properties;core/src/main/assets/messages/windows/windows_vi.properties;core/src/main/assets/messages/windows/windows_zh.properties;core/src/main/java/com/shatteredpixel/shatteredpixeldungeon/scenes/WelcomeScene.java;core/src/main/java/com/shatteredpixel/shatteredpixeldungeon/ui/changelist/v2_X_Changes.java	slice2-candidate
3cc21b55a8505e8396d482aa69576591a630a6b6	v2.4.2..v2.5.4	v2.5.0: fixed crash errors in catalogs	core/src/main/java/com/shatteredpixel/shatteredpixeldungeon/items/weapon/missiles/darts/Dart.java;core/src/main/java/com/shatteredpixel/shatteredpixeldungeon/items/weapon/missiles/darts/TippedDart.java;core/src/main/java/com/shatteredpixel/shatteredpixeldungeon/sprites/GooSprite.java	general
2a1f46b21c18598ec8088afe9df4bee0c5909534	v2.4.2..v2.5.4	v2.5.0: updated version and changelog for ALPHA-4	build.gradle;core/src/main/java/com/shatteredpixel/shatteredpixeldungeon/ui/changelist/v2_X_Changes.java	docs
a0cec969c8973ee30abd67c86adf3e79da85bf01	v2.4.2..v2.5.4	v2.5.0: fixed cases where upgrade window change causes a crash	core/src/main/java/com/shatteredpixel/shatteredpixeldungeon/windows/WndUpgrade.java	slice2-candidate
d9cb56c2dcc9c22ea7c621471e63d80772ec917a	v2.4.2..v2.5.4	v2.5.0: updated changelog and version for ALPHA-3	build.gradle;core/src/main/java/com/shatteredpixel/shatteredpixeldungeon/ui/changelist/v2_X_Changes.java	docs
d167ce29f1b709292fd118a96a9ea6e417c5eb5b	v2.4.2..v2.5.4	v2.5.0: adjusted melee acc talents to work with unarmed melee attacks	core/src/main/assets/messages/actors/actors.properties;core/src/main/java/com/shatteredpixel/shatteredpixeldungeon/actors/hero/Hero.java;core/src/main/java/com/shatteredpixel/shatteredpixeldungeon/items/weapon/melee/MeleeWeapon.java	hotspot
7b7a4656d17902f2c1214dc72e4abd5298f66022	v2.4.2..v2.5.4	v2.5.0: upgrade window now shows uses left and re-shows on un-ided item	core/src/main/assets/messages/windows/windows.properties;core/src/main/java/com/shatteredpixel/shatteredpixeldungeon/windows/WndUpgrade.java	slice2-candidate
46eec8265a99221241977f3eab77b2a9c260eaa9	v2.4.2..v2.5.4	v2.5.0: fixed hero armor xfer granting warrior +1 level in some cases	core/src/main/java/com/shatteredpixel/shatteredpixeldungeon/items/armor/ClassArmor.java	general
4da36ed3fa06245308f5aba71c22d14d0f411bb7	v2.4.2..v2.5.4	v2.5.0: fixed a typo in life link description	core/src/main/assets/messages/actors/actors.properties	localization
79ed98b25b99dcfccf300c2f259f8576e376579b	v2.4.2..v2.5.4	v2.5.0: hero and journal windows can now be closed by keybind	core/src/main/java/com/shatteredpixel/shatteredpixeldungeon/windows/WndHero.java;core/src/main/java/com/shatteredpixel/shatteredpixeldungeon/windows/WndJournal.java	slice2-candidate
23886d73f48afe146a936b45812b9e2f53632561	v2.4.2..v2.5.4	v2.5.0: fixed rapier lunge into empty space not updating quickslots	core/src/main/java/com/shatteredpixel/shatteredpixeldungeon/items/weapon/melee/Rapier.java	general
f5f7568ac9ec62ce3c19db1d76e93c5841ad75d6	v2.4.2..v2.5.4	v2.5.0: fixed crystal guardians and spire not being recorded in journal	core/src/main/java/com/shatteredpixel/shatteredpixeldungeon/actors/mobs/CrystalGuardian.java;core/src/main/java/com/shatteredpixel/shatteredpixeldungeon/actors/mobs/CrystalSpire.java;core/src/main/java/com/shatteredpixel/shatteredpixeldungeon/windows/WndJournal.java	slice2-candidate
8c6788750ecb151f515d82780df5c0c55256fae6	v2.4.2..v2.5.4	v2.5.0: incresaed the amount of text shake when falling	core/src/main/java/com/shatteredpixel/shatteredpixeldungeon/scenes/InterlevelScene.java	general
fcf5b19b9e43d603d406f7d5828f8d71b6076c7b	v2.4.2..v2.5.4	v2.5.0: fixed transmuting trinkets not preserving all ID state	core/src/main/java/com/shatteredpixel/shatteredpixeldungeon/items/scrolls/ScrollOfTransmutation.java	slice2-candidate
ca6087c4fd1ca74de4396f4fc78976162678734f	v2.4.2..v2.5.4	v2.5.0: fixed various typos	core/src/main/assets/messages/actors/actors.properties;core/src/main/assets/messages/items/items.properties	localization
db4a922aecb78c0fd492f2a3e5b0eb29ba9cfe9c	v2.4.2..v2.5.4	v2.5.0: monk focus ability is now greys out when focus buff is active	core/src/main/java/com/shatteredpixel/shatteredpixeldungeon/actors/buffs/MonkEnergy.java	general
1e719e9b49285b21c4efdda91efd7979fbd81848	v2.4.2..v2.5.4	v2.5.0: fixed salt cube giving 2x the satiety duration as intended	core/src/main/java/com/shatteredpixel/shatteredpixeldungeon/items/trinkets/SaltCube.java	slice2-candidate
919eec4a6ffb90defda007c89ff023f2db7db4b5	v2.4.2..v2.5.4	v2.5.0: added a new victory window after first win	core/src/main/assets/messages/windows/windows.properties;core/src/main/java/com/shatteredpixel/shatteredpixeldungeon/scenes/HeroSelectScene.java;core/src/main/java/com/shatteredpixel/shatteredpixeldungeon/scenes/RankingsScene.java;core/src/main/java/com/shatteredpixel/shatteredpixeldungeon/scenes/TitleScene.java;core/src/main/java/com/shatteredpixel/shatteredpixeldungeon/scenes/WelcomeScene.java;core/src/main/java/com/shatteredpixel/shatteredpixeldungeon/SPDSettings.java;core/src/main/java/com/shatteredpixel/shatteredpixeldungeon/windows/WndVictoryCongrats.java	hotspot
bdbaf994e833c0c524892a48e9d91f5367b76e99	v2.4.2..v2.5.4	v2.5.0: adjusted well fed buff visual duration when holding salt cube	core/src/main/java/com/shatteredpixel/shatteredpixeldungeon/actors/buffs/WellFed.java	general
e8cf6d0a0b7f6d503edb557bd95be63a3312d62b	v2.4.2..v2.5.4	v2.5.0: cleaning tipped darts now doesn't show 'clean all' if there is 1	core/src/main/java/com/shatteredpixel/shatteredpixeldungeon/items/weapon/missiles/darts/TippedDart.java	general
92e058261ca117270facbb8b357c0885cd52f7df	v2.4.2..v2.5.4	v2.5.0: fixed non-practice dailies having a purple floor icon	core/src/main/java/com/shatteredpixel/shatteredpixeldungeon/ui/Icons.java	general
9799ed5ae463b127674267e5c11c23d3d352f5d4	v2.4.2..v2.5.4	v2.5.0: updated version and changelog for ALPHA-2	build.gradle;core/src/main/java/com/shatteredpixel/shatteredpixeldungeon/ui/changelist/v2_X_Changes.java	docs
83643fd2fb5d1ae1720abfaaff8703639dd4b049	v2.4.2..v2.5.4	v2.5.0: fixed ring of haste granting 75% speed instead of 17.5&	core/src/main/java/com/shatteredpixel/shatteredpixeldungeon/items/rings/RingOfHaste.java	general
364b2ee5bdb8ff8a90380ce29ab719ddb5c8f825	v2.4.2..v2.5.4	v2.5.0: weapons/armor setting enchants/glyphs as seen from rankings	core/src/main/java/com/shatteredpixel/shatteredpixeldungeon/items/armor/Armor.java;core/src/main/java/com/shatteredpixel/shatteredpixeldungeon/items/weapon/Weapon.java	general
992080252f4f7d3523a0ef62170e580c5cc35b64	v2.4.2..v2.5.4	v2.5.0: fixed crash errors in new pitfall trap logic	core/src/main/java/com/shatteredpixel/shatteredpixeldungeon/levels/traps/PitfallTrap.java	general
1e344ec17fa679b2ce0e3e5d7e815111145dae63	v2.4.2..v2.5.4	v2.5.0: fixed unknown rings revealing their stats in upgrade window	core/src/main/assets/messages/windows/windows.properties;core/src/main/java/com/shatteredpixel/shatteredpixeldungeon/windows/WndUpgrade.java	slice2-candidate
cc45774138df3b13665e624927c7016f21323e39	v2.4.2..v2.5.4	v2.5.0: fixed typos in new duelist talent stuff	core/src/main/assets/messages/actors/actors.properties	localization
400eebcac14fb4a3a2eae4f3cac8909ea8dc8a2d	v2.4.2..v2.5.4	v2.5.0: fixed crashes when descending to floor 26	core/src/main/java/com/shatteredpixel/shatteredpixeldungeon/scenes/InterlevelScene.java	general
7a2b4639ee514a5d8ada157f942a851446ebf117	v2.4.2..v2.5.4	v2.5.0: fixed vial of blood having no assigned sprite and not spawning	core/src/main/java/com/shatteredpixel/shatteredpixeldungeon/items/Generator.java;core/src/main/java/com/shatteredpixel/shatteredpixeldungeon/items/trinkets/VialOfBlood.java;core/src/main/java/com/shatteredpixel/shatteredpixeldungeon/sprites/ItemSpriteSheet.java	slice2-candidate
0d5a8dd57c9f8c19a52c12a07f6b8ec81131f0a6	v2.4.2..v2.5.4	v2.5.0: fixed unintentional debug code giving gravity chaos a 100% rate	core/src/main/java/com/shatteredpixel/shatteredpixeldungeon/items/wands/CursedWand.java	slice2-candidate
602fa2706d0e5ea2ebdade9159b0d1e7f7b18f31	v2.4.2..v2.5.4	v2.5.0: fixed texture errors for traps/plants in journal scene	core/src/main/java/com/shatteredpixel/shatteredpixeldungeon/scenes/JournalScene.java	slice2-candidate
a6c9f9276ab66604a671929e73de3bb4218f4502	v2.4.2..v2.5.4	v2.5.0: updated version, changelog, and welcome scene for alpha-1	build.gradle;core/src/main/java/com/shatteredpixel/shatteredpixeldungeon/scenes/WelcomeScene.java;core/src/main/java/com/shatteredpixel/shatteredpixeldungeon/ui/changelist/v2_X_Changes.java	docs
1f1d9fed78443af3c09134e2aba94a3d9b25b084	v2.4.2..v2.5.4	v2.5.0: added a 'hide story text' button to interlevelscene	core/src/main/assets/interfaces/icons.png;core/src/main/java/com/shatteredpixel/shatteredpixeldungeon/scenes/HeroSelectScene.java;core/src/main/java/com/shatteredpixel/shatteredpixeldungeon/scenes/InterlevelScene.java;core/src/main/java/com/shatteredpixel/shatteredpixeldungeon/ui/Icons.java	assets
961dc231627f180ad3a5f3a0ccef77971396d5f0	v2.4.2..v2.5.4	v2.5.0: updated Alek's credits listing to be more accurate	core/src/main/java/com/shatteredpixel/shatteredpixeldungeon/scenes/AboutScene.java	general
aedd3d04bb600b790b1c27ecec61458f64e73bd4	v2.4.2..v2.5.4	v2.5.0: game opts are now always visible and explain that you need a win	core/src/main/assets/messages/scenes/scenes.properties;core/src/main/java/com/shatteredpixel/shatteredpixeldungeon/scenes/HeroSelectScene.java	general
e86707bedb93501cf3fa908ac42309c92ff39647	v2.4.2..v2.5.4	v2.5.0: merged the v2.4 patch changes	core/src/main/java/com/shatteredpixel/shatteredpixeldungeon/ui/changelist/v2_X_Changes.java	general
53fab368e6fa2b057c8473b4d6bf601074da09ab	v2.4.2..v2.5.4	v2.5.0: clarified wording for attacks which increment duelist combo	core/src/main/assets/messages/items/items.properties	localization
74eb6373967698161c6eca988911e6eb4bc3a250	v2.4.2..v2.5.4	v2.5.0: various enemy AI behaviour tweaks:	core/src/main/java/com/shatteredpixel/shatteredpixeldungeon/actors/mobs/Mob.java	general
6d2aa45a245560a8ac3470a85c114f6f0fb2aa39	v2.4.2..v2.5.4	v2.5.0: added on-kill messages to dart traps	core/src/main/assets/messages/levels/levels.properties;core/src/main/java/com/shatteredpixel/shatteredpixeldungeon/levels/traps/PoisonDartTrap.java;core/src/main/java/com/shatteredpixel/shatteredpixeldungeon/levels/traps/WornDartTrap.java	general
93801f087261da5fb575c5a1486c5b4cf5641b88	v2.4.2..v2.5.4	v2.5.0: removed leftover terror immunity from brute raging buff	core/src/main/java/com/shatteredpixel/shatteredpixeldungeon/actors/mobs/Brute.java	general
d1c2d87d55c47fdb9f16c447d94e9cf7fba4025a	v2.4.2..v2.5.4	v2.5.0: fixed some visual errors in new catalogs	core/src/main/java/com/shatteredpixel/shatteredpixeldungeon/items/potions/Potion.java;core/src/main/java/com/shatteredpixel/shatteredpixeldungeon/items/rings/Ring.java;core/src/main/java/com/shatteredpixel/shatteredpixeldungeon/items/scrolls/Scroll.java;core/src/main/java/com/shatteredpixel/shatteredpixeldungeon/scenes/JournalScene.java;core/src/main/java/com/shatteredpixel/shatteredpixeldungeon/windows/WndJournal.java	slice2-candidate
d24be97d11136ef4cb6bed12c4a947d5cb92838a	v2.4.2..v2.5.4	v2.5.0: fixed errors with DM-300 and vertigo	core/src/main/java/com/shatteredpixel/shatteredpixeldungeon/actors/mobs/DM300.java	general
c450b2c1aee15b6c645cf4fe6b2cfa4bb03e96df	v2.4.2..v2.5.4	v2.5.0: improved visuals in the inter level scene	core/src/main/java/com/shatteredpixel/shatteredpixeldungeon/scenes/InterlevelScene.java;core/src/main/java/com/shatteredpixel/shatteredpixeldungeon/ui/StyledButton.java	general
47fd533ca2ed99b219c8ffe6b37b241c6bd7aaff	v2.4.2..v2.5.4	v2.5.0: energizing scrolls and potions now IDs them!	core/src/main/assets/messages/items/items.properties;core/src/main/assets/messages/journal/journal.properties;core/src/main/java/com/shatteredpixel/shatteredpixeldungeon/items/scrolls/Scroll.java;core/src/main/java/com/shatteredpixel/shatteredpixeldungeon/items/spells/Alchemize.java;core/src/main/java/com/shatteredpixel/shatteredpixeldungeon/scenes/AlchemyScene.java;core/src/main/java/com/shatteredpixel/shatteredpixeldungeon/windows/IconTitle.java;core/src/main/java/com/shatteredpixel/shatteredpixeldungeon/windows/WndEnergizeItem.java	slice2-candidate
c1bc73ab399381f310385eef9a51655752fe71a5	v2.4.2..v2.5.4	v2.5.0: added a final new very rare cursed wand effect: gravity chaos!	core/src/main/assets/messages/items/items.properties;core/src/main/java/com/shatteredpixel/shatteredpixeldungeon/actors/buffs/GravityChaosTracker.java;core/src/main/java/com/shatteredpixel/shatteredpixeldungeon/actors/mobs/Warlock.java;core/src/main/java/com/shatteredpixel/shatteredpixeldungeon/items/wands/CursedWand.java	slice2-candidate
aa13606d6d1f44bdb463684d08184a1dceba2b1b	v2.4.2..v2.5.4	v2.5.0: added a new very rare cursed wand effect: sinkhole	core/src/main/assets/messages/items/items.properties;core/src/main/java/com/shatteredpixel/shatteredpixeldungeon/items/wands/CursedWand.java	slice2-candidate
82f6bbbc6a9a7252789ac8e93d70a0b2c1a78c1a	v2.4.2..v2.5.4	v2.5.0: code improvements to pitfall trap effects	core/src/main/java/com/shatteredpixel/shatteredpixeldungeon/levels/traps/PitfallTrap.java	general
4c7a5c4aa6a216e4fcf52477fb7a04fee8de799e	v2.4.2..v2.5.4	v2.5.0: filled out final common/uncommon cursed wand effects	core/src/main/assets/messages/actors/actors.properties;core/src/main/assets/messages/items/items.properties;core/src/main/java/com/shatteredpixel/shatteredpixeldungeon/items/wands/CursedWand.java	slice2-candidate
41422a9147775aea59846ab6be7e81583bf0efe8	v2.4.2..v2.5.4	v2.5.0: added better multi-monitor fullscreen support	core/src/main/java/com/shatteredpixel/shatteredpixeldungeon/SPDSettings.java;desktop/src/main/java/com/shatteredpixel/shatteredpixeldungeon/desktop/DesktopPlatformSupport.java	platform
ac31ef1faad58a264f19dff6adc21182c3d1a0a6	v2.4.2..v2.5.4	v2.5.0: undid fullscreen changes, borderless doesn't work in many cases	desktop/src/main/java/com/shatteredpixel/shatteredpixeldungeon/desktop/DesktopLauncher.java;desktop/src/main/java/com/shatteredpixel/shatteredpixeldungeon/desktop/DesktopPlatformSupport.java	platform
daa267466e9e8963916f599a9b866097c56d9171	v2.4.2..v2.5.4	v2.5.0: changed desktop fullscreen to actually use borderless window	desktop/src/main/java/com/shatteredpixel/shatteredpixeldungeon/desktop/DesktopLauncher.java;desktop/src/main/java/com/shatteredpixel/shatteredpixeldungeon/desktop/DesktopPlatformSupport.java	platform
42c24a948f44863de0b8e5c9f42dfb310773d708	v2.4.2..v2.5.4	v2.5.0: journal badges tab no longer defaults to local always	core/src/main/java/com/shatteredpixel/shatteredpixeldungeon/scenes/PixelScene.java;core/src/main/java/com/shatteredpixel/shatteredpixeldungeon/windows/WndJournal.java	slice2-candidate
bb90b16406dbf897f54511140a5228079d90af2e	v2.4.2..v2.5.4	v2.5.0: storm clouds now no longer presses cells when thrown	core/src/main/java/com/shatteredpixel/shatteredpixeldungeon/items/potions/Potion.java	general
9e6aeafee5e196ac39bed38d6246487cd880f942	v2.4.2..v2.5.4	v2.5.0: fixed typos in liquid agility's description	core/src/main/assets/messages/actors/actors.properties	localization
1b90092ad8ee0b43c8aa036ed848753cd632d215	v2.4.2..v2.5.4	v2.5.0: added 3 common and 2 uncommon cursed wand effects	core/src/main/java/com/shatteredpixel/shatteredpixeldungeon/effects/MagicMissile.java;core/src/main/java/com/shatteredpixel/shatteredpixeldungeon/items/wands/CursedWand.java;core/src/main/java/com/shatteredpixel/shatteredpixeldungeon/levels/traps/FlockTrap.java	slice2-candidate
92905ae81c0eb272c9a62d5f6914bda253fc571d	v2.4.2..v2.5.4	v2.5.0: moved story text to the inter level scene	core/src/main/java/com/shatteredpixel/shatteredpixeldungeon/scenes/GameScene.java;core/src/main/java/com/shatteredpixel/shatteredpixeldungeon/scenes/InterlevelScene.java	general
b6055357b7822ff3bc2e5466422605177b62b882	v2.4.2..v2.5.4	v2.5.0: adjusted the fading and darken vfx in interlevelscene	core/src/main/java/com/shatteredpixel/shatteredpixeldungeon/scenes/InterlevelScene.java	general
503d1b7c19b49f9746967ef2822fcd6a46fdb87d	v2.4.2..v2.5.4	v2.5.0: updated versions and update message for internal alpha	build.gradle;core/src/main/java/com/shatteredpixel/shatteredpixeldungeon/scenes/WelcomeScene.java	build
ee26c346bd2bf214d0d2ef1f9765dd3f0b5de23e	v2.4.2..v2.5.4	v2.5.0: added a little dot progressing vfx to interlevelscene	core/src/main/assets/messages/scenes/scenes.properties;core/src/main/java/com/shatteredpixel/shatteredpixeldungeon/scenes/InterlevelScene.java	general
213f7a2f6a05e67eb80196e37468d5fc47bdbb7f	v2.4.2..v2.5.4	v2.5.0: various inventory management changes: - waterskin now fits in the potion bandolier - styli now fit in the scroll holder - dark floors no longer contain torches, +1 vision range - increased the rate that most enemy equip drops fade (also boosted base rate for DM-200 and Golems) - bombs no longer damage equipment - stones of intuition now always get 2 uses	core/src/main/assets/messages/items/items.properties;core/src/main/java/com/shatteredpixel/shatteredpixeldungeon/actors/mobs/DM200.java;core/src/main/java/com/shatteredpixel/shatteredpixeldungeon/actors/mobs/Golem.java;core/src/main/java/com/shatteredpixel/shatteredpixeldungeon/actors/mobs/Guard.java;core/src/main/java/com/shatteredpixel/shatteredpixeldungeon/actors/mobs/Skeleton.java;core/src/main/java/com/shatteredpixel/shatteredpixeldungeon/actors/mobs/Slime.java;core/src/main/java/com/shatteredpixel/shatteredpixeldungeon/items/bags/PotionBandolier.java;core/src/main/java/com/shatteredpixel/shatteredpixeldungeon/items/bags/ScrollHolder.java;core/src/main/java/com/shatteredpixel/shatteredpixeldungeon/items/Generator.java;core/src/main/java/com/shatteredpixel/shatteredpixeldungeon/items/Heap.java;core/src/main/java/com/shatteredpixel/shatteredpixeldungeon/items/stones/StoneOfIntuition.java;core/src/main/java/com/shatteredpixel/shatteredpixeldungeon/levels/Level.java	hotspot
ae46f7bd24c5f115ac427c7db5598069e5280f50	v2.4.2..v2.5.4	v2.5.0: made cursed wand inter-floor teleport less intense	core/src/main/java/com/shatteredpixel/shatteredpixeldungeon/items/wands/CursedWand.java	slice2-candidate
fe66e03e74ddc86c62a2ba58c43466fc3996d8ff	v2.4.2..v2.5.4	v2.5.0: added four new rare cursed wand effects	core/src/main/assets/messages/actors/actors.properties;core/src/main/assets/messages/items/items.properties;core/src/main/java/com/shatteredpixel/shatteredpixeldungeon/actors/buffs/AnkhInvulnerability.java;core/src/main/java/com/shatteredpixel/shatteredpixeldungeon/actors/buffs/Burning.java;core/src/main/java/com/shatteredpixel/shatteredpixeldungeon/actors/buffs/Invulnerability.java;core/src/main/java/com/shatteredpixel/shatteredpixeldungeon/actors/buffs/SuperNovaTracker.java;core/src/main/java/com/shatteredpixel/shatteredpixeldungeon/actors/buffs/TimeStasis.java;core/src/main/java/com/shatteredpixel/shatteredpixeldungeon/actors/Char.java;core/src/main/java/com/shatteredpixel/shatteredpixeldungeon/actors/hero/Hero.java;core/src/main/java/com/shatteredpixel/shatteredpixeldungeon/items/wands/CursedWand.java;core/src/main/java/com/shatteredpixel/shatteredpixeldungeon/items/wands/WandOfBlastWave.java;core/src/main/java/com/shatteredpixel/shatteredpixeldungeon/ShatteredPixelDungeon.java	slice2-candidate
360df46f8e14204a982b49ca1100cdf42cb5614a	v2.4.2..v2.5.4	v2.5.0: added a new very rare cursed wand effect: supernova!	core/src/main/assets/messages/items/items.properties;core/src/main/java/com/shatteredpixel/shatteredpixeldungeon/actors/buffs/SuperNovaTracker.java;core/src/main/java/com/shatteredpixel/shatteredpixeldungeon/items/wands/CursedWand.java	slice2-candidate
6faf1b2926ab807f54018f9044756f6d7b45733a	v2.4.2..v2.5.4	v2.5.0: adjusted existing cursed wand effects:	core/src/main/java/com/shatteredpixel/shatteredpixeldungeon/items/wands/CursedWand.java	slice2-candidate
38874247563f355cfb768e8f2bb4d7b1ec3ac1cb	v2.4.2..v2.5.4	v2.5.0: added a new very rare cursed wand effect: shapeshift!	core/src/main/assets/interfaces/buffs.png;core/src/main/assets/interfaces/large_buffs.png;core/src/main/assets/messages/actors/actors.properties;core/src/main/assets/messages/items/items.properties;core/src/main/java/com/shatteredpixel/shatteredpixeldungeon/actors/buffs/HeroDisguise.java;core/src/main/java/com/shatteredpixel/shatteredpixeldungeon/items/wands/CursedWand.java;core/src/main/java/com/shatteredpixel/shatteredpixeldungeon/scenes/GameScene.java;core/src/main/java/com/shatteredpixel/shatteredpixeldungeon/sprites/HeroSprite.java;core/src/main/java/com/shatteredpixel/shatteredpixeldungeon/ui/BuffIndicator.java;core/src/main/java/com/shatteredpixel/shatteredpixeldungeon/ui/StatusPane.java;core/src/main/java/com/shatteredpixel/shatteredpixeldungeon/windows/WndHero.java	slice2-candidate
70df007bcf55364711b9682f0e975e5bcfabd0cd	v2.4.2..v2.5.4	v2.5.0: complete refactor of cursed wand effect logic	core/src/main/java/com/shatteredpixel/shatteredpixeldungeon/actors/mobs/Elemental.java;core/src/main/java/com/shatteredpixel/shatteredpixeldungeon/items/scrolls/ScrollOfMirrorImage.java;core/src/main/java/com/shatteredpixel/shatteredpixeldungeon/items/wands/CursedWand.java;core/src/main/java/com/shatteredpixel/shatteredpixeldungeon/sprites/ElementalSprite.java	slice2-candidate
70053d933ebb1968274bf2456957cc9f72dfc6b1	v2.4.2..v2.5.4	v2.5.0: visual adjustments to hourglass stasis effect	core/src/main/java/com/shatteredpixel/shatteredpixeldungeon/items/artifacts/TimekeepersHourglass.java;core/src/main/java/com/shatteredpixel/shatteredpixeldungeon/levels/Level.java	hotspot
7918c027649757aa89c0f029180ba3fcd497e4ef	v2.4.2..v2.5.4	v2.5.0: fixed position swapping working when ally is paralyzed	core/src/main/java/com/shatteredpixel/shatteredpixeldungeon/actors/Char.java	hotspot
0b049579addd8005178ee6000453528132eb33a0	v2.4.2..v2.5.4	v2.5.0: fixed a missing paren causing crashes with mirror images	core/src/main/java/com/shatteredpixel/shatteredpixeldungeon/items/weapon/melee/MeleeWeapon.java	general
4ed89d58841de495edec35ab9d4bf9e5401255c8	v2.4.2..v2.5.4	v2.5.0: improved new region splashes for portrait mobile	core/src/main/assets/interfaces/loading_caves.png;core/src/main/assets/interfaces/loading_city.png;core/src/main/assets/interfaces/loading_halls.png;core/src/main/assets/interfaces/loading_prison.png;core/src/main/assets/interfaces/loading_sewers.png;core/src/main/java/com/shatteredpixel/shatteredpixeldungeon/Assets.java;core/src/main/java/com/shatteredpixel/shatteredpixeldungeon/Dungeon.java;core/src/main/java/com/shatteredpixel/shatteredpixeldungeon/scenes/HeroSelectScene.java;core/src/main/java/com/shatteredpixel/shatteredpixeldungeon/scenes/InterlevelScene.java	assets
5373b1388ddace7f799638525e5189fe658100ee	v2.4.2..v2.5.4	v2.5.0: added checks for load into invalid cells in caves & city boss	core/src/main/java/com/shatteredpixel/shatteredpixeldungeon/Dungeon.java;core/src/main/java/com/shatteredpixel/shatteredpixeldungeon/levels/CavesBossLevel.java;core/src/main/java/com/shatteredpixel/shatteredpixeldungeon/levels/CityBossLevel.java;core/src/main/java/com/shatteredpixel/shatteredpixeldungeon/levels/Level.java;core/src/main/java/com/shatteredpixel/shatteredpixeldungeon/levels/MiningLevel.java	hotspot
c8b4b87e0c7058936cc3232249e99c6f28eb015c	v2.4.2..v2.5.4	v2.5.0: fixed deferred damage being postponed on save/load	core/src/main/java/com/shatteredpixel/shatteredpixeldungeon/items/armor/glyphs/Viscosity.java	general
1ac5ac4fae72be116a12c7be051f91824a043352	v2.4.2..v2.5.4	v2.5.0: fixed parchment scrap still affecting RNG in some cases	core/src/main/java/com/shatteredpixel/shatteredpixeldungeon/items/armor/Armor.java;core/src/main/java/com/shatteredpixel/shatteredpixeldungeon/items/weapon/Weapon.java	general
543bc3f587038ae4de4a9612f59a9a1d912be727	v2.4.2..v2.5.4	v2.5.0: single wraiths can now spawn adjacent to their target cell	core/src/main/java/com/shatteredpixel/shatteredpixeldungeon/actors/mobs/Wraith.java	general
00b4300f0f46fd0e511024c5405bfc7478ddbe16	v2.4.2..v2.5.4	v2.5.0: made a few adjustments to improve imp visibility and quest text	core/src/main/assets/messages/actors/actors.properties;core/src/main/java/com/shatteredpixel/shatteredpixeldungeon/actors/mobs/npcs/Imp.java;core/src/main/java/com/shatteredpixel/shatteredpixeldungeon/sprites/ImpSprite.java	general
afe3f71cb5bad0c1493eaa3f316ca3b222d208d3	v2.4.2..v2.5.4	v2.5.0: early first impl of region splash arts!	core/src/main/assets/messages/scenes/scenes.properties;core/src/main/assets/splashes/caves.jpg;core/src/main/assets/splashes/city.jpg;core/src/main/assets/splashes/halls.jpg;core/src/main/assets/splashes/prison.jpg;core/src/main/assets/splashes/sewers.jpg;core/src/main/java/com/shatteredpixel/shatteredpixeldungeon/Assets.java;core/src/main/java/com/shatteredpixel/shatteredpixeldungeon/scenes/InterlevelScene.java	assets
19b812d104e114e4bb93857a8109d1283796a4d2	v2.4.2..v2.5.4	v2.5.0: adjusted on-hit talents to trigger before weapon proc fx	core/src/main/java/com/shatteredpixel/shatteredpixeldungeon/actors/hero/Hero.java	hotspot
8de664e3d506dadb1453d8e719958f5180a91223	v2.4.2..v2.5.4	v2.5.0: armor now always takes 1 turn to equip	core/src/main/java/com/shatteredpixel/shatteredpixeldungeon/items/armor/Armor.java	general
3b79b0c218f196700014d5974e4321512e45ed87	v2.4.2..v2.5.4	v2.5.0: adjusted loading order for old games in progress data	core/src/main/java/com/shatteredpixel/shatteredpixeldungeon/Dungeon.java;core/src/main/java/com/shatteredpixel/shatteredpixeldungeon/GamesInProgress.java	hotspot
2a14110f9bbe58c8602f3e54e6552d84e5ed5b72	v2.4.2..v2.5.4	v2.5.0: fixed an errant pixel on the icon for shrug it off talent	core/src/main/assets/interfaces/talent_icons.png	assets
3e749325d02cb14a34780dd349b9ef19ee7c16c1	v2.4.2..v2.5.4	v2.5.0: added a cancel confirmation window to scrolls of enchantment	core/src/main/assets/messages/items/items.properties;core/src/main/java/com/shatteredpixel/shatteredpixeldungeon/items/scrolls/exotic/ScrollOfEnchantment.java	general
fa66229e96f605dac20fa0f555718ba79534e069	v2.4.2..v2.5.4	v2.5.0: fixed rapier lunge misses counting as ability uses	core/src/main/java/com/shatteredpixel/shatteredpixeldungeon/items/weapon/melee/Rapier.java	general
5ed4162d59a96e00fe18c09d25dc78bd0787e169	v2.4.2..v2.5.4	v2.5.0: burn & ooze now end when entring water, but do min 1 turn of dmg	core/src/main/java/com/shatteredpixel/shatteredpixeldungeon/actors/buffs/Burning.java;core/src/main/java/com/shatteredpixel/shatteredpixeldungeon/actors/buffs/Ooze.java;core/src/main/java/com/shatteredpixel/shatteredpixeldungeon/levels/Level.java	hotspot
91cb5c36cc80630d863ee06b1df82a55a70a1a3c	v2.4.2..v2.5.4	v2.5.0: adjusted trinket creation to cost 6 energy even after force-quit	core/src/main/java/com/shatteredpixel/shatteredpixeldungeon/items/trinkets/TrinketCatalyst.java	slice2-candidate
57f9f472624e4cce8b4ec961a3c525949229fad2	v2.4.2..v2.5.4	v2.5.0: fixed a typo in quarterstaff ability desc	core/src/main/assets/messages/items/items.properties	localization
71a2ef256cad9d493d53de926fa6fc2133b5dcc7	v2.4.2..v2.5.4	v2.5.0: buffed the expose weakness talent	core/src/main/assets/messages/actors/actors.properties;core/src/main/java/com/shatteredpixel/shatteredpixeldungeon/actors/hero/abilities/duelist/Feint.java	general
d802934b24edc2747ade92003b654569bd84edc0	v2.4.2..v2.5.4	v2.5.0: updated gradle, AGP, and R8	build.gradle;gradle/wrapper/gradle-wrapper.properties	build
c63539188c23b1d6a8b4e9a437cf567704d97d34	v2.4.2..v2.5.4	v2.5.0: adjusted feather fall, now only has 1 output quantity but falling no longer cancels effect	core/src/main/assets/messages/items/items.properties;core/src/main/java/com/shatteredpixel/shatteredpixeldungeon/items/potions/elixirs/ElixirOfFeatherFall.java;core/src/main/java/com/shatteredpixel/shatteredpixeldungeon/levels/features/Chasm.java;core/src/main/java/com/shatteredpixel/shatteredpixeldungeon/ui/QuickRecipe.java	general
7aa596a7c888d22f704dabcb57d9dfbe1eb25c28	v2.4.2..v2.5.4	v2.5.0: buffed unstable brew/spell, always rolls a useful effect now	core/src/main/assets/messages/items/items.properties;core/src/main/java/com/shatteredpixel/shatteredpixeldungeon/items/potions/brews/UnstableBrew.java;core/src/main/java/com/shatteredpixel/shatteredpixeldungeon/items/spells/UnstableSpell.java	general
1466dea4b358f468036414cfc88a1e3dfd1c6f19	v2.4.2..v2.5.4	v2.5.0: adjusted combined lethality, triggering hit can now be regular	core/src/main/assets/messages/actors/actors.properties;core/src/main/java/com/shatteredpixel/shatteredpixeldungeon/actors/Char.java;core/src/main/java/com/shatteredpixel/shatteredpixeldungeon/actors/hero/Talent.java;core/src/main/java/com/shatteredpixel/shatteredpixeldungeon/items/weapon/melee/MeleeWeapon.java	hotspot
bf56446d043e01315b1c97fb59b126eee826a822	v2.4.2..v2.5.4	v2.5.0: various monk adjustments.	core/src/main/assets/messages/actors/actors.properties;core/src/main/java/com/shatteredpixel/shatteredpixeldungeon/actors/buffs/MonkEnergy.java;core/src/main/java/com/shatteredpixel/shatteredpixeldungeon/actors/Char.java;core/src/main/java/com/shatteredpixel/shatteredpixeldungeon/actors/hero/Hero.java;core/src/main/java/com/shatteredpixel/shatteredpixeldungeon/actors/hero/Talent.java;core/src/main/java/com/shatteredpixel/shatteredpixeldungeon/items/weapon/melee/MeleeWeapon.java;core/src/main/java/com/shatteredpixel/shatteredpixeldungeon/windows/WndMonkAbilities.java	hotspot
6217f64f131081ff9ccf6ec0a466a0318cb73696	v2.4.2..v2.5.4	v2.5.0: fixed ghost questgiver rarely spawning into walls	core/src/main/java/com/shatteredpixel/shatteredpixeldungeon/actors/mobs/npcs/Ghost.java	general
b15a2a86368329e3fd7f9d76f728c3813edb7c80	v2.4.2..v2.5.4	v2.5.0: tweaked the description of the blindness debuff.	core/src/main/assets/messages/actors/actors.properties	localization
5f0ab29a4e730f01b31efa6f54b037b55cce1b12	v2.4.2..v2.5.4	v2.5.0: cleared some error correction code from the v2.4 alpha	core/src/main/java/com/shatteredpixel/shatteredpixeldungeon/levels/RegularLevel.java	hotspot
3f63a6b401c89b76f35d531741bba1807454e2ca	v2.4.2..v2.5.4	v2.5.0: overhauled the crossbow's weapon ability	core/src/main/assets/messages/items/items.properties;core/src/main/java/com/shatteredpixel/shatteredpixeldungeon/items/weapon/melee/Crossbow.java;core/src/main/java/com/shatteredpixel/shatteredpixeldungeon/items/weapon/melee/MeleeWeapon.java;core/src/main/java/com/shatteredpixel/shatteredpixeldungeon/items/weapon/missiles/darts/Dart.java	general
1064fbe8f51f07bad9a0eb856109203ae88a1d34	v2.4.2..v2.5.4	v2.5.0: T3 class talent buffs:	core/src/main/assets/messages/actors/actors.properties;core/src/main/java/com/shatteredpixel/shatteredpixeldungeon/actors/buffs/HoldFast.java;core/src/main/java/com/shatteredpixel/shatteredpixeldungeon/actors/hero/Talent.java;core/src/main/java/com/shatteredpixel/shatteredpixeldungeon/items/weapon/melee/MeleeWeapon.java	general
b7051a21947012cc58c3ff6a8ca0062abfc943db	v2.4.2..v2.5.4	v2.5.0: T2 talent buffs:	core/src/main/assets/messages/actors/actors.properties;core/src/main/assets/messages/items/items.properties;core/src/main/java/com/shatteredpixel/shatteredpixeldungeon/actors/buffs/GreaterHaste.java;core/src/main/java/com/shatteredpixel/shatteredpixeldungeon/actors/hero/Hero.java;core/src/main/java/com/shatteredpixel/shatteredpixeldungeon/actors/hero/Talent.java;core/src/main/java/com/shatteredpixel/shatteredpixeldungeon/actors/mobs/Mob.java;core/src/main/java/com/shatteredpixel/shatteredpixeldungeon/items/weapon/melee/MagesStaff.java;core/src/main/java/com/shatteredpixel/shatteredpixeldungeon/items/weapon/melee/MeleeWeapon.java;core/src/main/java/com/shatteredpixel/shatteredpixeldungeon/scenes/GameScene.java	hotspot
ab7bcf027a06b558281e557a5025217d72f37d07	v2.4.2..v2.5.4	v2.5.0: added a new trinket: vial of blood	core/src/main/assets/messages/items/items.properties;core/src/main/assets/sprites/items.png;core/src/main/java/com/shatteredpixel/shatteredpixeldungeon/actors/blobs/WaterOfHealth.java;core/src/main/java/com/shatteredpixel/shatteredpixeldungeon/actors/buffs/Healing.java;core/src/main/java/com/shatteredpixel/shatteredpixeldungeon/items/Dewdrop.java;core/src/main/java/com/shatteredpixel/shatteredpixeldungeon/items/potions/PotionOfHealing.java;core/src/main/java/com/shatteredpixel/shatteredpixeldungeon/items/trinkets/VialOfBlood.java	slice2-candidate
c84e4852ee7f3de03ff9abbd5f17b50160257aaa	v2.4.2..v2.5.4	v2.5.0: added a new trinket: salt cube	core/src/main/assets/messages/items/items.properties;core/src/main/assets/sprites/items.png;core/src/main/java/com/shatteredpixel/shatteredpixeldungeon/actors/buffs/Hunger.java;core/src/main/java/com/shatteredpixel/shatteredpixeldungeon/actors/buffs/Regeneration.java;core/src/main/java/com/shatteredpixel/shatteredpixeldungeon/actors/buffs/WellFed.java;core/src/main/java/com/shatteredpixel/shatteredpixeldungeon/items/Generator.java;core/src/main/java/com/shatteredpixel/shatteredpixeldungeon/items/trinkets/SaltCube.java;core/src/main/java/com/shatteredpixel/shatteredpixeldungeon/sprites/ItemSpriteSheet.java	slice2-candidate
38774831911d240101855fce67c0b95f40514b33	v2.4.2..v2.5.4	v2.5.0: removed tracking extensions from URLs in game	core/src/main/java/com/shatteredpixel/shatteredpixeldungeon/scenes/AboutScene.java;core/src/main/java/com/shatteredpixel/shatteredpixeldungeon/scenes/NewsScene.java	general
9ebf0357ef382b58b5fd56543f28eff75a318f02	v2.4.2..v2.5.4	v2.5.0: adjusted some special rooms to no longer throw out cursed items	core/src/main/java/com/shatteredpixel/shatteredpixeldungeon/levels/rooms/secret/SecretMazeRoom.java;core/src/main/java/com/shatteredpixel/shatteredpixeldungeon/levels/rooms/special/PoolRoom.java;core/src/main/java/com/shatteredpixel/shatteredpixeldungeon/levels/rooms/special/SentryRoom.java;core/src/main/java/com/shatteredpixel/shatteredpixeldungeon/levels/rooms/special/TrapsRoom.java	general
ea3d9db28508a3c73f737de0f44d13d8984f7082	v2.4.2..v2.5.4	v2.5.0: Various dmg numbers buffs to duelist abilities, and 1 nerf:	core/src/main/java/com/shatteredpixel/shatteredpixeldungeon/items/weapon/melee/Glaive.java;core/src/main/java/com/shatteredpixel/shatteredpixeldungeon/items/weapon/melee/Greataxe.java;core/src/main/java/com/shatteredpixel/shatteredpixeldungeon/items/weapon/melee/Greatsword.java;core/src/main/java/com/shatteredpixel/shatteredpixeldungeon/items/weapon/melee/Katana.java;core/src/main/java/com/shatteredpixel/shatteredpixeldungeon/items/weapon/melee/Longsword.java;core/src/main/java/com/shatteredpixel/shatteredpixeldungeon/items/weapon/melee/Rapier.java;core/src/main/java/com/shatteredpixel/shatteredpixeldungeon/items/weapon/melee/Shortsword.java;core/src/main/java/com/shatteredpixel/shatteredpixeldungeon/items/weapon/melee/Spear.java;core/src/main/java/com/shatteredpixel/shatteredpixeldungeon/items/weapon/melee/Sword.java;core/src/main/java/com/shatteredpixel/shatteredpixeldungeon/items/weapon/melee/Whip.java	general
71fac8fa25400442e85788239ef637670429c998	v2.4.2..v2.5.4	v2.5.0: fixed WndUpgrade using incorrect values for armor blocking	core/src/main/java/com/shatteredpixel/shatteredpixeldungeon/windows/WndUpgrade.java	slice2-candidate
90d14838ae5a40d61e6a1242d8b43ca1d43ec439	v2.4.2..v2.5.4	v2.5.0: Ring balance changes:	core/src/main/java/com/shatteredpixel/shatteredpixeldungeon/items/rings/RingOfEnergy.java;core/src/main/java/com/shatteredpixel/shatteredpixeldungeon/items/rings/RingOfForce.java;core/src/main/java/com/shatteredpixel/shatteredpixeldungeon/items/rings/RingOfHaste.java	general
525571f044a109f0cda52e146da291b6e2083a0f	v2.4.2..v2.5.4	v2.5.0: fixed cases where Yog wouldn't immediately move to final phase	core/src/main/java/com/shatteredpixel/shatteredpixeldungeon/actors/mobs/YogDzewa.java;core/src/main/java/com/shatteredpixel/shatteredpixeldungeon/actors/mobs/YogFist.java	general
ea226259e9400cc714d6314bdce23a59f06be163	v2.4.2..v2.5.4	v2.5.0: reverted a v2.4 change I think was affecting Android start times	SPD-classes/src/main/java/com/watabou/utils/FileUtils.java	general
7e5774906e9da950384eebee4994462802290e74	v2.4.2..v2.5.4	v2.5.0: mimic tooth now causes mimics to drop more loot	core/src/main/assets/messages/items/items.properties;core/src/main/java/com/shatteredpixel/shatteredpixeldungeon/actors/mobs/EbonyMimic.java;core/src/main/java/com/shatteredpixel/shatteredpixeldungeon/actors/mobs/Mimic.java	general
ed6d26e0a7972247416d7257b77738c0b912f97a	v2.4.2..v2.5.4	v2.5.0: mimics are now sneaky if hero had mimic tooth when they spawned	core/src/main/java/com/shatteredpixel/shatteredpixeldungeon/actors/mobs/EbonyMimic.java;core/src/main/java/com/shatteredpixel/shatteredpixeldungeon/actors/mobs/Mimic.java;core/src/main/java/com/shatteredpixel/shatteredpixeldungeon/Dungeon.java;core/src/main/java/com/shatteredpixel/shatteredpixeldungeon/levels/Level.java;core/src/main/java/com/shatteredpixel/shatteredpixeldungeon/scenes/GameScene.java;core/src/main/java/com/shatteredpixel/shatteredpixeldungeon/sprites/MimicSprite.java	hotspot
b2cc9f38039e0e317b2153220f8b8c6ea452106d	v2.4.2..v2.5.4	v2.5.0: bonus cursed zaps from wondrous resin are now always positive	core/src/main/assets/messages/items/items.properties;core/src/main/java/com/shatteredpixel/shatteredpixeldungeon/actors/hero/abilities/mage/WildMagic.java;core/src/main/java/com/shatteredpixel/shatteredpixeldungeon/items/trinkets/WondrousResin.java;core/src/main/java/com/shatteredpixel/shatteredpixeldungeon/items/wands/Wand.java	slice2-candidate
e4d08e9ca0f0b1fbed75b0d44db1ac0317ca1bea	v2.4.2..v2.5.4	v2.5.0: changed time for day/night, gave sundial a daytime effect	core/src/main/assets/messages/items/items.properties;core/src/main/java/com/shatteredpixel/shatteredpixeldungeon/items/trinkets/DimensionalSundial.java;core/src/main/java/com/shatteredpixel/shatteredpixeldungeon/scenes/SurfaceScene.java	slice2-candidate
0577817234f5902c9afed4284af33254479ec8b0	v2.4.2..v2.5.4	v2.5.0: adjusted 13 leaf clover, now only affects hero damage rolls	core/src/main/assets/messages/items/items.properties;core/src/main/java/com/shatteredpixel/shatteredpixeldungeon/actors/buffs/Burning.java;core/src/main/java/com/shatteredpixel/shatteredpixeldungeon/actors/buffs/HoldFast.java;core/src/main/java/com/shatteredpixel/shatteredpixeldungeon/actors/Char.java;core/src/main/java/com/shatteredpixel/shatteredpixeldungeon/actors/hero/abilities/duelist/ElementalStrike.java;core/src/main/java/com/shatteredpixel/shatteredpixeldungeon/actors/hero/abilities/huntress/SpiritHawk.java;core/src/main/java/com/shatteredpixel/shatteredpixeldungeon/actors/hero/abilities/mage/ElementalBlast.java;core/src/main/java/com/shatteredpixel/shatteredpixeldungeon/actors/hero/abilities/mage/WarpBeacon.java;core/src/main/java/com/shatteredpixel/shatteredpixeldungeon/actors/hero/abilities/rogue/ShadowClone.java;core/src/main/java/com/shatteredpixel/shatteredpixeldungeon/actors/hero/abilities/rogue/SmokeBomb.java;core/src/main/java/com/shatteredpixel/shatteredpixeldungeon/actors/hero/abilities/warrior/HeroicLeap.java;core/src/main/java/com/shatteredpixel/shatteredpixeldungeon/actors/hero/abilities/warrior/Shockwave.java;core/src/main/java/com/shatteredpixel/shatteredpixeldungeon/actors/hero/Hero.java;core/src/main/java/com/shatteredpixel/shatteredpixeldungeon/actors/mobs/ArmoredStatue.java;core/src/main/java/com/shatteredpixel/shatteredpixeldungeon/actors/mobs/Bat.java;core/src/main/java/com/shatteredpixel/shatteredpixeldungeon/actors/mobs/Bee.java;core/src/main/java/com/shatteredpixel/shatteredpixeldungeon/actors/mobs/Brute.java;core/src/main/java/com/shatteredpixel/shatteredpixeldungeon/actors/mobs/Crab.java;core/src/main/java/com/shatteredpixel/shatteredpixeldungeon/actors/mobs/CrystalGuardian.java;core/src/main/java/com/shatteredpixel/shatteredpixeldungeon/actors/mobs/CrystalSpire.java;core/src/main/java/com/shatteredpixel/shatteredpixeldungeon/actors/mobs/CrystalWisp.java;core/src/main/java/com/shatteredpixel/shatteredpixeldungeon/actors/mobs/DemonSpawner.java;core/src/main/java/com/shatteredpixel/shatteredpixeldungeon/actors/mobs/DM100.java;core/src/main/java/com/shatteredpixel/shatteredpixeldungeon/actors/mobs/DM200.java;core/src/main/java/com/shatteredpixel/shatteredpixeldungeon/actors/mobs/DM201.java;core/src/main/java/com/shatteredpixel/shatteredpixeldungeon/actors/mobs/DM300.java;core/src/main/java/com/shatteredpixel/shatteredpixeldungeon/actors/mobs/DwarfKing.java;core/src/main/java/com/shatteredpixel/shatteredpixeldungeon/actors/mobs/Elemental.java;core/src/main/java/com/shatteredpixel/shatteredpixeldungeon/actors/mobs/Eye.java;core/src/main/java/com/shatteredpixel/shatteredpixeldungeon/actors/mobs/FetidRat.java;core/src/main/java/com/shatteredpixel/shatteredpixeldungeon/actors/mobs/FungalSentry.java;core/src/main/java/com/shatteredpixel/shatteredpixeldungeon/actors/mobs/Ghoul.java;core/src/main/java/com/shatteredpixel/shatteredpixeldungeon/actors/mobs/Gnoll.java;core/src/main/java/com/shatteredpixel/shatteredpixeldungeon/actors/mobs/GnollGeomancer.java;core/src/main/java/com/shatteredpixel/shatteredpixeldungeon/actors/mobs/GnollGuard.java;core/src/main/java/com/shatteredpixel/shatteredpixeldungeon/actors/mobs/GnollSapper.java;core/src/main/java/com/shatteredpixel/shatteredpixeldungeon/actors/mobs/Golem.java;core/src/main/java/com/shatteredpixel/shatteredpixeldungeon/actors/mobs/Goo.java;core/src/main/java/com/shatteredpixel/shatteredpixeldungeon/actors/mobs/Guard.java;core/src/main/java/com/shatteredpixel/shatteredpixeldungeon/actors/mobs/Mimic.java;core/src/main/java/com/shatteredpixel/shatteredpixeldungeon/actors/mobs/Monk.java;core/src/main/java/com/shatteredpixel/shatteredpixeldungeon/actors/mobs/Necromancer.java;core/src/main/java/com/shatteredpixel/shatteredpixeldungeon/actors/mobs/npcs/MirrorImage.java;core/src/main/java/com/shatteredpixel/shatteredpixeldungeon/actors/mobs/npcs/PrismaticImage.java;core/src/main/java/com/shatteredpixel/shatteredpixeldungeon/actors/mobs/Piranha.java;core/src/main/java/com/shatteredpixel/shatteredpixeldungeon/actors/mobs/Pylon.java;core/src/main/java/com/shatteredpixel/shatteredpixeldungeon/actors/mobs/Rat.java;core/src/main/java/com/shatteredpixel/shatteredpixeldungeon/actors/mobs/RipperDemon.java;core/src/main/java/com/shatteredpixel/shatteredpixeldungeon/actors/mobs/RotHeart.java;core/src/main/java/com/shatteredpixel/shatteredpixeldungeon/actors/mobs/RotLasher.java;core/src/main/java/com/shatteredpixel/shatteredpixeldungeon/actors/mobs/Scorpio.java;core/src/main/java/com/shatteredpixel/shatteredpixeldungeon/actors/mobs/Senior.java;core/src/main/java/com/shatteredpixel/shatteredpixeldungeon/actors/mobs/Shaman.java;core/src/main/java/com/shatteredpixel/shatteredpixeldungeon/actors/mobs/Skeleton.java;core/src/main/java/com/shatteredpixel/shatteredpixeldungeon/actors/mobs/Slime.java;core/src/main/java/com/shatteredpixel/shatteredpixeldungeon/actors/mobs/Snake.java;core/src/main/java/com/shatteredpixel/shatteredpixeldungeon/actors/mobs/SpectralNecromancer.java;core/src/main/java/com/shatteredpixel/shatteredpixeldungeon/actors/mobs/Spinner.java;core/src/main/java/com/shatteredpixel/shatteredpixeldungeon/actors/mobs/Statue.java;core/src/main/java/com/shatteredpixel/shatteredpixeldungeon/actors/mobs/Succubus.java;core/src/main/java/com/shatteredpixel/shatteredpixeldungeon/actors/mobs/Swarm.java;core/src/main/java/com/shatteredpixel/shatteredpixeldungeon/actors/mobs/Tengu.java;core/src/main/java/com/shatteredpixel/shatteredpixeldungeon/actors/mobs/Thief.java;core/src/main/java/com/shatteredpixel/shatteredpixeldungeon/actors/mobs/TormentedSpirit.java;core/src/main/java/com/shatteredpixel/shatteredpixeldungeon/actors/mobs/Warlock.java;core/src/main/java/com/shatteredpixel/shatteredpixeldungeon/actors/mobs/Wraith.java;core/src/main/java/com/shatteredpixel/shatteredpixeldungeon/actors/mobs/YogDzewa.java;core/src/main/java/com/shatteredpixel/shatteredpixeldungeon/actors/mobs/YogFist.java;core/src/main/java/com/shatteredpixel/shatteredpixeldungeon/items/armor/glyphs/AntiMagic.java;core/src/main/java/com/shatteredpixel/shatteredpixeldungeon/items/artifacts/CapeOfThorns.java;core/src/main/java/com/shatteredpixel/shatteredpixeldungeon/items/artifacts/DriedRose.java;core/src/main/java/com/shatteredpixel/shatteredpixeldungeon/items/bombs/ArcaneBomb.java;core/src/main/java/com/shatteredpixel/shatteredpixeldungeon/items/bombs/Bomb.java;core/src/main/java/com/shatteredpixel/shatteredpixeldungeon/items/bombs/HolyBomb.java;core/src/main/java/com/shatteredpixel/shatteredpixeldungeon/items/bombs/ShockBomb.java;core/src/main/java/com/shatteredpixel/shatteredpixeldungeon/items/bombs/ShrapnelBomb.java;core/src/main/java/com/shatteredpixel/shatteredpixeldungeon/items/KindOfWeapon.java;core/src/main/java/com/shatteredpixel/shatteredpixeldungeon/items/rings/RingOfForce.java;core/src/main/java/com/shatteredpixel/shatteredpixeldungeon/items/trinkets/ThirteenLeafClover.java;core/src/main/java/com/shatteredpixel/shatteredpixeldungeon/items/wands/DamageWand.java;core/src/main/java/com/shatteredpixel/shatteredpixeldungeon/items/wands/WandOfBlastWave.java;core/src/main/java/com/shatteredpixel/shatteredpixeldungeon/items/wands/WandOfLivingEarth.java;core/src/main/java/com/shatteredpixel/shatteredpixeldungeon/items/wands/WandOfWarding.java;core/src/main/java/com/shatteredpixel/shatteredpixeldungeon/items/weapon/enchantments/Blazing.java;core/src/main/java/com/shatteredpixel/shatteredpixeldungeon/items/weapon/melee/AssassinsBlade.java;core/src/main/java/com/shatteredpixel/shatteredpixeldungeon/items/weapon/melee/Dagger.java;core/src/main/java/com/shatteredpixel/shatteredpixeldungeon/items/weapon/melee/Dirk.java;core/src/main/java/com/shatteredpixel/shatteredpixeldungeon/items/weapon/melee/MeleeWeapon.java;core/src/main/java/com/shatteredpixel/shatteredpixeldungeon/items/weapon/missiles/darts/HolyDart.java;core/src/main/java/com/shatteredpixel/shatteredpixeldungeon/items/weapon/missiles/darts/ShockingDart.java;core/src/main/java/com/shatteredpixel/shatteredpixeldungeon/items/weapon/missiles/Kunai.java;core/src/main/java/com/shatteredpixel/shatteredpixeldungeon/items/weapon/missiles/MissileWeapon.java;core/src/main/java/com/shatteredpixel/shatteredpixeldungeon/items/weapon/missiles/ThrowingKnife.java;core/src/main/java/com/shatteredpixel/shatteredpixeldungeon/items/weapon/SpiritBow.java;core/src/main/java/com/shatteredpixel/shatteredpixeldungeon/levels/CavesBossLevel.java;core/src/main/java/com/shatteredpixel/shatteredpixeldungeon/levels/features/Chasm.java;core/src/main/java/com/shatteredpixel/shatteredpixeldungeon/levels/rooms/special/SentryRoom.java;core/src/main/java/com/shatteredpixel/shatteredpixeldungeon/levels/traps/DisintegrationTrap.java;core/src/main/java/com/shatteredpixel/shatteredpixeldungeon/levels/traps/GeyserTrap.java;core/src/main/java/com/shatteredpixel/shatteredpixeldungeon/levels/traps/GnollRockfallTrap.java;core/src/main/java/com/shatteredpixel/shatteredpixeldungeon/levels/traps/PoisonDartTrap.java;core/src/main/java/com/shatteredpixel/shatteredpixeldungeon/levels/traps/RockfallTrap.java;core/src/main/java/com/shatteredpixel/shatteredpixeldungeon/levels/traps/WornDartTrap.java	slice2-candidate
e93d5da65d75b03ca60ea722ded63776df05bc6a	v2.4.2..v2.5.4	v2.5.0: nerfed dew drops from grassy floors, reduced mossy clump cost	core/src/main/java/com/shatteredpixel/shatteredpixeldungeon/items/trinkets/MossyClump.java;core/src/main/java/com/shatteredpixel/shatteredpixeldungeon/levels/features/HighGrass.java	slice2-candidate
3bd6e414125f986f205a954df23da330b2923916	v2.4.2..v2.5.4	v2.5.0: fixed cursed wand mimic transmogs floating on chasms	core/src/main/java/com/shatteredpixel/shatteredpixeldungeon/items/wands/CursedWand.java	slice2-candidate
f64f84fac4b074e89494eb0246ed96424cb99be9	v2.4.2..v2.5.4	v2.5.0: fixed exotic crystal rarely affecting crystal path room item gen	core/src/main/java/com/shatteredpixel/shatteredpixeldungeon/levels/rooms/special/CrystalPathRoom.java	general
a6fe68317d9bbc56a9bbf7fd1e5078e9eef859a1	v2.4.2..v2.5.4	v2.5.0: Substantially improved alchemy UI, mainly for larger screens	core/src/main/java/com/shatteredpixel/shatteredpixeldungeon/scenes/AlchemyScene.java;core/src/main/java/com/shatteredpixel/shatteredpixeldungeon/windows/WndJournal.java	slice2-candidate
72f6ee79929002b21b83f074dafd5f871b34e579	v2.4.2..v2.5.4	v2.5.0: made a couple corrections and tweaks to changes scene layout	core/src/main/java/com/shatteredpixel/shatteredpixeldungeon/scenes/ChangesScene.java	general
02728ae770de42d0e5725ecd750350f228790fbe	v2.4.2..v2.5.4	v2.5.0: fixed custom item notes not properly assigning ID	core/src/main/java/com/shatteredpixel/shatteredpixeldungeon/journal/Notes.java;core/src/main/java/com/shatteredpixel/shatteredpixeldungeon/ui/CustomNoteButton.java	slice2-candidate
a0225ad4a34e82654db06c19add8349f17015f3d	v2.4.2..v2.5.4	v2.5.0: fixed missing punctuation with scroll of siren's song.	core/src/main/assets/messages/items/items.properties	localization
80abc8376d7d93188a4ababd82c332c1d55d739c	v2.4.2..v2.5.4	v2.5.0: added icons to the title of each of the game's main scenes	core/src/main/assets/messages/scenes/scenes.properties;core/src/main/java/com/shatteredpixel/shatteredpixeldungeon/scenes/ChangesScene.java;core/src/main/java/com/shatteredpixel/shatteredpixeldungeon/scenes/JournalScene.java;core/src/main/java/com/shatteredpixel/shatteredpixeldungeon/scenes/NewsScene.java;core/src/main/java/com/shatteredpixel/shatteredpixeldungeon/scenes/RankingsScene.java;core/src/main/java/com/shatteredpixel/shatteredpixeldungeon/scenes/StartScene.java;core/src/main/java/com/shatteredpixel/shatteredpixeldungeon/scenes/SupporterScene.java;core/src/main/java/com/shatteredpixel/shatteredpixeldungeon/windows/IconTitle.java	slice2-candidate
53139c9e5c0453daaf427d19a3814d7ebb08d892	v2.4.2..v2.5.4	v2.5.0: renamed badges scene to journal scene	core/src/main/assets/messages/scenes/scenes.properties;core/src/main/java/com/shatteredpixel/shatteredpixeldungeon/scenes/BadgesScene.java;core/src/main/java/com/shatteredpixel/shatteredpixeldungeon/scenes/JournalScene.java;core/src/main/java/com/shatteredpixel/shatteredpixeldungeon/scenes/TitleScene.java	slice2-candidate
ebaace5f946aaf41760d0997f41f108bd6907c8a	v2.4.2..v2.5.4	v2.5.0: added full journal functionality to the badges scene	core/src/main/assets/messages/items/items.properties;core/src/main/assets/messages/windows/windows.properties;core/src/main/java/com/shatteredpixel/shatteredpixeldungeon/items/Item.java;core/src/main/java/com/shatteredpixel/shatteredpixeldungeon/items/potions/Potion.java;core/src/main/java/com/shatteredpixel/shatteredpixeldungeon/items/rings/Ring.java;core/src/main/java/com/shatteredpixel/shatteredpixeldungeon/items/scrolls/Scroll.java;core/src/main/java/com/shatteredpixel/shatteredpixeldungeon/scenes/BadgesScene.java;core/src/main/java/com/shatteredpixel/shatteredpixeldungeon/ui/ItemSlot.java;core/src/main/java/com/shatteredpixel/shatteredpixeldungeon/ui/ScrollingGridPane.java;core/src/main/java/com/shatteredpixel/shatteredpixeldungeon/windows/WndJournal.java	slice2-candidate
3dbcfef056cfe5c70c0bd4c9f734c714fe164a1e	v2.4.2..v2.5.4	v2.5.0: added a badges tab to the journal window	core/src/main/assets/messages/windows/windows.properties;core/src/main/java/com/shatteredpixel/shatteredpixeldungeon/scenes/PixelScene.java;core/src/main/java/com/shatteredpixel/shatteredpixeldungeon/ui/BadgesGrid.java;core/src/main/java/com/shatteredpixel/shatteredpixeldungeon/ui/changelist/v0_6_X_Changes.java;core/src/main/java/com/shatteredpixel/shatteredpixeldungeon/ui/Icons.java;core/src/main/java/com/shatteredpixel/shatteredpixeldungeon/windows/WndBadge.java;core/src/main/java/com/shatteredpixel/shatteredpixeldungeon/windows/WndJournal.java	slice2-candidate
37ec66254b926b21fd577291c87ef3f54289c741	v2.4.2..v2.5.4	v2.5.0: fixed incorrect use of the shadowbox asset in interlevelscene	core/src/main/java/com/shatteredpixel/shatteredpixeldungeon/scenes/InterlevelScene.java	general
4071a47a5612e5cc0744f1dbcafe7c335603bdc8	v2.4.2..v2.5.4	v2.5.0: finished custom note functionality!	core/src/main/assets/messages/ui/ui.properties;core/src/main/assets/messages/windows/windows.properties;core/src/main/java/com/shatteredpixel/shatteredpixeldungeon/items/EquipableItem.java;core/src/main/java/com/shatteredpixel/shatteredpixeldungeon/items/Item.java;core/src/main/java/com/shatteredpixel/shatteredpixeldungeon/items/potions/Potion.java;core/src/main/java/com/shatteredpixel/shatteredpixeldungeon/items/rings/Ring.java;core/src/main/java/com/shatteredpixel/shatteredpixeldungeon/items/scrolls/Scroll.java;core/src/main/java/com/shatteredpixel/shatteredpixeldungeon/journal/Notes.java;core/src/main/java/com/shatteredpixel/shatteredpixeldungeon/scenes/PixelScene.java;core/src/main/java/com/shatteredpixel/shatteredpixeldungeon/ui/CustomNoteButton.java;core/src/main/java/com/shatteredpixel/shatteredpixeldungeon/windows/WndBag.java;core/src/main/java/com/shatteredpixel/shatteredpixeldungeon/windows/WndJournal.java	slice2-candidate
5139de28002375f66ad2b9a74f2371ac30a26717	v2.4.2..v2.5.4	v2.5.0: code improvements to item desc vs. item info methods	core/src/main/java/com/shatteredpixel/shatteredpixeldungeon/items/armor/Armor.java;core/src/main/java/com/shatteredpixel/shatteredpixeldungeon/items/artifacts/Artifact.java;core/src/main/java/com/shatteredpixel/shatteredpixeldungeon/items/food/Pasty.java;core/src/main/java/com/shatteredpixel/shatteredpixeldungeon/items/potions/Potion.java;core/src/main/java/com/shatteredpixel/shatteredpixeldungeon/items/rings/Ring.java;core/src/main/java/com/shatteredpixel/shatteredpixeldungeon/items/scrolls/Scroll.java;core/src/main/java/com/shatteredpixel/shatteredpixeldungeon/items/trinkets/Trinket.java;core/src/main/java/com/shatteredpixel/shatteredpixeldungeon/items/wands/Wand.java;core/src/main/java/com/shatteredpixel/shatteredpixeldungeon/items/Waterskin.java;core/src/main/java/com/shatteredpixel/shatteredpixeldungeon/items/weapon/melee/MeleeWeapon.java;core/src/main/java/com/shatteredpixel/shatteredpixeldungeon/items/weapon/missiles/MissileWeapon.java;core/src/main/java/com/shatteredpixel/shatteredpixeldungeon/items/weapon/SpiritBow.java;core/src/main/java/com/shatteredpixel/shatteredpixeldungeon/plants/Plant.java	slice2-candidate
1d671239f31f6895ce709194645d0213726359b9	v2.4.2..v2.5.4	v2.5.0: slightly adjusted spacing for item slots and item buttons	core/src/main/java/com/shatteredpixel/shatteredpixeldungeon/ui/ItemButton.java;core/src/main/java/com/shatteredpixel/shatteredpixeldungeon/ui/ItemSlot.java	general
b0b2a32a846d924410237e4a5b58d2c9bb0292a6	v2.4.2..v2.5.4	v2.5.0: fixed the position of secondary icons in the journal grid UI	core/src/main/java/com/shatteredpixel/shatteredpixeldungeon/ui/ScrollingGridPane.java	slice2-candidate
8e99b51cf905028aa78029917c5db7e3729de8f9	v2.4.2..v2.5.4	v2.5.0: added functionality for custom note! Only plain text notes atm	core/src/main/assets/messages/ui/ui.properties;core/src/main/assets/messages/windows/windows.properties;core/src/main/java/com/shatteredpixel/shatteredpixeldungeon/journal/Notes.java;core/src/main/java/com/shatteredpixel/shatteredpixeldungeon/ui/CustomNoteButton.java;core/src/main/java/com/shatteredpixel/shatteredpixeldungeon/windows/WndJournal.java	slice2-candidate
e8ea9da26e8b1470b9eedfb9d40e1639904a6e81	v2.4.2..v2.5.4	v2.5.0: fixed ratmog killing enemies twice if transmogged over pits	core/src/main/java/com/shatteredpixel/shatteredpixeldungeon/actors/hero/abilities/Ratmogrify.java	general
651cc8631a7f9ae9156dc6dd16828f69765561df	v2.4.2..v2.5.4	v2.5.0: fixed sealed level resetting not clearing bomb fuses	core/src/main/java/com/shatteredpixel/shatteredpixeldungeon/levels/Level.java	hotspot
6a6e049f4ff8b2c00e2809b8d131b29b47af8099	v2.4.2..v2.5.4	v2.5.0: fixed cases where traps rooms could spawn large enough to make getting the chest + supply ration impossible	core/src/main/java/com/shatteredpixel/shatteredpixeldungeon/levels/rooms/special/TrapsRoom.java	general
0c889a8a9b45340275c1de203baadf0ea6cb73ac	v2.4.2..v2.5.4	v2.5.0: further tweaked targeting trap max range	core/src/main/java/com/shatteredpixel/shatteredpixeldungeon/levels/traps/DisintegrationTrap.java;core/src/main/java/com/shatteredpixel/shatteredpixeldungeon/levels/traps/GrimTrap.java;core/src/main/java/com/shatteredpixel/shatteredpixeldungeon/levels/traps/PoisonDartTrap.java;core/src/main/java/com/shatteredpixel/shatteredpixeldungeon/levels/traps/WornDartTrap.java	general
0ac18035de2d44ab0184fae63cd3ef67b6dd0a58	v2.4.2..v2.5.4	v2.5.0: fixed earthroot and living rock not applying to bone explosion	core/src/main/java/com/shatteredpixel/shatteredpixeldungeon/actors/mobs/Skeleton.java	general
b6dd63a649f5b332c1601518e39476961668acbe	v2.4.2..v2.5.4	v2.5.0: fixed ghost and smith enchant RNG outcomes affecting levelgen	core/src/main/java/com/shatteredpixel/shatteredpixeldungeon/actors/mobs/npcs/Blacksmith.java;core/src/main/java/com/shatteredpixel/shatteredpixeldungeon/actors/mobs/npcs/Ghost.java	general
0d9746b5984a77c9f990b1be3cd1b3861f6b953f	v2.4.2..v2.5.4	v2.5.0: fixed self-throwing aqua brew always going up-left	core/src/main/java/com/shatteredpixel/shatteredpixeldungeon/items/potions/brews/AquaBrew.java	general
59727ea8641213c30955b14241e8c56ae050b669	v2.4.2..v2.5.4	v2.5.0: added game log text for when shopkeepers flee	core/src/main/assets/messages/actors/actors.properties;core/src/main/java/com/shatteredpixel/shatteredpixeldungeon/actors/mobs/npcs/Shopkeeper.java	general
aa7b64564557e85e5a27424caa033b2f1f7fc126	v2.4.2..v2.5.4	v2.5.0: adjusted logic for landmarks, now get added based on hero action	core/src/main/java/com/shatteredpixel/shatteredpixeldungeon/actors/blobs/Alchemy.java;core/src/main/java/com/shatteredpixel/shatteredpixeldungeon/actors/blobs/Blob.java;core/src/main/java/com/shatteredpixel/shatteredpixeldungeon/actors/blobs/Foliage.java;core/src/main/java/com/shatteredpixel/shatteredpixeldungeon/actors/blobs/SacrificialFire.java;core/src/main/java/com/shatteredpixel/shatteredpixeldungeon/actors/blobs/WaterOfAwareness.java;core/src/main/java/com/shatteredpixel/shatteredpixeldungeon/actors/blobs/WaterOfHealth.java;core/src/main/java/com/shatteredpixel/shatteredpixeldungeon/actors/blobs/WellWater.java;core/src/main/java/com/shatteredpixel/shatteredpixeldungeon/actors/hero/Hero.java;core/src/main/java/com/shatteredpixel/shatteredpixeldungeon/actors/mobs/DemonSpawner.java;core/src/main/java/com/shatteredpixel/shatteredpixeldungeon/actors/mobs/Mob.java;core/src/main/java/com/shatteredpixel/shatteredpixeldungeon/actors/mobs/npcs/Blacksmith.java;core/src/main/java/com/shatteredpixel/shatteredpixeldungeon/actors/mobs/npcs/Ghost.java;core/src/main/java/com/shatteredpixel/shatteredpixeldungeon/actors/mobs/npcs/Imp.java;core/src/main/java/com/shatteredpixel/shatteredpixeldungeon/actors/mobs/npcs/RatKing.java;core/src/main/java/com/shatteredpixel/shatteredpixeldungeon/actors/mobs/npcs/Shopkeeper.java;core/src/main/java/com/shatteredpixel/shatteredpixeldungeon/actors/mobs/npcs/Wandmaker.java;core/src/main/java/com/shatteredpixel/shatteredpixeldungeon/actors/mobs/Statue.java;core/src/main/java/com/shatteredpixel/shatteredpixeldungeon/journal/Notes.java;core/src/main/java/com/shatteredpixel/shatteredpixeldungeon/levels/rooms/special/WeakFloorRoom.java	slice2-candidate
b770732b06b092c980ded4590b9dd4c42a34c2a8	v2.4.2..v2.5.4	v2.5.0: Warrior's broken seal now includes glyph in name/desc	core/src/main/assets/messages/items/items.properties;core/src/main/java/com/shatteredpixel/shatteredpixeldungeon/items/BrokenSeal.java	general
655775d164b8636ece826fb4b2c40bfe01d10c6d	v2.4.2..v2.5.4	v2.5.0: adjusted attack indicator to hopefully fix responsiveness errors	core/src/main/java/com/shatteredpixel/shatteredpixeldungeon/ui/AttackIndicator.java	general
afcafa5e439a8d55d6e46228cc6b0ef1286c86f9	v2.4.2..v2.5.4	v2.5.0: targeted traps now have a max range of 8 tiles	core/src/main/java/com/shatteredpixel/shatteredpixeldungeon/levels/traps/DisintegrationTrap.java;core/src/main/java/com/shatteredpixel/shatteredpixeldungeon/levels/traps/GrimTrap.java;core/src/main/java/com/shatteredpixel/shatteredpixeldungeon/levels/traps/PoisonDartTrap.java;core/src/main/java/com/shatteredpixel/shatteredpixeldungeon/levels/traps/WornDartTrap.java	general
60c56a1253faf25f9ecf99c49fa5bfaaef30a074	v2.4.2..v2.5.4	v2.5.0: fixed auto-aim not correctly interacting with cursed wands	core/src/main/java/com/shatteredpixel/shatteredpixeldungeon/items/wands/Wand.java;core/src/main/java/com/shatteredpixel/shatteredpixeldungeon/items/wands/WandOfDisintegration.java	slice2-candidate
33541418201491b82cafac2282c3f1c02496af25	v2.4.2..v2.5.4	v2.5.0: fixed tormented spirits not consuming SoRC, also buffed them	core/src/main/java/com/shatteredpixel/shatteredpixeldungeon/actors/mobs/TormentedSpirit.java;core/src/main/java/com/shatteredpixel/shatteredpixeldungeon/items/scrolls/ScrollOfRemoveCurse.java	general
edca8b09a540bb2a810ce4f8479c08ba7e536033	v2.4.2..v2.5.4	v2.5.0: fixed wondrous resin affecting chaos elementals	core/src/main/java/com/shatteredpixel/shatteredpixeldungeon/items/wands/CursedWand.java	slice2-candidate
a59a018d5b1ec40d4f51e2715958ba5f57dcc4d3	v2.4.2..v2.5.4	v2.5.0: fixed game not always saving after showing trinket window	core/src/main/java/com/shatteredpixel/shatteredpixeldungeon/items/trinkets/TrinketCatalyst.java	slice2-candidate
c1e4465806e0da00126da2bec03d808ce3cf4aad	v2.4.2..v2.5.4	v2.5.0: fixed unstable spellbook using the wrong probs for upgrade list	core/src/main/java/com/shatteredpixel/shatteredpixeldungeon/items/artifacts/UnstableSpellbook.java	general
6b9940e88534756a0d3f5f81cd76feef6afa2111	v2.4.2..v2.5.4	v2.5.0: improved landmark contents, brightened distant wells a bit	core/src/main/assets/environment/custom_tiles/weak_floor.png;core/src/main/assets/interfaces/icons.png;core/src/main/assets/messages/journal/journal.properties;core/src/main/assets/messages/levels/levels.properties;core/src/main/java/com/shatteredpixel/shatteredpixeldungeon/actors/mobs/npcs/RatKing.java;core/src/main/java/com/shatteredpixel/shatteredpixeldungeon/journal/Notes.java;core/src/main/java/com/shatteredpixel/shatteredpixeldungeon/levels/rooms/special/WeakFloorRoom.java;core/src/main/java/com/shatteredpixel/shatteredpixeldungeon/ui/Icons.java;core/src/main/java/com/shatteredpixel/shatteredpixeldungeon/ui/MenuPane.java;core/src/main/java/com/shatteredpixel/shatteredpixeldungeon/ui/ScrollingGridPane.java;core/src/main/java/com/shatteredpixel/shatteredpixeldungeon/windows/WndJournal.java	slice2-candidate
da42665e80227bfd978613303edfd32f113495d1	v2.4.2..v2.5.4	v2.5.0: added landmark functionality for level feelings	core/src/main/assets/messages/levels/levels.properties;core/src/main/assets/messages/scenes/scenes.properties;core/src/main/java/com/shatteredpixel/shatteredpixeldungeon/journal/Notes.java;core/src/main/java/com/shatteredpixel/shatteredpixeldungeon/levels/Level.java;core/src/main/java/com/shatteredpixel/shatteredpixeldungeon/scenes/GameScene.java;core/src/main/java/com/shatteredpixel/shatteredpixeldungeon/ui/MenuPane.java	slice2-candidate
995a8836c3f860c4779b893f6b6af8f5a141aedb	v2.4.2..v2.5.4	v2.5.0: added new icons for some existing landmarks	core/src/main/assets/interfaces/icons.png;core/src/main/java/com/shatteredpixel/shatteredpixeldungeon/journal/Notes.java;core/src/main/java/com/shatteredpixel/shatteredpixeldungeon/ui/Icons.java;core/src/main/java/com/shatteredpixel/shatteredpixeldungeon/ui/ScrollingGridPane.java;core/src/main/java/com/shatteredpixel/shatteredpixeldungeon/windows/WndHeroInfo.java;core/src/main/java/com/shatteredpixel/shatteredpixeldungeon/windows/WndJournal.java	slice2-candidate
40afe2a22cb414c32c4b4c994f1906048dfffce1	v2.4.2..v2.5.4	v2.5.0: overhauled icons asset file, creating room for more	core/src/main/assets/interfaces/icons.png;core/src/main/java/com/shatteredpixel/shatteredpixeldungeon/scenes/HeroSelectScene.java;core/src/main/java/com/shatteredpixel/shatteredpixeldungeon/ui/changelist/v0_6_X_Changes.java;core/src/main/java/com/shatteredpixel/shatteredpixeldungeon/ui/changelist/v0_9_X_Changes.java;core/src/main/java/com/shatteredpixel/shatteredpixeldungeon/ui/changelist/v2_X_Changes.java;core/src/main/java/com/shatteredpixel/shatteredpixeldungeon/ui/Icons.java;core/src/main/java/com/shatteredpixel/shatteredpixeldungeon/windows/WndGame.java;core/src/main/java/com/shatteredpixel/shatteredpixeldungeon/windows/WndGameInProgress.java;core/src/main/java/com/shatteredpixel/shatteredpixeldungeon/windows/WndJournal.java;core/src/main/java/com/shatteredpixel/shatteredpixeldungeon/windows/WndRanking.java	slice2-candidate
75532abf00cff69b877ef3cc53306f8ae6427641	v2.4.2..v2.5.4	v2.5.0: various UI/UX improvements to the journal and guidebook	core/src/main/assets/interfaces/icons.png;core/src/main/assets/interfaces/menu_button.png;core/src/main/assets/messages/items/items.properties;core/src/main/assets/messages/windows/windows.properties;core/src/main/java/com/shatteredpixel/shatteredpixeldungeon/actors/buffs/Hunger.java;core/src/main/java/com/shatteredpixel/shatteredpixeldungeon/actors/hero/Hero.java;core/src/main/java/com/shatteredpixel/shatteredpixeldungeon/actors/mobs/Snake.java;core/src/main/java/com/shatteredpixel/shatteredpixeldungeon/items/EquipableItem.java;core/src/main/java/com/shatteredpixel/shatteredpixeldungeon/items/journal/DocumentPage.java;core/src/main/java/com/shatteredpixel/shatteredpixeldungeon/items/keys/Key.java;core/src/main/java/com/shatteredpixel/shatteredpixeldungeon/items/trinkets/TrinketCatalyst.java;core/src/main/java/com/shatteredpixel/shatteredpixeldungeon/scenes/GameScene.java;core/src/main/java/com/shatteredpixel/shatteredpixeldungeon/ui/Icons.java;core/src/main/java/com/shatteredpixel/shatteredpixeldungeon/ui/MenuPane.java;core/src/main/java/com/shatteredpixel/shatteredpixeldungeon/windows/WndJournal.java	slice2-candidate
dd9f90c3723204e69620dbef1bed0d619beec0d0	v2.4.2..v2.5.4	v2.5.0: converted notes tab to use new grid UI	core/src/main/assets/messages/windows/windows.properties;core/src/main/java/com/shatteredpixel/shatteredpixeldungeon/journal/Notes.java;core/src/main/java/com/shatteredpixel/shatteredpixeldungeon/ui/ScrollingGridPane.java;core/src/main/java/com/shatteredpixel/shatteredpixeldungeon/windows/WndJournal.java	slice2-candidate
c861f8cef81fe5f704cc5ae98efc54c63c3ab8bd	v2.4.2..v2.5.4	v2.5.0: final behaviour improvements to new upgrade window	core/src/main/assets/messages/items/items.properties;core/src/main/assets/messages/windows/windows.properties;core/src/main/java/com/shatteredpixel/shatteredpixeldungeon/items/scrolls/ScrollOfUpgrade.java;core/src/main/java/com/shatteredpixel/shatteredpixeldungeon/items/spells/MagicalInfusion.java;core/src/main/java/com/shatteredpixel/shatteredpixeldungeon/windows/WndUpgrade.java	slice2-candidate
5138e0ac0ad67d66722fb779169e9bb52f1cd688	v2.4.2..v2.5.4	v2.5.0: made some final visual clarity tweaks to the upgrade window	core/src/main/java/com/shatteredpixel/shatteredpixeldungeon/windows/WndUpgrade.java	slice2-candidate
f232a5d1e8a48d47093efa08b88a79c48c75faea	v2.4.2..v2.5.4	v2.5.0: fixed upgrade window ring stats not accounting for curses	core/src/main/java/com/shatteredpixel/shatteredpixeldungeon/items/rings/RingOfAccuracy.java;core/src/main/java/com/shatteredpixel/shatteredpixeldungeon/items/rings/RingOfArcana.java;core/src/main/java/com/shatteredpixel/shatteredpixeldungeon/items/rings/RingOfElements.java;core/src/main/java/com/shatteredpixel/shatteredpixeldungeon/items/rings/RingOfEnergy.java;core/src/main/java/com/shatteredpixel/shatteredpixeldungeon/items/rings/RingOfEvasion.java;core/src/main/java/com/shatteredpixel/shatteredpixeldungeon/items/rings/RingOfForce.java;core/src/main/java/com/shatteredpixel/shatteredpixeldungeon/items/rings/RingOfFuror.java;core/src/main/java/com/shatteredpixel/shatteredpixeldungeon/items/rings/RingOfHaste.java;core/src/main/java/com/shatteredpixel/shatteredpixeldungeon/items/rings/RingOfMight.java;core/src/main/java/com/shatteredpixel/shatteredpixeldungeon/items/rings/RingOfSharpshooting.java;core/src/main/java/com/shatteredpixel/shatteredpixeldungeon/items/rings/RingOfTenacity.java;core/src/main/java/com/shatteredpixel/shatteredpixeldungeon/items/rings/RingOfWealth.java;core/src/main/java/com/shatteredpixel/shatteredpixeldungeon/windows/WndUpgrade.java	slice2-candidate
e4085fe44540e07e206e62f72019828f66aef774	v2.4.2..v2.5.4	v2.5.0: improved logic for cancelling new upgrade window	core/src/main/assets/messages/items/items.properties;core/src/main/java/com/shatteredpixel/shatteredpixeldungeon/items/scrolls/InventoryScroll.java;core/src/main/java/com/shatteredpixel/shatteredpixeldungeon/items/spells/InventorySpell.java;core/src/main/java/com/shatteredpixel/shatteredpixeldungeon/windows/WndUpgrade.java	slice2-candidate
5381809f557d47e6bc25b99ff7296995916d0caa	v2.4.2..v2.5.4	v2.5.0: added wndUpgrade info for weapon abilities and augments	core/src/main/assets/messages/items/items.properties;core/src/main/java/com/shatteredpixel/shatteredpixeldungeon/items/quest/Pickaxe.java;core/src/main/java/com/shatteredpixel/shatteredpixeldungeon/items/rings/Ring.java;core/src/main/java/com/shatteredpixel/shatteredpixeldungeon/items/rings/RingOfForce.java;core/src/main/java/com/shatteredpixel/shatteredpixeldungeon/items/weapon/melee/AssassinsBlade.java;core/src/main/java/com/shatteredpixel/shatteredpixeldungeon/items/weapon/melee/BattleAxe.java;core/src/main/java/com/shatteredpixel/shatteredpixeldungeon/items/weapon/melee/Crossbow.java;core/src/main/java/com/shatteredpixel/shatteredpixeldungeon/items/weapon/melee/Dagger.java;core/src/main/java/com/shatteredpixel/shatteredpixeldungeon/items/weapon/melee/Dirk.java;core/src/main/java/com/shatteredpixel/shatteredpixeldungeon/items/weapon/melee/Flail.java;core/src/main/java/com/shatteredpixel/shatteredpixeldungeon/items/weapon/melee/Gauntlet.java;core/src/main/java/com/shatteredpixel/shatteredpixeldungeon/items/weapon/melee/Glaive.java;core/src/main/java/com/shatteredpixel/shatteredpixeldungeon/items/weapon/melee/Gloves.java;core/src/main/java/com/shatteredpixel/shatteredpixeldungeon/items/weapon/melee/Greataxe.java;core/src/main/java/com/shatteredpixel/shatteredpixeldungeon/items/weapon/melee/Greatshield.java;core/src/main/java/com/shatteredpixel/shatteredpixeldungeon/items/weapon/melee/Greatsword.java;core/src/main/java/com/shatteredpixel/shatteredpixeldungeon/items/weapon/melee/HandAxe.java;core/src/main/java/com/shatteredpixel/shatteredpixeldungeon/items/weapon/melee/Katana.java;core/src/main/java/com/shatteredpixel/shatteredpixeldungeon/items/weapon/melee/Longsword.java;core/src/main/java/com/shatteredpixel/shatteredpixeldungeon/items/weapon/melee/Mace.java;core/src/main/java/com/shatteredpixel/shatteredpixeldungeon/items/weapon/melee/MeleeWeapon.java;core/src/main/java/com/shatteredpixel/shatteredpixeldungeon/items/weapon/melee/Quarterstaff.java;core/src/main/java/com/shatteredpixel/shatteredpixeldungeon/items/weapon/melee/Rapier.java;core/src/main/java/com/shatteredpixel/shatteredpixeldungeon/items/weapon/melee/RoundShield.java;core/src/main/java/com/shatteredpixel/shatteredpixeldungeon/items/weapon/melee/RunicBlade.java;core/src/main/java/com/shatteredpixel/shatteredpixeldungeon/items/weapon/melee/Sai.java;core/src/main/java/com/shatteredpixel/shatteredpixeldungeon/items/weapon/melee/Scimitar.java;core/src/main/java/com/shatteredpixel/shatteredpixeldungeon/items/weapon/melee/Shortsword.java;core/src/main/java/com/shatteredpixel/shatteredpixeldungeon/items/weapon/melee/Sickle.java;core/src/main/java/com/shatteredpixel/shatteredpixeldungeon/items/weapon/melee/Spear.java;core/src/main/java/com/shatteredpixel/shatteredpixeldungeon/items/weapon/melee/Sword.java;core/src/main/java/com/shatteredpixel/shatteredpixeldungeon/items/weapon/melee/WarHammer.java;core/src/main/java/com/shatteredpixel/shatteredpixeldungeon/items/weapon/melee/WarScythe.java;core/src/main/java/com/shatteredpixel/shatteredpixeldungeon/items/weapon/melee/Whip.java;core/src/main/java/com/shatteredpixel/shatteredpixeldungeon/items/weapon/melee/WornShortsword.java;core/src/main/java/com/shatteredpixel/shatteredpixeldungeon/windows/WndUpgrade.java	slice2-candidate
07bed7c724ba34faeec95ecbd207be3da5fa3faa	v2.4.2..v2.5.4	v2.5.0: added wndUpgrade info for rings	core/src/main/assets/messages/items/items.properties;core/src/main/java/com/shatteredpixel/shatteredpixeldungeon/items/rings/Ring.java;core/src/main/java/com/shatteredpixel/shatteredpixeldungeon/items/rings/RingOfAccuracy.java;core/src/main/java/com/shatteredpixel/shatteredpixeldungeon/items/rings/RingOfArcana.java;core/src/main/java/com/shatteredpixel/shatteredpixeldungeon/items/rings/RingOfElements.java;core/src/main/java/com/shatteredpixel/shatteredpixeldungeon/items/rings/RingOfEnergy.java;core/src/main/java/com/shatteredpixel/shatteredpixeldungeon/items/rings/RingOfEvasion.java;core/src/main/java/com/shatteredpixel/shatteredpixeldungeon/items/rings/RingOfForce.java;core/src/main/java/com/shatteredpixel/shatteredpixeldungeon/items/rings/RingOfFuror.java;core/src/main/java/com/shatteredpixel/shatteredpixeldungeon/items/rings/RingOfHaste.java;core/src/main/java/com/shatteredpixel/shatteredpixeldungeon/items/rings/RingOfMight.java;core/src/main/java/com/shatteredpixel/shatteredpixeldungeon/items/rings/RingOfSharpshooting.java;core/src/main/java/com/shatteredpixel/shatteredpixeldungeon/items/rings/RingOfTenacity.java;core/src/main/java/com/shatteredpixel/shatteredpixeldungeon/items/rings/RingOfWealth.java;core/src/main/java/com/shatteredpixel/shatteredpixeldungeon/windows/WndUpgrade.java	slice2-candidate
be3de2d883d043596bb274ac7796e30bca891583	v2.4.2..v2.5.4	v2.5.0: added wndUpgrade info for wands	core/src/main/assets/messages/items/items.properties;core/src/main/assets/messages/windows/windows.properties;core/src/main/java/com/shatteredpixel/shatteredpixeldungeon/items/wands/DamageWand.java;core/src/main/java/com/shatteredpixel/shatteredpixeldungeon/items/wands/Wand.java;core/src/main/java/com/shatteredpixel/shatteredpixeldungeon/items/wands/WandOfBlastWave.java;core/src/main/java/com/shatteredpixel/shatteredpixeldungeon/items/wands/WandOfCorrosion.java;core/src/main/java/com/shatteredpixel/shatteredpixeldungeon/items/wands/WandOfCorruption.java;core/src/main/java/com/shatteredpixel/shatteredpixeldungeon/items/wands/WandOfDisintegration.java;core/src/main/java/com/shatteredpixel/shatteredpixeldungeon/items/wands/WandOfFireblast.java;core/src/main/java/com/shatteredpixel/shatteredpixeldungeon/items/wands/WandOfFrost.java;core/src/main/java/com/shatteredpixel/shatteredpixeldungeon/items/wands/WandOfLivingEarth.java;core/src/main/java/com/shatteredpixel/shatteredpixeldungeon/items/wands/WandOfPrismaticLight.java;core/src/main/java/com/shatteredpixel/shatteredpixeldungeon/items/wands/WandOfRegrowth.java;core/src/main/java/com/shatteredpixel/shatteredpixeldungeon/items/wands/WandOfTransfusion.java;core/src/main/java/com/shatteredpixel/shatteredpixeldungeon/items/wands/WandOfWarding.java;core/src/main/java/com/shatteredpixel/shatteredpixeldungeon/windows/WndUpgrade.java	slice2-candidate
40e7a4093fce70d72587f903be21237da2d02f8c	v2.4.2..v2.5.4	v2.5.0: added a new window for confirming upgrades (some stats missing)	core/src/main/assets/messages/items/items.properties;core/src/main/assets/messages/windows/windows.properties;core/src/main/java/com/shatteredpixel/shatteredpixeldungeon/items/armor/Armor.java;core/src/main/java/com/shatteredpixel/shatteredpixeldungeon/items/scrolls/InventoryScroll.java;core/src/main/java/com/shatteredpixel/shatteredpixeldungeon/items/scrolls/Scroll.java;core/src/main/java/com/shatteredpixel/shatteredpixeldungeon/items/scrolls/ScrollOfUpgrade.java;core/src/main/java/com/shatteredpixel/shatteredpixeldungeon/items/spells/InventorySpell.java;core/src/main/java/com/shatteredpixel/shatteredpixeldungeon/items/spells/MagicalInfusion.java;core/src/main/java/com/shatteredpixel/shatteredpixeldungeon/items/wands/Wand.java;core/src/main/java/com/shatteredpixel/shatteredpixeldungeon/items/wands/WandOfMagicMissile.java;core/src/main/java/com/shatteredpixel/shatteredpixeldungeon/items/weapon/melee/Greataxe.java;core/src/main/java/com/shatteredpixel/shatteredpixeldungeon/items/weapon/melee/Greatshield.java;core/src/main/java/com/shatteredpixel/shatteredpixeldungeon/items/weapon/melee/MeleeWeapon.java;core/src/main/java/com/shatteredpixel/shatteredpixeldungeon/items/weapon/melee/RoundShield.java;core/src/main/java/com/shatteredpixel/shatteredpixeldungeon/items/weapon/Weapon.java;core/src/main/java/com/shatteredpixel/shatteredpixeldungeon/windows/WndUpgrade.java	slice2-candidate
351a74c5677c8439e85a6bb6cb3e5be73ca6f48d	v2.4.2..v2.5.4	v2.5.0: fixed enchant/glyph cleansing resulting in crashes	core/src/main/java/com/shatteredpixel/shatteredpixeldungeon/items/armor/Armor.java;core/src/main/java/com/shatteredpixel/shatteredpixeldungeon/items/weapon/Weapon.java	general
f0542ebf1e3b9f654c66a6303e4849b592811355	v2.4.2..v2.5.4	v2.5.0: added a method for recording multiple bestiary encounters	core/src/main/java/com/shatteredpixel/shatteredpixeldungeon/journal/Bestiary.java	slice2-candidate
b6f7e7462cf4b0ef087df8ecd7d67b783b09abd3	v2.4.2..v2.5.4	v2.5.0: made a bunch of code tweaks so catalogs can appear out of game	core/src/main/java/com/shatteredpixel/shatteredpixeldungeon/actors/hero/abilities/huntress/SpiritHawk.java;core/src/main/java/com/shatteredpixel/shatteredpixeldungeon/actors/hero/abilities/rogue/SmokeBomb.java;core/src/main/java/com/shatteredpixel/shatteredpixeldungeon/actors/mobs/npcs/RatKing.java;core/src/main/java/com/shatteredpixel/shatteredpixeldungeon/items/Amulet.java;core/src/main/java/com/shatteredpixel/shatteredpixeldungeon/items/armor/Armor.java;core/src/main/java/com/shatteredpixel/shatteredpixeldungeon/items/armor/ClassArmor.java;core/src/main/java/com/shatteredpixel/shatteredpixeldungeon/items/Item.java;core/src/main/java/com/shatteredpixel/shatteredpixeldungeon/items/KindofMisc.java;core/src/main/java/com/shatteredpixel/shatteredpixeldungeon/items/potions/elixirs/ElixirOfMight.java;core/src/main/java/com/shatteredpixel/shatteredpixeldungeon/items/potions/Potion.java;core/src/main/java/com/shatteredpixel/shatteredpixeldungeon/items/rings/Ring.java;core/src/main/java/com/shatteredpixel/shatteredpixeldungeon/items/rings/RingOfForce.java;core/src/main/java/com/shatteredpixel/shatteredpixeldungeon/items/scrolls/Scroll.java;core/src/main/java/com/shatteredpixel/shatteredpixeldungeon/items/wands/Wand.java;core/src/main/java/com/shatteredpixel/shatteredpixeldungeon/items/wands/WandOfTransfusion.java;core/src/main/java/com/shatteredpixel/shatteredpixeldungeon/items/weapon/melee/MeleeWeapon.java;core/src/main/java/com/shatteredpixel/shatteredpixeldungeon/items/weapon/missiles/darts/Dart.java;core/src/main/java/com/shatteredpixel/shatteredpixeldungeon/items/weapon/missiles/darts/TippedDart.java;core/src/main/java/com/shatteredpixel/shatteredpixeldungeon/items/weapon/missiles/MissileWeapon.java;core/src/main/java/com/shatteredpixel/shatteredpixeldungeon/plants/Plant.java;core/src/main/java/com/shatteredpixel/shatteredpixeldungeon/sprites/GooSprite.java;core/src/main/java/com/shatteredpixel/shatteredpixeldungeon/sprites/MirrorSprite.java;core/src/main/java/com/shatteredpixel/shatteredpixeldungeon/tiles/TerrainFeaturesTilemap.java;core/src/main/java/com/shatteredpixel/shatteredpixeldungeon/ui/QuickRecipe.java;core/src/main/java/com/shatteredpixel/shatteredpixeldungeon/windows/WndJournal.java	slice2-candidate
d69530831d5058b165da0029689180f1d9c6b724	v2.4.2..v2.5.4	v2.5.0: improved code (and some text) for trinket descriptions	core/src/main/assets/messages/items/items.properties;core/src/main/assets/messages/journal/journal.properties;core/src/main/java/com/shatteredpixel/shatteredpixeldungeon/items/trinkets/DimensionalSundial.java;core/src/main/java/com/shatteredpixel/shatteredpixeldungeon/items/trinkets/ExoticCrystals.java;core/src/main/java/com/shatteredpixel/shatteredpixeldungeon/items/trinkets/EyeOfNewt.java;core/src/main/java/com/shatteredpixel/shatteredpixeldungeon/items/trinkets/MimicTooth.java;core/src/main/java/com/shatteredpixel/shatteredpixeldungeon/items/trinkets/MossyClump.java;core/src/main/java/com/shatteredpixel/shatteredpixeldungeon/items/trinkets/ParchmentScrap.java;core/src/main/java/com/shatteredpixel/shatteredpixeldungeon/items/trinkets/PetrifiedSeed.java;core/src/main/java/com/shatteredpixel/shatteredpixeldungeon/items/trinkets/RatSkull.java;core/src/main/java/com/shatteredpixel/shatteredpixeldungeon/items/trinkets/ThirteenLeafClover.java;core/src/main/java/com/shatteredpixel/shatteredpixeldungeon/items/trinkets/TrapMechanism.java;core/src/main/java/com/shatteredpixel/shatteredpixeldungeon/items/trinkets/Trinket.java;core/src/main/java/com/shatteredpixel/shatteredpixeldungeon/items/trinkets/TrinketCatalyst.java;core/src/main/java/com/shatteredpixel/shatteredpixeldungeon/items/trinkets/WondrousResin.java	slice2-candidate
f6299e07c8e40134b2960dc546d1e5f94fb98923	v2.4.2..v2.5.4	v2.5.0: added more info tracking to catalogs, and code improvements	core/src/main/assets/messages/windows/windows.properties;core/src/main/java/com/shatteredpixel/shatteredpixeldungeon/actors/buffs/AllyBuff.java;core/src/main/java/com/shatteredpixel/shatteredpixeldungeon/actors/hero/Hero.java;core/src/main/java/com/shatteredpixel/shatteredpixeldungeon/actors/mobs/Mob.java;core/src/main/java/com/shatteredpixel/shatteredpixeldungeon/items/ArcaneResin.java;core/src/main/java/com/shatteredpixel/shatteredpixeldungeon/items/artifacts/AlchemistsToolkit.java;core/src/main/java/com/shatteredpixel/shatteredpixeldungeon/items/artifacts/CapeOfThorns.java;core/src/main/java/com/shatteredpixel/shatteredpixeldungeon/items/artifacts/ChaliceOfBlood.java;core/src/main/java/com/shatteredpixel/shatteredpixeldungeon/items/artifacts/CloakOfShadows.java;core/src/main/java/com/shatteredpixel/shatteredpixeldungeon/items/artifacts/DriedRose.java;core/src/main/java/com/shatteredpixel/shatteredpixeldungeon/items/artifacts/EtherealChains.java;core/src/main/java/com/shatteredpixel/shatteredpixeldungeon/items/artifacts/HornOfPlenty.java;core/src/main/java/com/shatteredpixel/shatteredpixeldungeon/items/artifacts/MasterThievesArmband.java;core/src/main/java/com/shatteredpixel/shatteredpixeldungeon/items/artifacts/TalismanOfForesight.java;core/src/main/java/com/shatteredpixel/shatteredpixeldungeon/items/artifacts/TimekeepersHourglass.java;core/src/main/java/com/shatteredpixel/shatteredpixeldungeon/items/artifacts/UnstableSpellbook.java;core/src/main/java/com/shatteredpixel/shatteredpixeldungeon/items/bombs/Bomb.java;core/src/main/java/com/shatteredpixel/shatteredpixeldungeon/items/Dewdrop.java;core/src/main/java/com/shatteredpixel/shatteredpixeldungeon/items/food/Blandfruit.java;core/src/main/java/com/shatteredpixel/shatteredpixeldungeon/items/food/Food.java;core/src/main/java/com/shatteredpixel/shatteredpixeldungeon/items/Honeypot.java;core/src/main/java/com/shatteredpixel/shatteredpixeldungeon/items/KingsCrown.java;core/src/main/java/com/shatteredpixel/shatteredpixeldungeon/items/LiquidMetal.java;core/src/main/java/com/shatteredpixel/shatteredpixeldungeon/items/potions/brews/CausticBrew.java;core/src/main/java/com/shatteredpixel/shatteredpixeldungeon/items/potions/elixirs/ElixirOfAquaticRejuvenation.java;core/src/main/java/com/shatteredpixel/shatteredpixeldungeon/items/potions/elixirs/ElixirOfArcaneArmor.java;core/src/main/java/com/shatteredpixel/shatteredpixeldungeon/items/potions/exotic/PotionOfDivineInspiration.java;core/src/main/java/com/shatteredpixel/shatteredpixeldungeon/items/potions/exotic/PotionOfDragonsBreath.java;core/src/main/java/com/shatteredpixel/shatteredpixeldungeon/items/potions/exotic/PotionOfMastery.java;core/src/main/java/com/shatteredpixel/shatteredpixeldungeon/items/potions/Potion.java;core/src/main/java/com/shatteredpixel/shatteredpixeldungeon/items/Recipe.java;core/src/main/java/com/shatteredpixel/shatteredpixeldungeon/items/remains/RemainsItem.java;core/src/main/java/com/shatteredpixel/shatteredpixeldungeon/items/scrolls/Scroll.java;core/src/main/java/com/shatteredpixel/shatteredpixeldungeon/items/scrolls/ScrollOfUpgrade.java;core/src/main/java/com/shatteredpixel/shatteredpixeldungeon/items/spells/Alchemize.java;core/src/main/java/com/shatteredpixel/shatteredpixeldungeon/items/spells/BeaconOfReturning.java;core/src/main/java/com/shatteredpixel/shatteredpixeldungeon/items/spells/CurseInfusion.java;core/src/main/java/com/shatteredpixel/shatteredpixeldungeon/items/spells/InventorySpell.java;core/src/main/java/com/shatteredpixel/shatteredpixeldungeon/items/spells/MagicalInfusion.java;core/src/main/java/com/shatteredpixel/shatteredpixeldungeon/items/spells/ReclaimTrap.java;core/src/main/java/com/shatteredpixel/shatteredpixeldungeon/items/spells/SummonElemental.java;core/src/main/java/com/shatteredpixel/shatteredpixeldungeon/items/spells/TargetedSpell.java;core/src/main/java/com/shatteredpixel/shatteredpixeldungeon/items/spells/UnstableSpell.java;core/src/main/java/com/shatteredpixel/shatteredpixeldungeon/items/spells/WildEnergy.java;core/src/main/java/com/shatteredpixel/shatteredpixeldungeon/items/stones/Runestone.java;core/src/main/java/com/shatteredpixel/shatteredpixeldungeon/items/stones/StoneOfAugmentation.java;core/src/main/java/com/shatteredpixel/shatteredpixeldungeon/items/stones/StoneOfEnchantment.java;core/src/main/java/com/shatteredpixel/shatteredpixeldungeon/items/stones/StoneOfIntuition.java;core/src/main/java/com/shatteredpixel/shatteredpixeldungeon/items/Stylus.java;core/src/main/java/com/shatteredpixel/shatteredpixeldungeon/items/TengusMask.java;core/src/main/java/com/shatteredpixel/shatteredpixeldungeon/items/Torch.java;core/src/main/java/com/shatteredpixel/shatteredpixeldungeon/items/trinkets/Trinket.java;core/src/main/java/com/shatteredpixel/shatteredpixeldungeon/items/trinkets/TrinketCatalyst.java;core/src/main/java/com/shatteredpixel/shatteredpixeldungeon/items/wands/WandOfWarding.java;core/src/main/java/com/shatteredpixel/shatteredpixeldungeon/items/Waterskin.java;core/src/main/java/com/shatteredpixel/shatteredpixeldungeon/items/weapon/missiles/darts/TippedDart.java;core/src/main/java/com/shatteredpixel/shatteredpixeldungeon/journal/Bestiary.java;core/src/main/java/com/shatteredpixel/shatteredpixeldungeon/journal/Catalog.java;core/src/main/java/com/shatteredpixel/shatteredpixeldungeon/journal/Notes.java;core/src/main/java/com/shatteredpixel/shatteredpixeldungeon/levels/traps/DistortionTrap.java;core/src/main/java/com/shatteredpixel/shatteredpixeldungeon/levels/traps/FlockTrap.java;core/src/main/java/com/shatteredpixel/shatteredpixeldungeon/levels/traps/SummoningTrap.java;core/src/main/java/com/shatteredpixel/shatteredpixeldungeon/levels/traps/Trap.java;core/src/main/java/com/shatteredpixel/shatteredpixeldungeon/plants/Plant.java;core/src/main/java/com/shatteredpixel/shatteredpixeldungeon/scenes/AlchemyScene.java;core/src/main/java/com/shatteredpixel/shatteredpixeldungeon/windows/WndBlacksmith.java;core/src/main/java/com/shatteredpixel/shatteredpixeldungeon/windows/WndJournal.java;core/src/main/java/com/shatteredpixel/shatteredpixeldungeon/windows/WndResurrect.java;core/src/main/java/com/shatteredpixel/shatteredpixeldungeon/windows/WndTradeItem.java	slice2-candidate
b003d1129d41d897b499ca8bc2c0e4465f0b1380	v2.4.2..v2.5.4	v2.5.0: redesigned badges for the new catalog	core/src/main/assets/interfaces/badges.png;core/src/main/assets/messages/journal/journal.properties;core/src/main/assets/messages/misc/misc.properties;core/src/main/java/com/shatteredpixel/shatteredpixeldungeon/Badges.java;core/src/main/java/com/shatteredpixel/shatteredpixeldungeon/journal/Bestiary.java;core/src/main/java/com/shatteredpixel/shatteredpixeldungeon/journal/Catalog.java;core/src/main/java/com/shatteredpixel/shatteredpixeldungeon/journal/Document.java;core/src/main/java/com/shatteredpixel/shatteredpixeldungeon/scenes/WelcomeScene.java;core/src/main/java/com/shatteredpixel/shatteredpixeldungeon/ShatteredPixelDungeon.java;core/src/main/java/com/shatteredpixel/shatteredpixeldungeon/windows/WndJournal.java	slice2-candidate
eb51e6dafe953ada051e2fb31cda8c656ebf5599	v2.4.2..v2.5.4	v2.5.0: added a proper icon for the catalog tab	core/src/main/assets/interfaces/icons.png;core/src/main/java/com/shatteredpixel/shatteredpixeldungeon/ui/Icons.java;core/src/main/java/com/shatteredpixel/shatteredpixeldungeon/windows/WndJournal.java	slice2-candidate
cba48b81c1e89b1cf200d4ed672076ef5df95f98	v2.4.2..v2.5.4	v2.5.0: journal catalog tabs now remember their scroll positions	core/src/main/java/com/shatteredpixel/shatteredpixeldungeon/windows/WndJournal.java	slice2-candidate
1c2e5e9bea569394eb711e8ea94fb5797809e638	v2.4.2..v2.5.4	v2.5.0: fixed happy end badges not being added to local badges	core/src/main/java/com/shatteredpixel/shatteredpixeldungeon/Badges.java	general
fae083d7370cf79ae421b6f85cc554c34b933caf	v2.4.2..v2.5.4	v2.5.0: fixed a few typos	core/src/main/assets/messages/actors/actors.properties;core/src/main/assets/messages/items/items.properties	localization
52aa38780f817b6516b541d31ebef25e6a30c5f7	v2.4.2..v2.5.4	v2.5.0: expanded catalogs to include bestiary and lore sections	core/src/main/assets/messages/actors/actors.properties;core/src/main/assets/messages/items/items.properties;core/src/main/assets/messages/levels/levels.properties;core/src/main/assets/messages/windows/windows.properties;core/src/main/assets/sprites/items.png;core/src/main/java/com/shatteredpixel/shatteredpixeldungeon/actors/hero/abilities/huntress/SpiritHawk.java;core/src/main/java/com/shatteredpixel/shatteredpixeldungeon/actors/hero/abilities/rogue/ShadowClone.java;core/src/main/java/com/shatteredpixel/shatteredpixeldungeon/actors/mobs/ArmoredStatue.java;core/src/main/java/com/shatteredpixel/shatteredpixeldungeon/actors/mobs/Mob.java;core/src/main/java/com/shatteredpixel/shatteredpixeldungeon/actors/mobs/npcs/MirrorImage.java;core/src/main/java/com/shatteredpixel/shatteredpixeldungeon/actors/mobs/npcs/PrismaticImage.java;core/src/main/java/com/shatteredpixel/shatteredpixeldungeon/actors/mobs/Statue.java;core/src/main/java/com/shatteredpixel/shatteredpixeldungeon/items/wands/WandOfLivingEarth.java;core/src/main/java/com/shatteredpixel/shatteredpixeldungeon/items/wands/WandOfRegrowth.java;core/src/main/java/com/shatteredpixel/shatteredpixeldungeon/items/wands/WandOfWarding.java;core/src/main/java/com/shatteredpixel/shatteredpixeldungeon/journal/Bestiary.java;core/src/main/java/com/shatteredpixel/shatteredpixeldungeon/journal/Catalog.java;core/src/main/java/com/shatteredpixel/shatteredpixeldungeon/sprites/ItemSpriteSheet.java;core/src/main/java/com/shatteredpixel/shatteredpixeldungeon/sprites/PrismaticSprite.java;core/src/main/java/com/shatteredpixel/shatteredpixeldungeon/tiles/TerrainFeaturesTilemap.java;core/src/main/java/com/shatteredpixel/shatteredpixeldungeon/ui/ScrollingGridPane.java;core/src/main/java/com/shatteredpixel/shatteredpixeldungeon/windows/WndJournal.java;core/src/main/java/com/shatteredpixel/shatteredpixeldungeon/windows/WndJournalItem.java	slice2-candidate
018039a53c8ab463f01af03115d099302c5392f3	v2.4.2..v2.5.4	v2.5.0: expanded the bestiary to include plants and traps	core/src/main/assets/messages/journal/journal.properties;core/src/main/java/com/shatteredpixel/shatteredpixeldungeon/actors/buffs/AllyBuff.java;core/src/main/java/com/shatteredpixel/shatteredpixeldungeon/items/spells/ReclaimTrap.java;core/src/main/java/com/shatteredpixel/shatteredpixeldungeon/journal/Bestiary.java;core/src/main/java/com/shatteredpixel/shatteredpixeldungeon/levels/traps/DistortionTrap.java;core/src/main/java/com/shatteredpixel/shatteredpixeldungeon/levels/traps/FlockTrap.java;core/src/main/java/com/shatteredpixel/shatteredpixeldungeon/levels/traps/SummoningTrap.java;core/src/main/java/com/shatteredpixel/shatteredpixeldungeon/levels/traps/Trap.java;core/src/main/java/com/shatteredpixel/shatteredpixeldungeon/plants/Plant.java	slice2-candidate
2f3ace353e4612667d7f9b104938ff97d8a190a8	v2.4.2..v2.5.4	v2.5.0: added a bestiary to the journal, which tracks mob&npc encounters	core/src/main/assets/messages/journal/journal.properties;core/src/main/java/com/shatteredpixel/shatteredpixeldungeon/actors/buffs/AllyBuff.java;core/src/main/java/com/shatteredpixel/shatteredpixeldungeon/actors/mobs/Mob.java;core/src/main/java/com/shatteredpixel/shatteredpixeldungeon/actors/mobs/npcs/NPC.java;core/src/main/java/com/shatteredpixel/shatteredpixeldungeon/actors/mobs/npcs/Sheep.java;core/src/main/java/com/shatteredpixel/shatteredpixeldungeon/journal/Bestiary.java;core/src/main/java/com/shatteredpixel/shatteredpixeldungeon/journal/Catalog.java;core/src/main/java/com/shatteredpixel/shatteredpixeldungeon/journal/Journal.java;core/src/main/java/com/shatteredpixel/shatteredpixeldungeon/levels/rooms/special/SentryRoom.java	slice2-candidate
16977c4181e223ebc3cac10ace9f38d052cff32d	v2.4.2..v2.5.4	v2.5.0: merged spawning logic into one class (freeing up bestiary)	core/src/main/java/com/shatteredpixel/shatteredpixeldungeon/actors/mobs/Bestiary.java;core/src/main/java/com/shatteredpixel/shatteredpixeldungeon/actors/mobs/MobSpawner.java;core/src/main/java/com/shatteredpixel/shatteredpixeldungeon/levels/Level.java;core/src/main/java/com/shatteredpixel/shatteredpixeldungeon/levels/traps/DistortionTrap.java;core/src/main/java/com/shatteredpixel/shatteredpixeldungeon/ShatteredPixelDungeon.java	slice2-candidate
a3f2ab7a896da8b9688e5b140732cfef815fafe1	v2.4.2..v2.5.4	v2.5.0: more thoroughly filled out equipment and consumable catalog tabs	core/src/main/assets/messages/windows/windows.properties;core/src/main/java/com/shatteredpixel/shatteredpixeldungeon/actors/hero/HeroClass.java;core/src/main/java/com/shatteredpixel/shatteredpixeldungeon/items/armor/Armor.java;core/src/main/java/com/shatteredpixel/shatteredpixeldungeon/items/artifacts/DriedRose.java;core/src/main/java/com/shatteredpixel/shatteredpixeldungeon/items/artifacts/TimekeepersHourglass.java;core/src/main/java/com/shatteredpixel/shatteredpixeldungeon/items/Dewdrop.java;core/src/main/java/com/shatteredpixel/shatteredpixeldungeon/items/EnergyCrystal.java;core/src/main/java/com/shatteredpixel/shatteredpixeldungeon/items/Gold.java;core/src/main/java/com/shatteredpixel/shatteredpixeldungeon/items/Item.java;core/src/main/java/com/shatteredpixel/shatteredpixeldungeon/items/keys/Key.java;core/src/main/java/com/shatteredpixel/shatteredpixeldungeon/items/weapon/Weapon.java;core/src/main/java/com/shatteredpixel/shatteredpixeldungeon/journal/Catalog.java;core/src/main/java/com/shatteredpixel/shatteredpixeldungeon/sprites/ItemSprite.java;core/src/main/java/com/shatteredpixel/shatteredpixeldungeon/ui/ScrollingGridPane.java;core/src/main/java/com/shatteredpixel/shatteredpixeldungeon/windows/WndJournal.java	slice2-candidate
6a313b1355ea72c0bf5d64db444f6f6d23c93710	v2.4.2..v2.5.4	v2.5.0: big expansion and some code improvements to catalogs	core/src/main/assets/messages/journal/journal.properties;core/src/main/java/com/shatteredpixel/shatteredpixeldungeon/items/Generator.java;core/src/main/java/com/shatteredpixel/shatteredpixeldungeon/items/potions/exotic/ExoticPotion.java;core/src/main/java/com/shatteredpixel/shatteredpixeldungeon/items/scrolls/exotic/ExoticScroll.java;core/src/main/java/com/shatteredpixel/shatteredpixeldungeon/items/weapon/missiles/darts/TippedDart.java;core/src/main/java/com/shatteredpixel/shatteredpixeldungeon/journal/Catalog.java;core/src/main/java/com/shatteredpixel/shatteredpixeldungeon/windows/WndJournal.java	slice2-candidate
39209884f33761e20e372c053cd96617ab23a767	v2.4.2..v2.5.4	v2.5.0: completely overhauled catalog UI, now uses a grid!	core/src/main/assets/messages/journal/journal.properties;core/src/main/assets/messages/windows/windows.properties;core/src/main/java/com/shatteredpixel/shatteredpixeldungeon/Badges.java;core/src/main/java/com/shatteredpixel/shatteredpixeldungeon/journal/Catalog.java;core/src/main/java/com/shatteredpixel/shatteredpixeldungeon/ui/ScrollingGridPane.java;core/src/main/java/com/shatteredpixel/shatteredpixeldungeon/windows/WndJournal.java	slice2-candidate
9d817725eb9257ca5d989c18140161893f3347dc	v2.4.2..v2.5.4	v2.5.0: fixed image copy not copying color value changes	SPD-classes/src/main/java/com/watabou/noosa/Image.java	general
d7d2809776147d4a1f09095c830d971d8ac7cf8b	v2.3.2..v2.4.2	v2.4.2: updated translations, changelog, and version for v2.4.2 release!	build.gradle;core/src/main/assets/messages/actors/actors_be.properties;core/src/main/assets/messages/actors/actors_cs.properties;core/src/main/assets/messages/actors/actors_de.properties;core/src/main/assets/messages/actors/actors_el.properties;core/src/main/assets/messages/actors/actors_es.properties;core/src/main/assets/messages/actors/actors_fr.properties;core/src/main/assets/messages/actors/actors_hu.properties;core/src/main/assets/messages/actors/actors_in.properties;core/src/main/assets/messages/actors/actors_it.properties;core/src/main/assets/messages/actors/actors_ko.properties;core/src/main/assets/messages/actors/actors_nl.properties;core/src/main/assets/messages/actors/actors_pl.properties;core/src/main/assets/messages/actors/actors_pt.properties;core/src/main/assets/messages/actors/actors_ru.properties;core/src/main/assets/messages/actors/actors_tr.properties;core/src/main/assets/messages/actors/actors_uk.properties;core/src/main/assets/messages/actors/actors_vi.properties;core/src/main/assets/messages/actors/actors_zh.properties;core/src/main/assets/messages/actors/actors.properties;core/src/main/assets/messages/items/items_cs.properties;core/src/main/assets/messages/items/items_de.properties;core/src/main/assets/messages/items/items_es.properties;core/src/main/assets/messages/items/items_in.properties;core/src/main/assets/messages/items/items_it.properties;core/src/main/assets/messages/items/items_ko.properties;core/src/main/assets/messages/items/items_pl.properties;core/src/main/assets/messages/items/items_pt.properties;core/src/main/assets/messages/items/items_ru.properties;core/src/main/assets/messages/items/items_tr.properties;core/src/main/assets/messages/items/items_uk.properties;core/src/main/assets/messages/items/items_vi.properties;core/src/main/assets/messages/items/items_zh.properties;core/src/main/assets/messages/journal/journal_in.properties;core/src/main/assets/messages/journal/journal_tr.properties;core/src/main/assets/messages/journal/journal_uk.properties;core/src/main/assets/messages/journal/journal_zh.properties;core/src/main/assets/messages/levels/levels_ko.properties;core/src/main/assets/messages/levels/levels_pl.properties;core/src/main/assets/messages/levels/levels_tr.properties;core/src/main/assets/messages/levels/levels_zh.properties;core/src/main/assets/messages/misc/misc_ru.properties;core/src/main/assets/messages/misc/misc_tr.properties;core/src/main/assets/messages/misc/misc_uk.properties;core/src/main/assets/messages/misc/misc_vi.properties;core/src/main/assets/messages/misc/misc_zh.properties;core/src/main/assets/messages/plants/plants_zh.properties;core/src/main/assets/messages/scenes/scenes_ko.properties;core/src/main/assets/messages/scenes/scenes_pl.properties;core/src/main/assets/messages/scenes/scenes_tr.properties;core/src/main/assets/messages/scenes/scenes_vi.properties;core/src/main/assets/messages/scenes/scenes_zh.properties;core/src/main/assets/messages/ui/ui_zh.properties;core/src/main/assets/messages/windows/windows_de.properties;core/src/main/assets/messages/windows/windows_in.properties;core/src/main/assets/messages/windows/windows_ko.properties;core/src/main/assets/messages/windows/windows_ru.properties;core/src/main/assets/messages/windows/windows_tr.properties;core/src/main/assets/messages/windows/windows_zh.properties;core/src/main/java/com/shatteredpixel/shatteredpixeldungeon/messages/Languages.java;core/src/main/java/com/shatteredpixel/shatteredpixeldungeon/ui/changelist/v2_X_Changes.java	slice2-candidate
5bef46bc90040ef4b3787e89056eb7b8d8e18a99	v2.3.2..v2.4.2	v2.4.2: fixed disabled cancel button when there are leftover alch items	core/src/main/java/com/shatteredpixel/shatteredpixeldungeon/scenes/AlchemyScene.java	general
cba691799563db3f1a2c491488ec0d0b16008e88	v2.3.2..v2.4.2	v2.4.2: Fixed wondrous resin not triggering from wild magic zaps	core/src/main/java/com/shatteredpixel/shatteredpixeldungeon/actors/hero/abilities/mage/WildMagic.java	general
ff3b5eb63d0a2434dc2141b90185eef3eb798a78	v2.3.2..v2.4.2	v2.4.2: DK now only kills allied minions of his on phase 1 -> 2	core/src/main/java/com/shatteredpixel/shatteredpixeldungeon/actors/mobs/DwarfKing.java	general
bee9767987b807b553f40949abe51aa31e4032bf	v2.3.2..v2.4.2	v2.4.2: fixed cases where champion ability tag sprites wouldn't update	core/src/main/java/com/shatteredpixel/shatteredpixeldungeon/items/KindOfWeapon.java;core/src/main/java/com/shatteredpixel/shatteredpixeldungeon/items/weapon/melee/MeleeWeapon.java;core/src/main/java/com/shatteredpixel/shatteredpixeldungeon/levels/traps/DisarmingTrap.java;core/src/main/java/com/shatteredpixel/shatteredpixeldungeon/scenes/GameScene.java	general
d636d6420dd74b0675ec527bc4861cfcbe8043c6	v2.3.2..v2.4.2	v2.4.2: improved clarity for new gladiator and monk short descs	core/src/main/assets/messages/actors/actors.properties	localization
de248a03ebb8ae1479628edb777e6a6879e8cda6	v2.3.2..v2.4.2	v2.4.2: increased some window widths in landscape	core/src/main/java/com/shatteredpixel/shatteredpixeldungeon/windows/WndBlacksmith.java;core/src/main/java/com/shatteredpixel/shatteredpixeldungeon/windows/WndCombo.java;core/src/main/java/com/shatteredpixel/shatteredpixeldungeon/windows/WndMonkAbilities.java	general
20ebed411be72728a3c27ee8ba9bf8d451ae4ada	v2.3.2..v2.4.2	v2.4.2: dieing necromancers now only kill minions aligned to them	core/src/main/java/com/shatteredpixel/shatteredpixeldungeon/actors/mobs/Necromancer.java;core/src/main/java/com/shatteredpixel/shatteredpixeldungeon/actors/mobs/SpectralNecromancer.java	general
0cd5e7975d414b47e4a43769fc76571171fb8b9f	v2.3.2..v2.4.2	v2.4.2: fixed dagger blink ability calling hero.next early	core/src/main/java/com/shatteredpixel/shatteredpixeldungeon/items/weapon/melee/Dagger.java	general
c7337e90c1df05d4c7f693214108f6cac1f9d8ca	v2.3.2..v2.4.2	v2.4.2: cursed wands can no longer sheepify important NPCs	core/src/main/java/com/shatteredpixel/shatteredpixeldungeon/items/wands/CursedWand.java	slice2-candidate
753b340f064e5de5c3c8830ba3ba434a42e64cf1	v2.3.2..v2.4.2	v2.4.2: balance changes: - buffed provoked anger to 2|3 damage from 1-2|2 dmg - accelerated Duelist max charge gain. caps at lvl 19 from 25 - spin ability dmg boost up to 8+lvl from 6+lvl - runic slash ability base enchant boost up to 300% from 200% - harvest ability bleed up by ~30%, now damages bleed-immune enemies	core/src/main/assets/messages/actors/actors.properties;core/src/main/assets/messages/items/items.properties;core/src/main/java/com/shatteredpixel/shatteredpixeldungeon/actors/Char.java;core/src/main/java/com/shatteredpixel/shatteredpixeldungeon/actors/hero/Talent.java;core/src/main/java/com/shatteredpixel/shatteredpixeldungeon/items/weapon/melee/Flail.java;core/src/main/java/com/shatteredpixel/shatteredpixeldungeon/items/weapon/melee/MeleeWeapon.java;core/src/main/java/com/shatteredpixel/shatteredpixeldungeon/items/weapon/melee/RunicBlade.java;core/src/main/java/com/shatteredpixel/shatteredpixeldungeon/items/weapon/melee/Sickle.java;core/src/main/java/com/shatteredpixel/shatteredpixeldungeon/items/weapon/melee/WarScythe.java	hotspot
70e0f5d7f80b4f0c382894c5a469e17afe2cefb5	v2.3.2..v2.4.2	v2.4.2: fixed duration on lingering magic going past 5	core/src/main/java/com/shatteredpixel/shatteredpixeldungeon/items/wands/Wand.java	general
4e8118cde20da717c42cfa65ace8b9cd59032236	v2.3.2..v2.4.2	v2.4.2: fixed blob turn cancel on add not working on UI functions	core/src/main/java/com/shatteredpixel/shatteredpixeldungeon/actors/Actor.java	hotspot
7d225041b31e1ab3973b1cdb7f3d61c22f90690d	v2.3.2..v2.4.2	v2.4.2: added a safety check for the range of buff icon fading values	core/src/main/java/com/shatteredpixel/shatteredpixeldungeon/ui/BuffIndicator.java	general
11dd2e9cd058065607608f4ce353922dd7890fe6	v2.3.2..v2.4.2	v2.4.1: updated translations, version, and changelog for v2.4.1 release	build.gradle;core/src/main/assets/messages/actors/actors_de.properties;core/src/main/assets/messages/actors/actors_el.properties;core/src/main/assets/messages/actors/actors_in.properties;core/src/main/assets/messages/actors/actors_it.properties;core/src/main/assets/messages/actors/actors_ja.properties;core/src/main/assets/messages/actors/actors_nl.properties;core/src/main/assets/messages/actors/actors_pl.properties;core/src/main/assets/messages/actors/actors_ru.properties;core/src/main/assets/messages/actors/actors_vi.properties;core/src/main/assets/messages/actors/actors_zh.properties;core/src/main/assets/messages/items/items_de.properties;core/src/main/assets/messages/items/items_el.properties;core/src/main/assets/messages/items/items_fr.properties;core/src/main/assets/messages/items/items_in.properties;core/src/main/assets/messages/items/items_it.properties;core/src/main/assets/messages/items/items_ja.properties;core/src/main/assets/messages/items/items_nl.properties;core/src/main/assets/messages/items/items_pl.properties;core/src/main/assets/messages/items/items_ru.properties;core/src/main/assets/messages/items/items_tr.properties;core/src/main/assets/messages/items/items_vi.properties;core/src/main/assets/messages/items/items_zh.properties;core/src/main/assets/messages/journal/journal_in.properties;core/src/main/assets/messages/journal/journal_pl.properties;core/src/main/assets/messages/journal/journal_ru.properties;core/src/main/assets/messages/journal/journal_vi.properties;core/src/main/assets/messages/journal/journal_zh.properties;core/src/main/assets/messages/levels/levels_fr.properties;core/src/main/assets/messages/levels/levels_in.properties;core/src/main/assets/messages/levels/levels_it.properties;core/src/main/assets/messages/levels/levels_nl.properties;core/src/main/assets/messages/levels/levels_pl.properties;core/src/main/assets/messages/levels/levels_vi.properties;core/src/main/assets/messages/levels/levels_zh.properties;core/src/main/assets/messages/misc/misc_el.properties;core/src/main/assets/messages/misc/misc_in.properties;core/src/main/assets/messages/misc/misc_pl.properties;core/src/main/assets/messages/misc/misc_vi.properties;core/src/main/assets/messages/misc/misc_zh.properties;core/src/main/assets/messages/plants/plants_el.properties;core/src/main/assets/messages/plants/plants_pl.properties;core/src/main/assets/messages/plants/plants_zh.properties;core/src/main/assets/messages/scenes/scenes_in.properties;core/src/main/assets/messages/scenes/scenes_pl.properties;core/src/main/assets/messages/scenes/scenes_vi.properties;core/src/main/assets/messages/scenes/scenes_zh.properties;core/src/main/assets/messages/ui/ui_zh.properties;core/src/main/assets/messages/windows/windows_in.properties;core/src/main/assets/messages/windows/windows_pl.properties;core/src/main/assets/messages/windows/windows_vi.properties;core/src/main/assets/messages/windows/windows_zh.properties;core/src/main/java/com/shatteredpixel/shatteredpixeldungeon/messages/Languages.java;core/src/main/java/com/shatteredpixel/shatteredpixeldungeon/scenes/TitleScene.java;core/src/main/java/com/shatteredpixel/shatteredpixeldungeon/scenes/WelcomeScene.java;core/src/main/java/com/shatteredpixel/shatteredpixeldungeon/ui/changelist/v2_X_Changes.java;core/src/main/java/com/shatteredpixel/shatteredpixeldungeon/windows/WndSettings.java	slice2-candidate
89e5def20c2b96a816221cce68cda600b921209c	v2.3.2..v2.4.2	v2.4.1: added a missing exception report	core/src/main/java/com/shatteredpixel/shatteredpixeldungeon/scenes/HeroSelectScene.java	general
5e336aba9e00773fca8a3e29119f1bc77d9a106a	v2.3.2..v2.4.2	v2.4.1: 13 clover, sundial, and trap mechanism upgrade costs down	core/src/main/assets/messages/items/items.properties;core/src/main/java/com/shatteredpixel/shatteredpixeldungeon/items/trinkets/DimensionalSundial.java;core/src/main/java/com/shatteredpixel/shatteredpixeldungeon/items/trinkets/ThirteenLeafClover.java;core/src/main/java/com/shatteredpixel/shatteredpixeldungeon/items/trinkets/TrapMechanism.java	slice2-candidate
228958fc4539adb56c14dd85d2a3d881dc6faabc	v2.3.2..v2.4.2	v2.4.1: reduced ebony mimic stats and increased loot	core/src/main/java/com/shatteredpixel/shatteredpixeldungeon/actors/mobs/EbonyMimic.java	general
25a48bd349d987b83748a3bd7a98769212f3f627	v2.3.2..v2.4.2	v2.4.1: increased mossy clump upgrade cost	core/src/main/java/com/shatteredpixel/shatteredpixeldungeon/items/trinkets/MossyClump.java	slice2-candidate
56e1410fbc58e06d217549fad7149d82451313cb	v2.3.2..v2.4.2	v2.4.1: adjusted damage multiplier order, mainly fixing harvest bug	core/src/main/java/com/shatteredpixel/shatteredpixeldungeon/actors/Char.java	hotspot
849fc81a91ebfeeaea327777048d46bdd873c6e5	v2.3.2..v2.4.2	v2.4.1: fixed Yog setting viewdistance to 0 on save/load at fight's end	core/src/main/java/com/shatteredpixel/shatteredpixeldungeon/actors/mobs/YogDzewa.java	general
d99b3c75d03b4ebb905edb5979a3afeaa90d0e3d	v2.3.2..v2.4.2	v2.4.1: added dev commentary for v1.3.0	core/src/main/java/com/shatteredpixel/shatteredpixeldungeon/ui/changelist/v1_X_Changes.java	general
9ab60b356af951a00483a6b43ef15ad53ae489fd	v2.3.2..v2.4.2	v2.4.1: mind visioned enemies can now be auto-targeted, but no auto-aim	core/src/main/java/com/shatteredpixel/shatteredpixeldungeon/actors/hero/Hero.java	hotspot
0ed64724d3b13091b64d4a6097d8020c76154dbe	v2.3.2..v2.4.2	v2.4.1: fixed a typo in frozen carpaccio	core/src/main/assets/messages/items/items.properties	localization
38d43220720dcbbbedbfdb62c74380a015dcc35b	v2.3.2..v2.4.2	v2.4.1: fixed ascension speed debuff triggering when > 6 stacks, not >=	core/src/main/java/com/shatteredpixel/shatteredpixeldungeon/actors/buffs/AscensionChallenge.java	general
9027f5888c2c377c24edf799e514f0698ccd8d07	v2.3.2..v2.4.2	v2.4.1: fixed locked floor not always checking for immune or invuln	core/src/main/java/com/shatteredpixel/shatteredpixeldungeon/actors/mobs/DM300.java;core/src/main/java/com/shatteredpixel/shatteredpixeldungeon/actors/mobs/DwarfKing.java;core/src/main/java/com/shatteredpixel/shatteredpixeldungeon/actors/mobs/Goo.java;core/src/main/java/com/shatteredpixel/shatteredpixeldungeon/actors/mobs/Pylon.java;core/src/main/java/com/shatteredpixel/shatteredpixeldungeon/actors/mobs/Tengu.java;core/src/main/java/com/shatteredpixel/shatteredpixeldungeon/actors/mobs/YogDzewa.java;core/src/main/java/com/shatteredpixel/shatteredpixeldungeon/actors/mobs/YogFist.java	general
2f5531339b1c73baa2c782f1786ad7b41b464875	v2.3.2..v2.4.2	v2.4.1: fixed swiftness glyph deactivating around neutral mobs	core/src/main/java/com/shatteredpixel/shatteredpixeldungeon/items/armor/Armor.java	general
4b836591bfd8ace2a845934d6b414c93e95ac407	v2.3.2..v2.4.2	v2.4.1: fixed recent errors if DM-300 took massive amounts of damage	core/src/main/java/com/shatteredpixel/shatteredpixeldungeon/actors/mobs/DM300.java	general
f948a6f6c4693f1f68c024100776782cc2f6c008	v2.3.2..v2.4.2	v2.4.1: fixed random scaling on bubbles not aligning with view scale	core/src/main/java/com/shatteredpixel/shatteredpixeldungeon/effects/Speck.java	general
71ed090f29df1502dd80cf6dbca8fdf9a77b16e1	v2.3.2..v2.4.2	v2.4.1: fixed various minor typos	core/src/main/assets/messages/actors/actors.properties;core/src/main/assets/messages/items/items.properties	localization
862b152caabff40b6042690a486019497eabba65	v2.3.2..v2.4.2	v2.4.1: fixed saves from prior to v2.4 not resetting generators	core/src/main/java/com/shatteredpixel/shatteredpixeldungeon/items/Generator.java	general
c9c63803492878a7fab35c2be3b74219440de9d2	v2.3.2..v2.4.2	v2.4.1: added rounding error fix to turn display on time freeze buffs	core/src/main/java/com/shatteredpixel/shatteredpixeldungeon/items/artifacts/TimekeepersHourglass.java;core/src/main/java/com/shatteredpixel/shatteredpixeldungeon/plants/Swiftthistle.java	general
1f6b82b6228f5aaf63f73419284b3501862388d0	v2.3.2..v2.4.2	v2.4.0: updated translations, changelog, and version for v2.4.0 release!	build.gradle;core/src/main/assets/messages/actors/actors_de.properties;core/src/main/assets/messages/actors/actors_zh.properties;core/src/main/assets/messages/items/items_zh.properties;core/src/main/assets/messages/journal/journal_zh.properties;core/src/main/assets/messages/levels/levels_zh.properties;core/src/main/assets/messages/misc/misc_zh.properties;core/src/main/assets/messages/scenes/scenes_zh.properties;core/src/main/assets/messages/ui/ui_zh.properties;core/src/main/assets/messages/windows/windows_uk.properties;core/src/main/assets/messages/windows/windows_zh.properties;core/src/main/java/com/shatteredpixel/shatteredpixeldungeon/scenes/WelcomeScene.java;core/src/main/java/com/shatteredpixel/shatteredpixeldungeon/ShatteredPixelDungeon.java;core/src/main/java/com/shatteredpixel/shatteredpixeldungeon/ui/changelist/v2_X_Changes.java	slice2-candidate
f06e61996fdd66f94c1d7cf4c275c62b895e6570	v2.3.2..v2.4.2	v2.4.0: updated translations, changelog, and version for RC-2	build.gradle;core/src/main/assets/messages/actors/actors_de.properties;core/src/main/assets/messages/actors/actors_zh.properties;core/src/main/assets/messages/items/items_zh.properties;core/src/main/assets/messages/levels/levels_zh.properties;core/src/main/java/com/shatteredpixel/shatteredpixeldungeon/ui/changelist/v2_X_Changes.java	docs
29cca96a471d1794ebe9c8471882fec080cbe4e7	v2.3.2..v2.4.2	v2.4.0: fixed trinket catalyst spawning after sewers on existing runs	core/src/main/java/com/shatteredpixel/shatteredpixeldungeon/Dungeon.java	slice2-candidate
dded8c981a894deb24063570f1c84d564014ff7c	v2.3.2..v2.4.2	v2.4.0: fixed recent DM-300 change causing an extra pylon activation	core/src/main/java/com/shatteredpixel/shatteredpixeldungeon/actors/mobs/DM300.java	general
55950ce6a334929b3fc5be0e374218694940073a	v2.3.2..v2.4.2	v2.4.0: fixed king's crown not preserving armor harden	core/src/main/java/com/shatteredpixel/shatteredpixeldungeon/items/armor/ClassArmor.java	general
91d392e0638dda0dba9d26b44ed4855285d0f620	v2.3.2..v2.4.2	v2.4.0: updated version, changelog, and translations for RC-1	build.gradle;core/src/main/assets/messages/actors/actors_cs.properties;core/src/main/assets/messages/actors/actors_de.properties;core/src/main/assets/messages/actors/actors_el.properties;core/src/main/assets/messages/actors/actors_es.properties;core/src/main/assets/messages/actors/actors_fr.properties;core/src/main/assets/messages/actors/actors_hu.properties;core/src/main/assets/messages/actors/actors_in.properties;core/src/main/assets/messages/actors/actors_ja.properties;core/src/main/assets/messages/actors/actors_ko.properties;core/src/main/assets/messages/actors/actors_pt.properties;core/src/main/assets/messages/actors/actors_ru.properties;core/src/main/assets/messages/actors/actors_tr.properties;core/src/main/assets/messages/actors/actors_vi.properties;core/src/main/assets/messages/actors/actors_zh.properties;core/src/main/assets/messages/items/items_cs.properties;core/src/main/assets/messages/items/items_el.properties;core/src/main/assets/messages/items/items_es.properties;core/src/main/assets/messages/items/items_hu.properties;core/src/main/assets/messages/items/items_in.properties;core/src/main/assets/messages/items/items_ja.properties;core/src/main/assets/messages/items/items_ko.properties;core/src/main/assets/messages/items/items_pt.properties;core/src/main/assets/messages/items/items_ru.properties;core/src/main/assets/messages/items/items_zh.properties;core/src/main/assets/messages/journal/journal_el.properties;core/src/main/assets/messages/journal/journal_es.properties;core/src/main/assets/messages/journal/journal_pl.properties;core/src/main/assets/messages/journal/journal_ru.properties;core/src/main/assets/messages/journal/journal_zh.properties;core/src/main/assets/messages/levels/levels_cs.properties;core/src/main/assets/messages/levels/levels_el.properties;core/src/main/assets/messages/levels/levels_es.properties;core/src/main/assets/messages/levels/levels_hu.properties;core/src/main/assets/messages/levels/levels_ja.properties;core/src/main/assets/messages/levels/levels_ko.properties;core/src/main/assets/messages/levels/levels_pt.properties;core/src/main/assets/messages/levels/levels_ru.properties;core/src/main/assets/messages/levels/levels_zh.properties;core/src/main/assets/messages/misc/misc_zh.properties;core/src/main/assets/messages/plants/plants_zh.properties;core/src/main/assets/messages/scenes/scenes_es.properties;core/src/main/assets/messages/scenes/scenes_in.properties;core/src/main/assets/messages/windows/windows_el.properties;core/src/main/assets/messages/windows/windows_es.properties;core/src/main/assets/messages/windows/windows_zh.properties;core/src/main/java/com/shatteredpixel/shatteredpixeldungeon/messages/Languages.java;core/src/main/java/com/shatteredpixel/shatteredpixeldungeon/scenes/WelcomeScene.java;core/src/main/java/com/shatteredpixel/shatteredpixeldungeon/ui/changelist/v2_X_Changes.java	slice2-candidate
523a37df5afacc1cc565b7aa64eee4138a605477	v2.3.2..v2.4.2	v2.4.0: cursed cursed wand sheep effect not dropping them to chasms	core/src/main/java/com/shatteredpixel/shatteredpixeldungeon/items/wands/CursedWand.java	slice2-candidate
d633a10b3d69d9fb1fda8cf8e6aa37a12b244397	v2.3.2..v2.4.2	v2.4.0: adjusted extra charge gain logic for armband, fixing log spam	core/src/main/java/com/shatteredpixel/shatteredpixeldungeon/items/artifacts/MasterThievesArmband.java	general
e56a2bfd637ccb96750b65bb9b288467796c8fe8	v2.3.2..v2.4.2	v2.4.0: fixed a crash when loading with ebony mimics	core/src/main/java/com/shatteredpixel/shatteredpixeldungeon/actors/mobs/EbonyMimic.java	general
ddc40523d2611763dd9fa59111755be2c40bde4a	v2.3.2..v2.4.2	v2.4.0: adjusted desktop error message due to window creation errors	desktop/src/main/java/com/shatteredpixel/shatteredpixeldungeon/desktop/DesktopLauncher.java	platform
820290eb1a15aeae64468d92adf358fdde1a2727	v2.3.2..v2.4.2	v2.4.0: fixed inconsistent text in inscribed talents	core/src/main/assets/messages/actors/actors.properties	localization
495488026f1c0270176b9e27f228a6bf91c1d085	v2.3.2..v2.4.2	v2.4.0: fixed DM-300 HP thresholds using < instead of <=	core/src/main/java/com/shatteredpixel/shatteredpixeldungeon/actors/mobs/DM300.java	general
4a9a48d23f847fd39d63a968acd9820bd3da62cc	v2.3.2..v2.4.2	v2.4.0: fixed mossy clump upgrade cost not actually being increased =S	core/src/main/java/com/shatteredpixel/shatteredpixeldungeon/items/trinkets/MossyClump.java	slice2-candidate
51d0d27c29948ba9e1215e9b64b2f8a1ed12e386	v2.3.2..v2.4.2	v2.4.0: fixed growing champion desc saying 'melee' instead of 'physical'	core/src/main/assets/messages/actors/actors.properties	localization
be01f3fdfe2f3ca409a8a4a88ae0f1d34c820dd0	v2.3.2..v2.4.2	v2.4.0: adjusted wording on wand empower and physical empower	core/src/main/assets/messages/actors/actors.properties;core/src/main/assets/messages/items/items.properties	localization
a8c429c9f89e685b3ba40c9fdba6ac11cb56f38b	v2.3.2..v2.4.2	v2.4.0: fixed elastic enchant and spike ability competing with eachother	core/src/main/java/com/shatteredpixel/shatteredpixeldungeon/effects/Pushing.java;core/src/main/java/com/shatteredpixel/shatteredpixeldungeon/items/weapon/melee/Spear.java	general
951a4c5fb82a7d1417d7fadb6d8b0a47067b54fe	v2.3.2..v2.4.2	v2.4.0: fixed stone of fear applying to hero & allies	core/src/main/java/com/shatteredpixel/shatteredpixeldungeon/items/stones/StoneOfFear.java	general
83467489ba2bb5a3be53469e3d376bf02337e3ae	v2.3.2..v2.4.2	v2.4.0: fixed some bugs in wondrous resin cursed wand effects	core/src/main/java/com/shatteredpixel/shatteredpixeldungeon/items/scrolls/exotic/ScrollOfMetamorphosis.java;core/src/main/java/com/shatteredpixel/shatteredpixeldungeon/items/wands/CursedWand.java	slice2-candidate
41022d2b9bad8a3dda3ae1f172f8472665024ade	v2.3.2..v2.4.2	v2.4.0: fixed wandmaker always appearing on floor 7	core/src/main/java/com/shatteredpixel/shatteredpixeldungeon/actors/mobs/npcs/Wandmaker.java	general
c718e49360b7c0b84f20868648d98363ab995a92	v2.3.2..v2.4.2	v2.4.0: updated version, changelog, and translations for BETA-3	build.gradle;core/src/main/assets/messages/actors/actors_be.properties;core/src/main/assets/messages/actors/actors_cs.properties;core/src/main/assets/messages/actors/actors_de.properties;core/src/main/assets/messages/actors/actors_el.properties;core/src/main/assets/messages/actors/actors_es.properties;core/src/main/assets/messages/actors/actors_fr.properties;core/src/main/assets/messages/actors/actors_hu.properties;core/src/main/assets/messages/actors/actors_in.properties;core/src/main/assets/messages/actors/actors_it.properties;core/src/main/assets/messages/actors/actors_ja.properties;core/src/main/assets/messages/actors/actors_ko.properties;core/src/main/assets/messages/actors/actors_nl.properties;core/src/main/assets/messages/actors/actors_pl.properties;core/src/main/assets/messages/actors/actors_pt.properties;core/src/main/assets/messages/actors/actors_ru.properties;core/src/main/assets/messages/actors/actors_tr.properties;core/src/main/assets/messages/actors/actors_zh.properties;core/src/main/assets/messages/items/items_cs.properties;core/src/main/assets/messages/items/items_el.properties;core/src/main/assets/messages/items/items_es.properties;core/src/main/assets/messages/items/items_fr.properties;core/src/main/assets/messages/items/items_hu.properties;core/src/main/assets/messages/items/items_in.properties;core/src/main/assets/messages/items/items_it.properties;core/src/main/assets/messages/items/items_ja.properties;core/src/main/assets/messages/items/items_ko.properties;core/src/main/assets/messages/items/items_nl.properties;core/src/main/assets/messages/items/items_pl.properties;core/src/main/assets/messages/items/items_pt.properties;core/src/main/assets/messages/items/items_ru.properties;core/src/main/assets/messages/items/items_zh.properties;core/src/main/assets/messages/journal/journal_cs.properties;core/src/main/assets/messages/journal/journal_el.properties;core/src/main/assets/messages/journal/journal_fr.properties;core/src/main/assets/messages/journal/journal_in.properties;core/src/main/assets/messages/journal/journal_ko.properties;core/src/main/assets/messages/journal/journal_nl.properties;core/src/main/assets/messages/journal/journal_pt.properties;core/src/main/assets/messages/journal/journal_ru.properties;core/src/main/assets/messages/journal/journal_zh.properties;core/src/main/assets/messages/levels/levels_be.properties;core/src/main/assets/messages/levels/levels_cs.properties;core/src/main/assets/messages/levels/levels_de.properties;core/src/main/assets/messages/levels/levels_el.properties;core/src/main/assets/messages/levels/levels_es.properties;core/src/main/assets/messages/levels/levels_fr.properties;core/src/main/assets/messages/levels/levels_hu.properties;core/src/main/assets/messages/levels/levels_in.properties;core/src/main/assets/messages/levels/levels_it.properties;core/src/main/assets/messages/levels/levels_ja.properties;core/src/main/assets/messages/levels/levels_ko.properties;core/src/main/assets/messages/levels/levels_nl.properties;core/src/main/assets/messages/levels/levels_pl.properties;core/src/main/assets/messages/levels/levels_pt.properties;core/src/main/assets/messages/levels/levels_ru.properties;core/src/main/assets/messages/levels/levels_tr.properties;core/src/main/assets/messages/levels/levels_uk.properties;core/src/main/assets/messages/levels/levels_vi.properties;core/src/main/assets/messages/levels/levels_zh.properties;core/src/main/assets/messages/misc/misc_ko.properties;core/src/main/assets/messages/misc/misc_nl.properties;core/src/main/assets/messages/misc/misc_pt.properties;core/src/main/assets/messages/misc/misc_ru.properties;core/src/main/assets/messages/misc/misc_zh.properties;core/src/main/assets/messages/plants/plants_zh.properties;core/src/main/assets/messages/scenes/scenes_cs.properties;core/src/main/assets/messages/scenes/scenes_el.properties;core/src/main/assets/messages/scenes/scenes_es.properties;core/src/main/assets/messages/scenes/scenes_fr.properties;core/src/main/assets/messages/scenes/scenes_ja.properties;core/src/main/assets/messages/scenes/scenes_ko.properties;core/src/main/assets/messages/scenes/scenes_pt.properties;core/src/main/assets/messages/scenes/scenes_ru.properties;core/src/main/assets/messages/scenes/scenes_zh.properties;core/src/main/assets/messages/windows/windows_el.properties;core/src/main/assets/messages/windows/windows_in.properties;core/src/main/assets/messages/windows/windows_ko.properties;core/src/main/assets/messages/windows/windows_pt.properties;core/src/main/assets/messages/windows/windows_uk.properties;core/src/main/assets/messages/windows/windows_zh.properties;core/src/main/java/com/shatteredpixel/shatteredpixeldungeon/messages/Languages.java;core/src/main/java/com/shatteredpixel/shatteredpixeldungeon/ui/changelist/v2_X_Changes.java	slice2-candidate
deb9f1a611420aef28b9149c75473df4e1c1fa16	v2.3.2..v2.4.2	v2.4.0: fixed a typo in hearty meal desc	core/src/main/assets/messages/actors/actors.properties	localization
e0c6daa43b158457915256a9e95cb3b3bed0ffa4	v2.3.2..v2.4.2	v2.4.0: added some positive variant cursed wand fx for wondrous resin	core/src/main/assets/messages/items/items.properties;core/src/main/java/com/shatteredpixel/shatteredpixeldungeon/items/scrolls/exotic/ScrollOfMetamorphosis.java;core/src/main/java/com/shatteredpixel/shatteredpixeldungeon/items/wands/CursedWand.java	slice2-candidate
fae26b61ae0af8d5d65a757795b9d4e58c4e9e55	v2.3.2..v2.4.2	v2.4.0: trinket balance adjustments: - upgrade cost for clover and sundial down - upgrade cost for mossy clump up - reduced bonus drops from petrified seed to 8.33%/lvl from 13.33%/lvl	core/src/main/assets/messages/items/items.properties;core/src/main/java/com/shatteredpixel/shatteredpixeldungeon/items/trinkets/DimensionalSundial.java;core/src/main/java/com/shatteredpixel/shatteredpixeldungeon/items/trinkets/MossyClump.java;core/src/main/java/com/shatteredpixel/shatteredpixeldungeon/items/trinkets/PetrifiedSeed.java;core/src/main/java/com/shatteredpixel/shatteredpixeldungeon/items/trinkets/ThirteenLeafClover.java	slice2-candidate
9311cc298f60c8bedc08cb09a619405e7db0fd14	v2.3.2..v2.4.2	v2.4.0: implemented the eye of newt trinket	core/src/main/assets/messages/items/items.properties;core/src/main/assets/sprites/items.png;core/src/main/java/com/shatteredpixel/shatteredpixeldungeon/Dungeon.java;core/src/main/java/com/shatteredpixel/shatteredpixeldungeon/items/Generator.java;core/src/main/java/com/shatteredpixel/shatteredpixeldungeon/items/trinkets/EyeOfNewt.java;core/src/main/java/com/shatteredpixel/shatteredpixeldungeon/levels/Level.java;core/src/main/java/com/shatteredpixel/shatteredpixeldungeon/sprites/ItemSpriteSheet.java	slice2-candidate
f278a609290ff5f71d0061b2bfa2ab1552f65db6	v2.3.2..v2.4.2	v2.4.0: mostly implemented the wondrous resin trinket	core/src/main/assets/messages/items/items.properties;core/src/main/assets/sprites/items.png;core/src/main/java/com/shatteredpixel/shatteredpixeldungeon/items/Generator.java;core/src/main/java/com/shatteredpixel/shatteredpixeldungeon/items/trinkets/WondrousResin.java;core/src/main/java/com/shatteredpixel/shatteredpixeldungeon/items/wands/CursedWand.java;core/src/main/java/com/shatteredpixel/shatteredpixeldungeon/items/wands/Wand.java;core/src/main/java/com/shatteredpixel/shatteredpixeldungeon/sprites/ItemSpriteSheet.java	slice2-candidate
ef2fec4c8c2d516542e6e57047445b3375b52888	v2.3.2..v2.4.2	v2.4.0: finished impl of mimic tooth	core/src/main/assets/messages/actors/actors.properties;core/src/main/assets/messages/items/items.properties;core/src/main/assets/sprites/items.png;core/src/main/java/com/shatteredpixel/shatteredpixeldungeon/actors/mobs/EbonyMimic.java;core/src/main/java/com/shatteredpixel/shatteredpixeldungeon/actors/mobs/Mimic.java;core/src/main/java/com/shatteredpixel/shatteredpixeldungeon/items/trinkets/MimicTooth.java;core/src/main/java/com/shatteredpixel/shatteredpixeldungeon/levels/RegularLevel.java;core/src/main/java/com/shatteredpixel/shatteredpixeldungeon/sprites/ItemSpriteSheet.java;core/src/main/java/com/shatteredpixel/shatteredpixeldungeon/sprites/MimicSprite.java	slice2-candidate
d45cc9cae45807d3e1397eb6fac263256519aadc	v2.3.2..v2.4.2	v2.4.0: fixed createMobs discarding mobs it can't immediately place	core/src/main/java/com/shatteredpixel/shatteredpixeldungeon/levels/RegularLevel.java	hotspot
b9a301bba15746140fcea722b03c89dd8c6d75d9	v2.3.2..v2.4.2	v2.4.0: adjusted the description of eternal fire for better clarity	core/src/main/assets/messages/levels/levels.properties	localization
78f9e4fdb7aa68a40b131f39bdef297068ace501	v2.3.2..v2.4.2	v2.4.0: adjusted item similarity, lets alchemy repeat work on trinkets	core/src/main/java/com/shatteredpixel/shatteredpixeldungeon/items/Item.java;core/src/main/java/com/shatteredpixel/shatteredpixeldungeon/items/weapon/missiles/MissileWeapon.java	slice2-candidate
c67dc832715f8210ffd0ae52f829c7feffcc6ee5	v2.3.2..v2.4.2	v2.4.0: implemented part of new mimic tooth trinket	core/src/main/assets/messages/items/items.properties;core/src/main/assets/sprites/items.png;core/src/main/assets/sprites/mimic.png;core/src/main/java/com/shatteredpixel/shatteredpixeldungeon/actors/mobs/CrystalMimic.java;core/src/main/java/com/shatteredpixel/shatteredpixeldungeon/actors/mobs/GoldenMimic.java;core/src/main/java/com/shatteredpixel/shatteredpixeldungeon/actors/mobs/Mimic.java;core/src/main/java/com/shatteredpixel/shatteredpixeldungeon/Dungeon.java;core/src/main/java/com/shatteredpixel/shatteredpixeldungeon/items/Generator.java;core/src/main/java/com/shatteredpixel/shatteredpixeldungeon/items/trinkets/MimicTooth.java;core/src/main/java/com/shatteredpixel/shatteredpixeldungeon/levels/Level.java;core/src/main/java/com/shatteredpixel/shatteredpixeldungeon/levels/RegularLevel.java;core/src/main/java/com/shatteredpixel/shatteredpixeldungeon/levels/rooms/special/CrystalVaultRoom.java;core/src/main/java/com/shatteredpixel/shatteredpixeldungeon/levels/rooms/special/TreasuryRoom.java;core/src/main/java/com/shatteredpixel/shatteredpixeldungeon/levels/rooms/standard/SuspiciousChestRoom.java;core/src/main/java/com/shatteredpixel/shatteredpixeldungeon/scenes/GameScene.java;core/src/main/java/com/shatteredpixel/shatteredpixeldungeon/sprites/ItemSpriteSheet.java;core/src/main/java/com/shatteredpixel/shatteredpixeldungeon/sprites/MimicSprite.java	slice2-candidate
44eca648d7b3ed5cf1a8a99dcd4282a88b23785c	v2.3.2..v2.4.2	v2.4.0: fixed studded gloves not using new ability desc	core/src/main/assets/messages/items/items.properties	localization
cb18c1eee19caa3195ae609101e9fdc3ad9a25d9	v2.3.2..v2.4.2	v2.4.0: made enemy spawn logic near entrances a bit more strict	core/src/main/java/com/shatteredpixel/shatteredpixeldungeon/levels/RegularLevel.java	hotspot
995d84e53a19254bc3dacdd461f90247d9277e11	v2.3.2..v2.4.2	v2.4.0: plants are now triggered before traps when time freeze ends	core/src/main/java/com/shatteredpixel/shatteredpixeldungeon/items/artifacts/TimekeepersHourglass.java;core/src/main/java/com/shatteredpixel/shatteredpixeldungeon/plants/Swiftthistle.java	general
6f9542499611a04b2a0a241aeb4c0b9724c67b69	v2.3.2..v2.4.2	v2.4.0: fixed one tooltip in alchemy scene not being translated	core/src/main/java/com/shatteredpixel/shatteredpixeldungeon/scenes/AlchemyScene.java	general
388d21363cfae5b57489a671289cfff717fa2b3b	v2.3.2..v2.4.2	v2.4.0: fixed new entrance and exit rooms being able to connect	core/src/main/java/com/shatteredpixel/shatteredpixeldungeon/levels/rooms/Room.java;core/src/main/java/com/shatteredpixel/shatteredpixeldungeon/levels/rooms/standard/entrance/EntranceRoom.java;core/src/main/java/com/shatteredpixel/shatteredpixeldungeon/levels/rooms/standard/exit/ExitRoom.java	general
c9a3819d5aead2ff0b09f8011cfc8ffec1cdcf2e	v2.3.2..v2.4.2	v2.4.0: improved code relating to swift equip and equip times generally	core/src/main/java/com/shatteredpixel/shatteredpixeldungeon/items/armor/Armor.java;core/src/main/java/com/shatteredpixel/shatteredpixeldungeon/items/EquipableItem.java;core/src/main/java/com/shatteredpixel/shatteredpixeldungeon/items/KindofMisc.java;core/src/main/java/com/shatteredpixel/shatteredpixeldungeon/items/KindOfWeapon.java	general
27b3c9c797e620dd67169955efc0e8f41bfdc87d	v2.3.2..v2.4.2	v2.4.0: fixed longsword not using updated cleave desc	core/src/main/assets/messages/items/items.properties	localization
1e59e2b424c74b1b0e3b8b141113677230d674ca	v2.3.2..v2.4.2	v2.4.0: fixed dash unintentionally not cancelling when targeting chars	core/src/main/java/com/shatteredpixel/shatteredpixeldungeon/actors/buffs/MonkEnergy.java	general
6bdac172b16854cb0c9bac3a32396c8a89173dee	v2.3.2..v2.4.2	v2.4.0: updated mobivm	build.gradle	build
605bdde4d3e4564606a6d5f1b749e41edc0d77d6	v2.3.2..v2.4.2	v2.4.0: updated version, changelog, and translations for v2.4.0	build.gradle;core/src/main/assets/messages/actors/actors_be.properties;core/src/main/assets/messages/actors/actors_cs.properties;core/src/main/assets/messages/actors/actors_de.properties;core/src/main/assets/messages/actors/actors_el.properties;core/src/main/assets/messages/actors/actors_es.properties;core/src/main/assets/messages/actors/actors_fr.properties;core/src/main/assets/messages/actors/actors_hu.properties;core/src/main/assets/messages/actors/actors_in.properties;core/src/main/assets/messages/actors/actors_it.properties;core/src/main/assets/messages/actors/actors_ja.properties;core/src/main/assets/messages/actors/actors_ko.properties;core/src/main/assets/messages/actors/actors_nl.properties;core/src/main/assets/messages/actors/actors_pl.properties;core/src/main/assets/messages/actors/actors_pt.properties;core/src/main/assets/messages/actors/actors_ru.properties;core/src/main/assets/messages/actors/actors_tr.properties;core/src/main/assets/messages/actors/actors_uk.properties;core/src/main/assets/messages/actors/actors_vi.properties;core/src/main/assets/messages/actors/actors_zh.properties;core/src/main/assets/messages/items/items_be.properties;core/src/main/assets/messages/items/items_cs.properties;core/src/main/assets/messages/items/items_de.properties;core/src/main/assets/messages/items/items_el.properties;core/src/main/assets/messages/items/items_es.properties;core/src/main/assets/messages/items/items_fr.properties;core/src/main/assets/messages/items/items_hu.properties;core/src/main/assets/messages/items/items_in.properties;core/src/main/assets/messages/items/items_it.properties;core/src/main/assets/messages/items/items_ja.properties;core/src/main/assets/messages/items/items_ko.properties;core/src/main/assets/messages/items/items_nl.properties;core/src/main/assets/messages/items/items_pl.properties;core/src/main/assets/messages/items/items_pt.properties;core/src/main/assets/messages/items/items_ru.properties;core/src/main/assets/messages/items/items_tr.properties;core/src/main/assets/messages/items/items_uk.properties;core/src/main/assets/messages/items/items_vi.properties;core/src/main/assets/messages/items/items_zh.properties;core/src/main/assets/messages/journal/journal_cs.properties;core/src/main/assets/messages/journal/journal_el.properties;core/src/main/assets/messages/journal/journal_es.properties;core/src/main/assets/messages/journal/journal_fr.properties;core/src/main/assets/messages/journal/journal_hu.properties;core/src/main/assets/messages/journal/journal_it.properties;core/src/main/assets/messages/journal/journal_ja.properties;core/src/main/assets/messages/journal/journal_nl.properties;core/src/main/assets/messages/journal/journal_ru.properties;core/src/main/assets/messages/journal/journal_zh.properties;core/src/main/assets/messages/levels/levels_cs.properties;core/src/main/assets/messages/levels/levels_el.properties;core/src/main/assets/messages/levels/levels_es.properties;core/src/main/assets/messages/levels/levels_fr.properties;core/src/main/assets/messages/levels/levels_hu.properties;core/src/main/assets/messages/levels/levels_it.properties;core/src/main/assets/messages/levels/levels_ja.properties;core/src/main/assets/messages/levels/levels_ru.properties;core/src/main/assets/messages/levels/levels_zh.properties;core/src/main/assets/messages/misc/misc_cs.properties;core/src/main/assets/messages/misc/misc_el.properties;core/src/main/assets/messages/misc/misc_es.properties;core/src/main/assets/messages/misc/misc_fr.properties;core/src/main/assets/messages/misc/misc_hu.properties;core/src/main/assets/messages/misc/misc_it.properties;core/src/main/assets/messages/misc/misc_ja.properties;core/src/main/assets/messages/misc/misc_zh.properties;core/src/main/assets/messages/scenes/scenes_cs.properties;core/src/main/assets/messages/scenes/scenes_el.properties;core/src/main/assets/messages/scenes/scenes_es.properties;core/src/main/assets/messages/scenes/scenes_fr.properties;core/src/main/assets/messages/scenes/scenes_hu.properties;core/src/main/assets/messages/scenes/scenes_it.properties;core/src/main/assets/messages/scenes/scenes_ja.properties;core/src/main/assets/messages/scenes/scenes_nl.properties;core/src/main/assets/messages/scenes/scenes_ru.properties;core/src/main/assets/messages/scenes/scenes_zh.properties;core/src/main/assets/messages/windows/windows_cs.properties;core/src/main/assets/messages/windows/windows_el.properties;core/src/main/assets/messages/windows/windows_es.properties;core/src/main/assets/messages/windows/windows_fr.properties;core/src/main/assets/messages/windows/windows_hu.properties;core/src/main/assets/messages/windows/windows_it.properties;core/src/main/assets/messages/windows/windows_ja.properties;core/src/main/assets/messages/windows/windows_nl.properties;core/src/main/assets/messages/windows/windows_ru.properties;core/src/main/assets/messages/windows/windows_zh.properties;core/src/main/java/com/shatteredpixel/shatteredpixeldungeon/ui/changelist/v2_X_Changes.java	slice2-candidate
05e1a1873663a403b7be33556c8786fee2340ac4	v2.3.2..v2.4.2	v2.4.0: increased min size of cave/chasm entrance/exit rooms	core/src/main/java/com/shatteredpixel/shatteredpixeldungeon/levels/rooms/standard/entrance/CaveEntranceRoom.java;core/src/main/java/com/shatteredpixel/shatteredpixeldungeon/levels/rooms/standard/entrance/ChasmEntranceRoom.java;core/src/main/java/com/shatteredpixel/shatteredpixeldungeon/levels/rooms/standard/exit/CaveExitRoom.java;core/src/main/java/com/shatteredpixel/shatteredpixeldungeon/levels/rooms/standard/exit/ChasmExitRoom.java	general
d39a9b7709585d56b45f59c1fba410da348ad00f	v2.3.2..v2.4.2	v2.4.0: improved clarity relating to broken seal upgrade/glyph transfer	core/src/main/assets/messages/actors/actors.properties;core/src/main/assets/messages/items/items.properties	localization
5459819120cd772e37439bd96bef5b6a371a9958	v2.3.2..v2.4.2	v2.4.0: fixed wandmaker spawning in a variety of bad locations	core/src/main/java/com/shatteredpixel/shatteredpixeldungeon/actors/mobs/npcs/Wandmaker.java	general
969610dfd48f253c3fc78dd8ce374d6f8dc3b83e	v2.3.2..v2.4.2	v2.4.0: adjusted some weapon ability error messages	core/src/main/assets/messages/items/items.properties;core/src/main/java/com/shatteredpixel/shatteredpixeldungeon/actors/buffs/MonkEnergy.java;core/src/main/java/com/shatteredpixel/shatteredpixeldungeon/items/quest/Pickaxe.java;core/src/main/java/com/shatteredpixel/shatteredpixeldungeon/items/weapon/melee/Dagger.java;core/src/main/java/com/shatteredpixel/shatteredpixeldungeon/items/weapon/melee/Greataxe.java;core/src/main/java/com/shatteredpixel/shatteredpixeldungeon/items/weapon/melee/Mace.java;core/src/main/java/com/shatteredpixel/shatteredpixeldungeon/items/weapon/melee/Rapier.java;core/src/main/java/com/shatteredpixel/shatteredpixeldungeon/items/weapon/melee/RunicBlade.java;core/src/main/java/com/shatteredpixel/shatteredpixeldungeon/items/weapon/melee/Sai.java;core/src/main/java/com/shatteredpixel/shatteredpixeldungeon/items/weapon/melee/Sickle.java;core/src/main/java/com/shatteredpixel/shatteredpixeldungeon/items/weapon/melee/Spear.java;core/src/main/java/com/shatteredpixel/shatteredpixeldungeon/items/weapon/melee/Sword.java	general
4f8b638a9f937dff6c48dbab7c7a7d1179ff6abd	v2.3.2..v2.4.2	v2.4.0: fixed guard ability not persisting block tracking	core/src/main/java/com/shatteredpixel/shatteredpixeldungeon/items/weapon/melee/RoundShield.java	general
dc61994f197096a554af4cf435b4b4ffa7640cef	v2.3.2..v2.4.2	v2.4.0: fixed seer shot not working in alternate branches	core/src/main/java/com/shatteredpixel/shatteredpixeldungeon/items/weapon/SpiritBow.java	general
464061607d1a01e4c34ad096ca0207023a94bf37	v2.3.2..v2.4.2	v2.4.0: geyser traps (and aqua brew) now directly extinguish	core/src/main/java/com/shatteredpixel/shatteredpixeldungeon/levels/traps/GeyserTrap.java	general
1d6d8cfdbb7ba2c963938accb59df0cb32bf4f19	v2.3.2..v2.4.2	v2.4.0: fixed various small text errors	core/src/main/assets/messages/actors/actors.properties;core/src/main/assets/messages/items/items.properties;core/src/main/java/com/shatteredpixel/shatteredpixeldungeon/ui/changelist/v2_X_Changes.java	general
a5538ee4de59290a3d3e9c07600471c0c88dfe88	v2.3.2..v2.4.2	v2.4.0: fixed misconfigured recycle spell recipe	core/src/main/java/com/shatteredpixel/shatteredpixeldungeon/items/spells/Recycle.java	general
712c7022232f7ef3fb33c3bc55a775209524cbf1	v2.3.2..v2.4.2	v2.4.0: fixed a welcome message error and updated version again =S	build.gradle;core/src/main/java/com/shatteredpixel/shatteredpixeldungeon/scenes/WelcomeScene.java	build
8042ebee4069458d46a8aebb67e96e5af48fc5a3	v2.3.2..v2.4.2	v2.4.0: adjusted varied charge to be consistent with other talent descs	core/src/main/assets/messages/actors/actors.properties	localization
7e6a4299fbc99aa4d66047ecbfd86bb3e361b36a	v2.3.2..v2.4.2	v2.4.0: updated changelog, version, and translations for BETA-1	build.gradle;core/src/main/assets/messages/actors/actors_be.properties;core/src/main/assets/messages/actors/actors_cs.properties;core/src/main/assets/messages/actors/actors_de.properties;core/src/main/assets/messages/actors/actors_el.properties;core/src/main/assets/messages/actors/actors_es.properties;core/src/main/assets/messages/actors/actors_fr.properties;core/src/main/assets/messages/actors/actors_hu.properties;core/src/main/assets/messages/actors/actors_in.properties;core/src/main/assets/messages/actors/actors_it.properties;core/src/main/assets/messages/actors/actors_ja.properties;core/src/main/assets/messages/actors/actors_ko.properties;core/src/main/assets/messages/actors/actors_nl.properties;core/src/main/assets/messages/actors/actors_pl.properties;core/src/main/assets/messages/actors/actors_pt.properties;core/src/main/assets/messages/actors/actors_ru.properties;core/src/main/assets/messages/actors/actors_tr.properties;core/src/main/assets/messages/actors/actors_uk.properties;core/src/main/assets/messages/actors/actors_vi.properties;core/src/main/assets/messages/actors/actors_zh.properties;core/src/main/assets/messages/items/items_be.properties;core/src/main/assets/messages/items/items_cs.properties;core/src/main/assets/messages/items/items_de.properties;core/src/main/assets/messages/items/items_el.properties;core/src/main/assets/messages/items/items_es.properties;core/src/main/assets/messages/items/items_fr.properties;core/src/main/assets/messages/items/items_hu.properties;core/src/main/assets/messages/items/items_in.properties;core/src/main/assets/messages/items/items_it.properties;core/src/main/assets/messages/items/items_ja.properties;core/src/main/assets/messages/items/items_ko.properties;core/src/main/assets/messages/items/items_nl.properties;core/src/main/assets/messages/items/items_pl.properties;core/src/main/assets/messages/items/items_pt.properties;core/src/main/assets/messages/items/items_ru.properties;core/src/main/assets/messages/items/items_tr.properties;core/src/main/assets/messages/items/items_uk.properties;core/src/main/assets/messages/items/items_vi.properties;core/src/main/assets/messages/items/items_zh.properties;core/src/main/assets/messages/journal/journal_be.properties;core/src/main/assets/messages/journal/journal_cs.properties;core/src/main/assets/messages/journal/journal_de.properties;core/src/main/assets/messages/journal/journal_el.properties;core/src/main/assets/messages/journal/journal_es.properties;core/src/main/assets/messages/journal/journal_fr.properties;core/src/main/assets/messages/journal/journal_hu.properties;core/src/main/assets/messages/journal/journal_in.properties;core/src/main/assets/messages/journal/journal_it.properties;core/src/main/assets/messages/journal/journal_ja.properties;core/src/main/assets/messages/journal/journal_ko.properties;core/src/main/assets/messages/journal/journal_nl.properties;core/src/main/assets/messages/journal/journal_pl.properties;core/src/main/assets/messages/journal/journal_pt.properties;core/src/main/assets/messages/journal/journal_ru.properties;core/src/main/assets/messages/journal/journal_tr.properties;core/src/main/assets/messages/journal/journal_uk.properties;core/src/main/assets/messages/journal/journal_vi.properties;core/src/main/assets/messages/journal/journal_zh.properties;core/src/main/assets/messages/levels/levels_be.properties;core/src/main/assets/messages/levels/levels_cs.properties;core/src/main/assets/messages/levels/levels_de.properties;core/src/main/assets/messages/levels/levels_el.properties;core/src/main/assets/messages/levels/levels_es.properties;core/src/main/assets/messages/levels/levels_fr.properties;core/src/main/assets/messages/levels/levels_hu.properties;core/src/main/assets/messages/levels/levels_in.properties;core/src/main/assets/messages/levels/levels_it.properties;core/src/main/assets/messages/levels/levels_ja.properties;core/src/main/assets/messages/levels/levels_ko.properties;core/src/main/assets/messages/levels/levels_nl.properties;core/src/main/assets/messages/levels/levels_pl.properties;core/src/main/assets/messages/levels/levels_pt.properties;core/src/main/assets/messages/levels/levels_ru.properties;core/src/main/assets/messages/levels/levels_tr.properties;core/src/main/assets/messages/levels/levels_uk.properties;core/src/main/assets/messages/levels/levels_vi.properties;core/src/main/assets/messages/levels/levels_zh.properties;core/src/main/assets/messages/misc/misc_be.properties;core/src/main/assets/messages/misc/misc_cs.properties;core/src/main/assets/messages/misc/misc_de.properties;core/src/main/assets/messages/misc/misc_el.properties;core/src/main/assets/messages/misc/misc_es.properties;core/src/main/assets/messages/misc/misc_fr.properties;core/src/main/assets/messages/misc/misc_hu.properties;core/src/main/assets/messages/misc/misc_in.properties;core/src/main/assets/messages/misc/misc_it.properties;core/src/main/assets/messages/misc/misc_ja.properties;core/src/main/assets/messages/misc/misc_ko.properties;core/src/main/assets/messages/misc/misc_nl.properties;core/src/main/assets/messages/misc/misc_pl.properties;core/src/main/assets/messages/misc/misc_pt.properties;core/src/main/assets/messages/misc/misc_ru.properties;core/src/main/assets/messages/misc/misc_tr.properties;core/src/main/assets/messages/misc/misc_uk.properties;core/src/main/assets/messages/misc/misc_vi.properties;core/src/main/assets/messages/misc/misc_zh.properties;core/src/main/assets/messages/plants/plants_be.properties;core/src/main/assets/messages/plants/plants_in.properties;core/src/main/assets/messages/plants/plants_ja.properties;core/src/main/assets/messages/plants/plants_vi.properties;core/src/main/assets/messages/private/private_be.properties;core/src/main/assets/messages/scenes/scenes_be.properties;core/src/main/assets/messages/scenes/scenes_cs.properties;core/src/main/assets/messages/scenes/scenes_de.properties;core/src/main/assets/messages/scenes/scenes_el.properties;core/src/main/assets/messages/scenes/scenes_es.properties;core/src/main/assets/messages/scenes/scenes_fr.properties;core/src/main/assets/messages/scenes/scenes_hu.properties;core/src/main/assets/messages/scenes/scenes_in.properties;core/src/main/assets/messages/scenes/scenes_it.properties;core/src/main/assets/messages/scenes/scenes_ja.properties;core/src/main/assets/messages/scenes/scenes_ko.properties;core/src/main/assets/messages/scenes/scenes_nl.properties;core/src/main/assets/messages/scenes/scenes_pl.properties;core/src/main/assets/messages/scenes/scenes_pt.properties;core/src/main/assets/messages/scenes/scenes_ru.properties;core/src/main/assets/messages/scenes/scenes_tr.properties;core/src/main/assets/messages/scenes/scenes_uk.properties;core/src/main/assets/messages/scenes/scenes_vi.properties;core/src/main/assets/messages/scenes/scenes_zh.properties;core/src/main/assets/messages/scenes/scenes.properties;core/src/main/assets/messages/ui/ui_in.properties;core/src/main/assets/messages/ui/ui_pl.properties;core/src/main/assets/messages/windows/windows_be.properties;core/src/main/assets/messages/windows/windows_cs.properties;core/src/main/assets/messages/windows/windows_de.properties;core/src/main/assets/messages/windows/windows_el.properties;core/src/main/assets/messages/windows/windows_es.properties;core/src/main/assets/messages/windows/windows_fr.properties;core/src/main/assets/messages/windows/windows_hu.properties;core/src/main/assets/messages/windows/windows_in.properties;core/src/main/assets/messages/windows/windows_it.properties;core/src/main/assets/messages/windows/windows_ja.properties;core/src/main/assets/messages/windows/windows_ko.properties;core/src/main/assets/messages/windows/windows_nl.properties;core/src/main/assets/messages/windows/windows_pl.properties;core/src/main/assets/messages/windows/windows_pt.properties;core/src/main/assets/messages/windows/windows_ru.properties;core/src/main/assets/messages/windows/windows_tr.properties;core/src/main/assets/messages/windows/windows_uk.properties;core/src/main/assets/messages/windows/windows_vi.properties;core/src/main/assets/messages/windows/windows_zh.properties;core/src/main/java/com/shatteredpixel/shatteredpixeldungeon/scenes/WelcomeScene.java;core/src/main/java/com/shatteredpixel/shatteredpixeldungeon/ui/changelist/v2_X_Changes.java	slice2-candidate
3f8973743f855e0252628009eb968e541297998e	v2.3.2..v2.4.2	v2.4.0: fixed errors when challenge is used on neutral mobs	core/src/main/java/com/shatteredpixel/shatteredpixeldungeon/actors/hero/abilities/duelist/Challenge.java	general
919f1428e442a03cf73896c425f8ab58b1260eb6	v2.3.2..v2.4.2	v2.4.0: removed unnecessary assignment of splash color for some elixirs	core/src/main/java/com/shatteredpixel/shatteredpixeldungeon/items/potions/elixirs/ElixirOfDragonsBlood.java;core/src/main/java/com/shatteredpixel/shatteredpixeldungeon/items/potions/elixirs/ElixirOfIcyTouch.java;core/src/main/java/com/shatteredpixel/shatteredpixeldungeon/items/potions/elixirs/ElixirOfToxicEssence.java	general
059e11cfa738d63eb04b961784338bd0145b0db0	v2.3.2..v2.4.2	v2.4.0: adjusted aggressive barrier to account for reduced charge speed	core/src/main/assets/messages/actors/actors.properties;core/src/main/java/com/shatteredpixel/shatteredpixeldungeon/items/weapon/melee/MeleeWeapon.java	general
25ddbcf0719368f685b50d5f68e380df6e413f55	v2.3.2..v2.4.2	v2.4.0: fixed smarttexture.getpixel using RGBA, not ARGB	SPD-classes/src/main/java/com/watabou/gltextures/SmartTexture.java;SPD-classes/src/main/java/com/watabou/gltextures/TextureCache.java	general
811a3b5050d5a54d828aabd6198a525a25374ba4	v2.3.2..v2.4.2	v2.4.0: fixed strongman not updating item displays when upgraded	core/src/main/java/com/shatteredpixel/shatteredpixeldungeon/actors/hero/Talent.java	general
23eede6133d37d368ac2cb85ec9a47d93e2b181f	v2.3.2..v2.4.2	v2.4.0: updated version and changes screen for ALPHA-4	build.gradle;core/src/main/java/com/shatteredpixel/shatteredpixeldungeon/ui/changelist/v2_X_Changes.java	build
e3313717d82311fc3213f312af954a0ff52c022f	v2.3.2..v2.4.2	v2.4.0: adjusted numbers for new counter ability talent	core/src/main/assets/messages/actors/actors.properties;core/src/main/java/com/shatteredpixel/shatteredpixeldungeon/items/weapon/melee/MeleeWeapon.java	general
eeca547cc47da33519a9437433b353f104bdeaf8	v2.3.2..v2.4.2	v2.4.0: fixed charge maxing via adding not always clearing partialCharge	core/src/main/java/com/shatteredpixel/shatteredpixeldungeon/items/artifacts/AlchemistsToolkit.java;core/src/main/java/com/shatteredpixel/shatteredpixeldungeon/items/artifacts/CloakOfShadows.java;core/src/main/java/com/shatteredpixel/shatteredpixeldungeon/items/artifacts/DriedRose.java;core/src/main/java/com/shatteredpixel/shatteredpixeldungeon/items/artifacts/LloydsBeacon.java;core/src/main/java/com/shatteredpixel/shatteredpixeldungeon/items/artifacts/MasterThievesArmband.java;core/src/main/java/com/shatteredpixel/shatteredpixeldungeon/items/artifacts/SandalsOfNature.java;core/src/main/java/com/shatteredpixel/shatteredpixeldungeon/items/artifacts/TalismanOfForesight.java;core/src/main/java/com/shatteredpixel/shatteredpixeldungeon/items/artifacts/TimekeepersHourglass.java;core/src/main/java/com/shatteredpixel/shatteredpixeldungeon/items/artifacts/UnstableSpellbook.java;core/src/main/java/com/shatteredpixel/shatteredpixeldungeon/items/wands/Wand.java;core/src/main/java/com/shatteredpixel/shatteredpixeldungeon/items/weapon/melee/MeleeWeapon.java	general
20cd08c32afedd7e1b8eba7dcfd5d0a174ce5b0b	v2.3.2..v2.4.2	v2.4.0: adjusted counter ability talent now that all abilities cost 1	core/src/main/assets/messages/actors/actors.properties;core/src/main/java/com/shatteredpixel/shatteredpixeldungeon/items/weapon/melee/MeleeWeapon.java	general
395448ffcb2e763defe2361d057d1f52f4f8cc53	v2.3.2..v2.4.2	v2.4.0: pre-emptive balance changes to weapon charge-based talents	core/src/main/assets/messages/actors/actors.properties;core/src/main/java/com/shatteredpixel/shatteredpixeldungeon/actors/hero/Talent.java;core/src/main/java/com/shatteredpixel/shatteredpixeldungeon/items/weapon/melee/MeleeWeapon.java	general
466ca870d4427dba279d64742632a60c24ca8923	v2.3.2..v2.4.2	v2.4.0: fixed aqua brew triggering traps when thrown	core/src/main/java/com/shatteredpixel/shatteredpixeldungeon/items/potions/Potion.java	general
089042015b4919f4f4be408244433f35305bb3de	v2.3.2..v2.4.2	v2.4.0: slightly improved layouts for caves fissure entrance/exits	core/src/main/java/com/shatteredpixel/shatteredpixeldungeon/levels/rooms/standard/entrance/CavesFissureEntranceRoom.java;core/src/main/java/com/shatteredpixel/shatteredpixeldungeon/levels/rooms/standard/exit/CavesFissureExitRoom.java	general
f542c7438e7e3d3b7d0aa361c483c58ebf70fcdf	v2.3.2..v2.4.2	v2.4.0: fixed tele not properly checking openSpace on boss floors	core/src/main/java/com/shatteredpixel/shatteredpixeldungeon/items/scrolls/ScrollOfTeleportation.java	general
c173c603f1a4d61ff5e6a5a567e66917951264b4	v2.3.2..v2.4.2	v2.4.0: fixed static chars not being immune to ai state debuffs	core/src/main/java/com/shatteredpixel/shatteredpixeldungeon/actors/Char.java;core/src/main/java/com/shatteredpixel/shatteredpixeldungeon/items/wands/WandOfRegrowth.java	hotspot
dd9026ee245f80fcc951ba0a7f7f916859750ece	v2.3.2..v2.4.2	v2.4.0: fixed grass droprate lower than intended with no petrified seed	core/src/main/java/com/shatteredpixel/shatteredpixeldungeon/items/trinkets/PetrifiedSeed.java;core/src/main/java/com/shatteredpixel/shatteredpixeldungeon/levels/features/HighGrass.java	slice2-candidate
a44b1583288a6d8c9a4119874c3850acca0e9357	v2.3.2..v2.4.2	v2.4.0: added trinkets to rankings page	core/src/main/java/com/shatteredpixel/shatteredpixeldungeon/Rankings.java;core/src/main/java/com/shatteredpixel/shatteredpixeldungeon/windows/WndRanking.java	slice2-candidate
f6f9f5eb61206ce734c7dc6d16885a3d59db970f	v2.3.2..v2.4.2	v2.4.0: fixed brawler's stance deactivation not working correctly	core/src/main/java/com/shatteredpixel/shatteredpixeldungeon/items/rings/RingOfForce.java	general
40234c0b4366c51183a68283b59b994d831db60d	v2.3.2..v2.4.2	v2.4.0: updated version and changelog for ALPHA-3	build.gradle;core/src/main/java/com/shatteredpixel/shatteredpixeldungeon/ui/changelist/v2_X_Changes.java	docs
44230c1f93c542b9f1d071d258cd82541b9edfa9	v2.3.2..v2.4.2	v2.4.0: fixed incorrect text in regular combo slam desc	core/src/main/java/com/shatteredpixel/shatteredpixeldungeon/actors/buffs/Combo.java	general
9cbfbc9d13f15aaa875007c8cccfa8bf6ecdd846	v2.3.2..v2.4.2	v2.4.0: fixed incorrect conversion values for old room classes	core/src/main/java/com/shatteredpixel/shatteredpixeldungeon/ShatteredPixelDungeon.java	hotspot
9154f32c65d5b68c93c350afe0757531f9502d39	v2.3.2..v2.4.2	v2.4.0: fixed combo strike spamming the game log when not relevant	core/src/main/java/com/shatteredpixel/shatteredpixeldungeon/items/weapon/melee/Sai.java	general
60b4fc689bb1e77d22cbe93518b24633d0947e16	v2.3.2..v2.4.2	v2.4.0: fixed whip ability not stating that it hits all enemies	core/src/main/assets/messages/items/items.properties	localization
35df5cbf708b075bbfbe83501811c7bb6a709416	v2.3.2..v2.4.2	v2.4.0: fixed wandmaker now potentially spawning on chasms	core/src/main/java/com/shatteredpixel/shatteredpixeldungeon/actors/mobs/npcs/Wandmaker.java	general
f9f1b99b02ca1fe333c93825c1aa35d480f928e2	v2.3.2..v2.4.2	v2.4.0: removed references to charge on primary weapons	core/src/main/assets/messages/actors/actors.properties	localization
0639f25f808d8d0e4b0870e59079622d1cb799c5	v2.3.2..v2.4.2	v2.4.0: fixed major errors in caves fissure transition rooms	core/src/main/java/com/shatteredpixel/shatteredpixeldungeon/levels/RegularLevel.java;core/src/main/java/com/shatteredpixel/shatteredpixeldungeon/levels/rooms/standard/entrance/CavesFissureEntranceRoom.java;core/src/main/java/com/shatteredpixel/shatteredpixeldungeon/levels/rooms/standard/exit/CavesFissureExitRoom.java;core/src/main/java/com/shatteredpixel/shatteredpixeldungeon/levels/rooms/standard/exit/ExitRoom.java	hotspot
69f721db0fa97df0ccdc26d381430029d4f637e9	v2.3.2..v2.4.2	v2.4.0: fixed an incorrect API reason in iOS privacy manifest	ios/assets/PrivacyInfo.xcprivacy	platform
abfcd685801fb14a89ff82aab81d0cd060720728	v2.3.2..v2.4.2	v2.4.0: updated version and changelog for ALPHA-2	build.gradle;core/src/main/java/com/shatteredpixel/shatteredpixeldungeon/ui/changelist/v2_X_Changes.java	docs
f6e82d0e45107989a1f4c376b6b7702f1be757a2	v2.3.2..v2.4.2	v2.4.0: lifelink damage now shows the correct damage icon	core/src/main/java/com/shatteredpixel/shatteredpixeldungeon/actors/Char.java	hotspot
90ae232be54228cdb4373ce768d081e4cf22719b	v2.3.2..v2.4.2	v2.4.0: fixed shock elementals not actually using shock for their effect	core/src/main/java/com/shatteredpixel/shatteredpixeldungeon/actors/mobs/Elemental.java	general
6238774c86caa63954d40b358545a0e6e22750c0	v2.3.2..v2.4.2	v2.4.0: tweaked extra ground placement in bridge entrance/exit rooms	core/src/main/java/com/shatteredpixel/shatteredpixeldungeon/levels/rooms/standard/entrance/ChasmBridgeEntranceRoom.java;core/src/main/java/com/shatteredpixel/shatteredpixeldungeon/levels/rooms/standard/entrance/WaterBridgeEntranceRoom.java;core/src/main/java/com/shatteredpixel/shatteredpixeldungeon/levels/rooms/standard/exit/ChasmBridgeExitRoom.java;core/src/main/java/com/shatteredpixel/shatteredpixeldungeon/levels/rooms/standard/exit/WaterBridgeExitRoom.java	general
54367bae2bc37f505acacf1218cbcd44d4bae4fd	v2.3.2..v2.4.2	v2.4.0: standardized chars being immune to ai state or stun/slow debuffs	core/src/main/java/com/shatteredpixel/shatteredpixeldungeon/actors/Char.java;core/src/main/java/com/shatteredpixel/shatteredpixeldungeon/actors/mobs/CrystalSpire.java;core/src/main/java/com/shatteredpixel/shatteredpixeldungeon/actors/mobs/DemonSpawner.java;core/src/main/java/com/shatteredpixel/shatteredpixeldungeon/actors/mobs/Pylon.java;core/src/main/java/com/shatteredpixel/shatteredpixeldungeon/actors/mobs/RotHeart.java;core/src/main/java/com/shatteredpixel/shatteredpixeldungeon/actors/mobs/YogDzewa.java;core/src/main/java/com/shatteredpixel/shatteredpixeldungeon/items/wands/WandOfRegrowth.java	hotspot
3bae46d77df9fc575ea15222aca65d18f6f29b68	v2.3.2..v2.4.2	v2.4.0: added a privacy manifest for iOS	ios/assets/PrivacyInfo.xcprivacy	platform
35421913541bcb2cfdedc99dcf5e194712b68688	v2.3.2..v2.4.2	v2.4.0: fixed code errors and a naming error in new bridge rooms	core/src/main/java/com/shatteredpixel/shatteredpixeldungeon/levels/rooms/standard/BridgeRoom.java;core/src/main/java/com/shatteredpixel/shatteredpixeldungeon/levels/rooms/standard/ChasmBridgeRoom.java;core/src/main/java/com/shatteredpixel/shatteredpixeldungeon/levels/rooms/standard/StandardBridgeRoom.java;core/src/main/java/com/shatteredpixel/shatteredpixeldungeon/levels/rooms/standard/WaterBridgeRoom.java	general
fe7a58f675d5edea23415abb7fd7d9fa3873c123	v2.3.2..v2.4.2	v2.4.0: fixed incorrect placeholder sprites in journal catalogs	core/src/main/java/com/shatteredpixel/shatteredpixeldungeon/windows/WndJournal.java	slice2-candidate
2763cf42ca71fce0e4e942721d9db6509306daf3	v2.3.2..v2.4.2	v2.4.0: updated version and changelog for ALPHA-1	build.gradle;core/src/main/java/com/shatteredpixel/shatteredpixeldungeon/scenes/WelcomeScene.java;core/src/main/java/com/shatteredpixel/shatteredpixeldungeon/ui/changelist/v2_X_Changes.java	docs
757051d8e7c44ee6a8ee6f2e8d7838d414d93a3a	v2.3.2..v2.4.2	v2.4.0: added 5 new entrance and exit variants based on existing rooms	core/src/main/java/com/shatteredpixel/shatteredpixeldungeon/levels/rooms/standard/entrance/CavesFissureEntranceRoom.java;core/src/main/java/com/shatteredpixel/shatteredpixeldungeon/levels/rooms/standard/entrance/ChasmBridgeEntranceRoom.java;core/src/main/java/com/shatteredpixel/shatteredpixeldungeon/levels/rooms/standard/entrance/EntranceRoom.java;core/src/main/java/com/shatteredpixel/shatteredpixeldungeon/levels/rooms/standard/entrance/RitualEntranceRoom.java;core/src/main/java/com/shatteredpixel/shatteredpixeldungeon/levels/rooms/standard/entrance/StatuesEntranceRoom.java;core/src/main/java/com/shatteredpixel/shatteredpixeldungeon/levels/rooms/standard/entrance/WaterBridgeEntranceRoom.java;core/src/main/java/com/shatteredpixel/shatteredpixeldungeon/levels/rooms/standard/exit/CavesFissureExitRoom.java;core/src/main/java/com/shatteredpixel/shatteredpixeldungeon/levels/rooms/standard/exit/ChasmBridgeExitRoom.java;core/src/main/java/com/shatteredpixel/shatteredpixeldungeon/levels/rooms/standard/exit/ExitRoom.java;core/src/main/java/com/shatteredpixel/shatteredpixeldungeon/levels/rooms/standard/exit/RitualExitRoom.java;core/src/main/java/com/shatteredpixel/shatteredpixeldungeon/levels/rooms/standard/exit/StatuesExitRoom.java;core/src/main/java/com/shatteredpixel/shatteredpixeldungeon/levels/rooms/standard/exit/WaterBridgeExitRoom.java	general
28628a31be362bd6f56b6a7b7e5de85fbb502b14	v2.3.2..v2.4.2	v2.4.0: adjusted bridge rooms to not place items/chars in gaps	core/src/main/java/com/shatteredpixel/shatteredpixeldungeon/levels/rooms/standard/BridgeRoom.java;core/src/main/java/com/shatteredpixel/shatteredpixeldungeon/levels/rooms/standard/CavesFissureRoom.java	general
da5cb1ceb51dc1e69a04f05246cc8978d781028e	v2.3.2..v2.4.2	v2.4.0: added a new standard room to each region	core/src/main/java/com/shatteredpixel/shatteredpixeldungeon/levels/rooms/standard/BridgeRoom.java;core/src/main/java/com/shatteredpixel/shatteredpixeldungeon/levels/rooms/standard/ChasmBridgeRoom.java;core/src/main/java/com/shatteredpixel/shatteredpixeldungeon/levels/rooms/standard/CircleWallRoom.java;core/src/main/java/com/shatteredpixel/shatteredpixeldungeon/levels/rooms/standard/LibraryRingRoom.java;core/src/main/java/com/shatteredpixel/shatteredpixeldungeon/levels/rooms/standard/RitualRoom.java;core/src/main/java/com/shatteredpixel/shatteredpixeldungeon/levels/rooms/standard/StandardRoom.java;core/src/main/java/com/shatteredpixel/shatteredpixeldungeon/levels/rooms/standard/WaterBridgeRoom.java	general
8c6cc98a1dc2937d6e315b00db55109dbe8808ac	v2.3.2..v2.4.2	v2.4.0: fixed ruins rooms having a clustering of 9 since v2.2 =S	core/src/main/java/com/shatteredpixel/shatteredpixeldungeon/levels/rooms/standard/RuinsRoom.java	general
5bc753f3b169787d23a5a21f3fdef621d7e0dc43	v2.3.2..v2.4.2	v2.4.0: fixed power saver showing up on iOS devices	core/src/main/java/com/shatteredpixel/shatteredpixeldungeon/windows/WndSettings.java	hotspot
32a1e4631152960c2cb954c9ffee22341f43bc50	v2.3.2..v2.4.2	v2.4.0: fixed Random.Long accidentally using Java 17+ APIs	SPD-classes/src/main/java/com/watabou/utils/Random.java	general
5b959f315c622cfe5c5d868491edec401c753ba6	v2.3.2..v2.4.2	v2.4.0: improved 'adjacent enemy' logic for swiftness	core/src/main/java/com/shatteredpixel/shatteredpixeldungeon/items/armor/Armor.java	general
51a82bc591e1138b6e117fa536dd7a034f9bb299	v2.3.2..v2.4.2	v2.4.0: fixed heavy blow desc not mentioning garunteed hit	core/src/main/assets/messages/items/items.properties	localization
6a19ea87ccded2b1ad1ecc89c07885617c5231d0	v2.3.2..v2.4.2	v2.4.0: fixed armband steal tracker not persisting in some cases	core/src/main/java/com/shatteredpixel/shatteredpixeldungeon/actors/hero/abilities/Ratmogrify.java;core/src/main/java/com/shatteredpixel/shatteredpixeldungeon/actors/mobs/Ghoul.java	general
345b6fe79dca7ed7b3528af42050dfc1e0977d0c	v2.3.2..v2.4.2	v2.4.0: added an ENTRANCE_SP terrain type	core/src/main/assets/environment/tiles_caves_crystal.png;core/src/main/assets/environment/tiles_caves_gnoll.png;core/src/main/assets/environment/tiles_caves.png;core/src/main/assets/environment/tiles_city.png;core/src/main/assets/environment/tiles_halls.png;core/src/main/assets/environment/tiles_prison.png;core/src/main/assets/environment/tiles_sewers.png;core/src/main/java/com/shatteredpixel/shatteredpixeldungeon/items/Dewdrop.java;core/src/main/java/com/shatteredpixel/shatteredpixeldungeon/levels/CavesBossLevel.java;core/src/main/java/com/shatteredpixel/shatteredpixeldungeon/levels/CavesLevel.java;core/src/main/java/com/shatteredpixel/shatteredpixeldungeon/levels/CityBossLevel.java;core/src/main/java/com/shatteredpixel/shatteredpixeldungeon/levels/CityLevel.java;core/src/main/java/com/shatteredpixel/shatteredpixeldungeon/levels/LastShopLevel.java;core/src/main/java/com/shatteredpixel/shatteredpixeldungeon/levels/Level.java;core/src/main/java/com/shatteredpixel/shatteredpixeldungeon/levels/rooms/standard/entrance/CircleBasinEntranceRoom.java;core/src/main/java/com/shatteredpixel/shatteredpixeldungeon/levels/rooms/standard/entrance/HallwayEntranceRoom.java;core/src/main/java/com/shatteredpixel/shatteredpixeldungeon/levels/Terrain.java;core/src/main/java/com/shatteredpixel/shatteredpixeldungeon/tiles/DungeonTileSheet.java	assets
e279e3c26decc5dbda941858962cca6756e6ec9e	v2.3.2..v2.4.2	v2.4.0: implemented upgrade costs for existing trinkets	core/src/main/assets/messages/items/items.properties;core/src/main/java/com/shatteredpixel/shatteredpixeldungeon/items/trinkets/DimensionalSundial.java;core/src/main/java/com/shatteredpixel/shatteredpixeldungeon/items/trinkets/ExoticCrystals.java;core/src/main/java/com/shatteredpixel/shatteredpixeldungeon/items/trinkets/MossyClump.java;core/src/main/java/com/shatteredpixel/shatteredpixeldungeon/items/trinkets/ParchmentScrap.java;core/src/main/java/com/shatteredpixel/shatteredpixeldungeon/items/trinkets/PetrifiedSeed.java;core/src/main/java/com/shatteredpixel/shatteredpixeldungeon/items/trinkets/RatSkull.java;core/src/main/java/com/shatteredpixel/shatteredpixeldungeon/items/trinkets/ThirteenLeafClover.java;core/src/main/java/com/shatteredpixel/shatteredpixeldungeon/items/trinkets/TrapMechanism.java	slice2-candidate
03b6d4363cc180d4aa426b34a9813d83c165630a	v2.3.2..v2.4.2	v2.4.0: adjusted stat scaling for some artifacts	core/src/main/java/com/shatteredpixel/shatteredpixeldungeon/items/trinkets/ExoticCrystals.java;core/src/main/java/com/shatteredpixel/shatteredpixeldungeon/items/trinkets/PetrifiedSeed.java;core/src/main/java/com/shatteredpixel/shatteredpixeldungeon/items/trinkets/RatSkull.java	slice2-candidate
21a0cf9e8769c2b353027a76d2c80f66245f8aad	v2.3.2..v2.4.2	v2.4.0: fixed emp strike effect not fully triggering with blastwave	core/src/main/java/com/shatteredpixel/shatteredpixeldungeon/actors/hero/Talent.java;core/src/main/java/com/shatteredpixel/shatteredpixeldungeon/items/wands/WandOfBlastWave.java;core/src/main/java/com/shatteredpixel/shatteredpixeldungeon/items/weapon/melee/MagesStaff.java	general
2330217c0fc2f27f6bebb2bfa07f96ee2337f3a7	v2.3.2..v2.4.2	v2.4.0: fixed some battlemage on-hits not counting as magical dmg	core/src/main/java/com/shatteredpixel/shatteredpixeldungeon/items/armor/glyphs/AntiMagic.java;core/src/main/java/com/shatteredpixel/shatteredpixeldungeon/items/wands/WandOfFireblast.java;core/src/main/java/com/shatteredpixel/shatteredpixeldungeon/items/wands/WandOfLightning.java	general
7e256333f4751f61910117b190fb3f04ba0cd092	v2.3.2..v2.4.2	v2.4.0: added an entrance/exit variant for each region	core/src/main/java/com/shatteredpixel/shatteredpixeldungeon/levels/RegularLevel.java;core/src/main/java/com/shatteredpixel/shatteredpixeldungeon/levels/rooms/quest/MineEntrance.java;core/src/main/java/com/shatteredpixel/shatteredpixeldungeon/levels/rooms/standard/ChasmRoom.java;core/src/main/java/com/shatteredpixel/shatteredpixeldungeon/levels/rooms/standard/entrance/CaveEntranceRoom.java;core/src/main/java/com/shatteredpixel/shatteredpixeldungeon/levels/rooms/standard/entrance/ChasmEntranceRoom.java;core/src/main/java/com/shatteredpixel/shatteredpixeldungeon/levels/rooms/standard/entrance/CircleBasinEntranceRoom.java;core/src/main/java/com/shatteredpixel/shatteredpixeldungeon/levels/rooms/standard/entrance/EntranceRoom.java;core/src/main/java/com/shatteredpixel/shatteredpixeldungeon/levels/rooms/standard/entrance/HallwayEntranceRoom.java;core/src/main/java/com/shatteredpixel/shatteredpixeldungeon/levels/rooms/standard/entrance/PillarsEntranceRoom.java;core/src/main/java/com/shatteredpixel/shatteredpixeldungeon/levels/rooms/standard/exit/CaveExitRoom.java;core/src/main/java/com/shatteredpixel/shatteredpixeldungeon/levels/rooms/standard/exit/ChasmExitRoom.java;core/src/main/java/com/shatteredpixel/shatteredpixeldungeon/levels/rooms/standard/exit/CircleBasinExitRoom.java;core/src/main/java/com/shatteredpixel/shatteredpixeldungeon/levels/rooms/standard/exit/ExitRoom.java;core/src/main/java/com/shatteredpixel/shatteredpixeldungeon/levels/rooms/standard/exit/HallwayExitRoom.java;core/src/main/java/com/shatteredpixel/shatteredpixeldungeon/levels/rooms/standard/exit/PillarsExitRoom.java	hotspot
792f681c88a6bde1a1cfb0490d84f5aa7a0841c1	v2.3.2..v2.4.2	v2.4.0: improved merging behavior for hallway rooms	core/src/main/java/com/shatteredpixel/shatteredpixeldungeon/levels/painters/RegularPainter.java;core/src/main/java/com/shatteredpixel/shatteredpixeldungeon/levels/rooms/connection/BridgeRoom.java;core/src/main/java/com/shatteredpixel/shatteredpixeldungeon/levels/rooms/connection/RingBridgeRoom.java;core/src/main/java/com/shatteredpixel/shatteredpixeldungeon/levels/rooms/connection/WalkwayRoom.java;core/src/main/java/com/shatteredpixel/shatteredpixeldungeon/levels/rooms/Room.java;core/src/main/java/com/shatteredpixel/shatteredpixeldungeon/levels/rooms/sewerboss/GooBossRoom.java;core/src/main/java/com/shatteredpixel/shatteredpixeldungeon/levels/rooms/standard/BurnedRoom.java;core/src/main/java/com/shatteredpixel/shatteredpixeldungeon/levels/rooms/standard/CavesFissureRoom.java;core/src/main/java/com/shatteredpixel/shatteredpixeldungeon/levels/rooms/standard/entrance/EntranceRoom.java;core/src/main/java/com/shatteredpixel/shatteredpixeldungeon/levels/rooms/standard/HallwayRoom.java;core/src/main/java/com/shatteredpixel/shatteredpixeldungeon/levels/rooms/standard/MinefieldRoom.java;core/src/main/java/com/shatteredpixel/shatteredpixeldungeon/levels/rooms/standard/RuinsRoom.java;core/src/main/java/com/shatteredpixel/shatteredpixeldungeon/levels/rooms/standard/SewerPipeRoom.java;core/src/main/java/com/shatteredpixel/shatteredpixeldungeon/levels/rooms/standard/StandardRoom.java	general
cc80f8a391baeaa03290a63ba4808bbaf3ab57cb	v2.3.2..v2.4.2	v2.4.0: improve behavior for existing entrance/exit rooms	core/src/main/java/com/shatteredpixel/shatteredpixeldungeon/Dungeon.java;core/src/main/java/com/shatteredpixel/shatteredpixeldungeon/items/bombs/ShrapnelBomb.java;core/src/main/java/com/shatteredpixel/shatteredpixeldungeon/items/scrolls/exotic/ScrollOfChallenge.java;core/src/main/java/com/shatteredpixel/shatteredpixeldungeon/items/stones/StoneOfDisarming.java;core/src/main/java/com/shatteredpixel/shatteredpixeldungeon/levels/Level.java;core/src/main/java/com/shatteredpixel/shatteredpixeldungeon/levels/RegularLevel.java;core/src/main/java/com/shatteredpixel/shatteredpixeldungeon/levels/rooms/quest/MineEntrance.java;core/src/main/java/com/shatteredpixel/shatteredpixeldungeon/levels/rooms/standard/entrance/EntranceRoom.java;core/src/main/java/com/shatteredpixel/shatteredpixeldungeon/levels/rooms/standard/exit/ExitRoom.java;core/src/main/java/com/shatteredpixel/shatteredpixeldungeon/mechanics/ShadowCaster.java	hotspot
769c459aa7a91e1725882f0064c43c9c70da3d59	v2.3.2..v2.4.2	v2.4.0: refactored entrance and exit rooms to be more extensible	core/src/main/java/com/shatteredpixel/shatteredpixeldungeon/levels/builders/RegularBuilder.java;core/src/main/java/com/shatteredpixel/shatteredpixeldungeon/levels/LastShopLevel.java;core/src/main/java/com/shatteredpixel/shatteredpixeldungeon/levels/painters/RegularPainter.java;core/src/main/java/com/shatteredpixel/shatteredpixeldungeon/levels/RegularLevel.java;core/src/main/java/com/shatteredpixel/shatteredpixeldungeon/levels/rooms/quest/MassGraveRoom.java;core/src/main/java/com/shatteredpixel/shatteredpixeldungeon/levels/rooms/quest/MineEntrance.java;core/src/main/java/com/shatteredpixel/shatteredpixeldungeon/levels/rooms/Room.java;core/src/main/java/com/shatteredpixel/shatteredpixeldungeon/levels/rooms/sewerboss/SewerBossEntranceRoom.java;core/src/main/java/com/shatteredpixel/shatteredpixeldungeon/levels/rooms/sewerboss/SewerBossExitRoom.java;core/src/main/java/com/shatteredpixel/shatteredpixeldungeon/levels/rooms/special/DemonSpawnerRoom.java;core/src/main/java/com/shatteredpixel/shatteredpixeldungeon/levels/rooms/standard/entrance/EntranceRoom.java;core/src/main/java/com/shatteredpixel/shatteredpixeldungeon/levels/rooms/standard/EntranceRoom.java;core/src/main/java/com/shatteredpixel/shatteredpixeldungeon/levels/rooms/standard/exit/ExitRoom.java;core/src/main/java/com/shatteredpixel/shatteredpixeldungeon/levels/rooms/standard/ExitRoom.java;core/src/main/java/com/shatteredpixel/shatteredpixeldungeon/ShatteredPixelDungeon.java	hotspot
898f756a071e26accff02773f05103f077a70085	v2.3.2..v2.4.2	v2.4.0: added version compatibility checks to github updates	services/updates/githubUpdates/src/main/java/com/shatteredpixel/shatteredpixeldungeon/services/updates/GitHubUpdates.java;SPD-classes/src/main/java/com/watabou/utils/DeviceCompat.java	platform
fbcfc590060c2926099ff8c01758387b533208d4	v2.3.2..v2.4.2	v2.4.0: improved item category ordering a bit with sub orderings	core/src/main/java/com/shatteredpixel/shatteredpixeldungeon/items/Generator.java	general
ba90e140c1a02f291685b253c2ca63aecb73d21f	v2.3.2..v2.4.2	v2.4.0: removed cases of game directly using dungeon seed for levelgen	core/src/main/java/com/shatteredpixel/shatteredpixeldungeon/Dungeon.java;core/src/main/java/com/shatteredpixel/shatteredpixeldungeon/items/trinkets/TrapMechanism.java;core/src/main/java/com/shatteredpixel/shatteredpixeldungeon/levels/Level.java;core/src/main/java/com/shatteredpixel/shatteredpixeldungeon/levels/rooms/special/SpecialRoom.java	slice2-candidate
d9d04c30e566ced99fab289fdc9f07b004c76bfd	v2.3.2..v2.4.2	v2.4.0: necromancer skeletons are now aggroed if they are	core/src/main/java/com/shatteredpixel/shatteredpixeldungeon/actors/mobs/Necromancer.java	general
25ef7a59ef226709b0f4566798a1d76446bec11f	v2.3.2..v2.4.2	v2.4.0: added a minimum duration to brawler's stance charge reduction	core/src/main/assets/messages/items/items.properties;core/src/main/java/com/shatteredpixel/shatteredpixeldungeon/actors/buffs/MonkEnergy.java;core/src/main/java/com/shatteredpixel/shatteredpixeldungeon/items/rings/RingOfForce.java;core/src/main/java/com/shatteredpixel/shatteredpixeldungeon/items/weapon/melee/MeleeWeapon.java	general
05ce62915c13675f1c01d276c432c31dbb49e7ba	v2.3.2..v2.4.2	v2.4.0: added some tutorialization around trinket creation	core/src/main/assets/messages/items/items.properties;core/src/main/assets/messages/journal/journal.properties;core/src/main/assets/sprites/items.png;core/src/main/java/com/shatteredpixel/shatteredpixeldungeon/items/journal/Guidebook.java;core/src/main/java/com/shatteredpixel/shatteredpixeldungeon/items/trinkets/TrinketCatalyst.java;core/src/main/java/com/shatteredpixel/shatteredpixeldungeon/journal/Document.java;core/src/main/java/com/shatteredpixel/shatteredpixeldungeon/scenes/WelcomeScene.java;core/src/main/java/com/shatteredpixel/shatteredpixeldungeon/ShatteredPixelDungeon.java;core/src/main/java/com/shatteredpixel/shatteredpixeldungeon/sprites/ItemSpriteSheet.java	slice2-candidate
6e7175f3209897816b71ffe33d7a55aa27eb328e	v2.3.2..v2.4.2	v2.4.0: adjusted damage bonus ordering slightly	core/src/main/java/com/shatteredpixel/shatteredpixeldungeon/actors/Char.java	hotspot
6f173e26fa6e90ceeb8e43cf088edcb03ef629fa	v2.3.2..v2.4.2	v2.4.0: scroll of transmutation is now usable on trinkets	core/src/main/java/com/shatteredpixel/shatteredpixeldungeon/items/scrolls/ScrollOfTransmutation.java	slice2-candidate
6fc6fb1fc9a82d6d11d22f9c871d62e2f17f0355	v2.3.2..v2.4.2	v2.4.0: fixed 'taste vengeance' badge not being repeatable	core/src/main/java/com/shatteredpixel/shatteredpixeldungeon/Badges.java	general
6807a16dc7d9f11472a38d8ad9a7b63de6894f0d	v2.3.2..v2.4.2	v2.4.0: increased cases where trinket catalyst can be in special rooms	core/src/main/java/com/shatteredpixel/shatteredpixeldungeon/levels/Level.java;core/src/main/java/com/shatteredpixel/shatteredpixeldungeon/levels/rooms/special/ArmoryRoom.java;core/src/main/java/com/shatteredpixel/shatteredpixeldungeon/levels/rooms/special/LaboratoryRoom.java;core/src/main/java/com/shatteredpixel/shatteredpixeldungeon/levels/rooms/special/LibraryRoom.java;core/src/main/java/com/shatteredpixel/shatteredpixeldungeon/levels/rooms/special/RunestoneRoom.java;core/src/main/java/com/shatteredpixel/shatteredpixeldungeon/levels/rooms/special/ToxicGasRoom.java;core/src/main/java/com/shatteredpixel/shatteredpixeldungeon/levels/rooms/special/TreasuryRoom.java	slice2-candidate
aa0d58baceef214f0fd7400ddc968bd59c56d6df	v2.3.2..v2.4.2	v2.4.0: redesigned secondary charge talent, it is now varied charge	core/src/main/assets/messages/actors/actors.properties;core/src/main/java/com/shatteredpixel/shatteredpixeldungeon/actors/hero/Talent.java;core/src/main/java/com/shatteredpixel/shatteredpixeldungeon/items/weapon/melee/MeleeWeapon.java	general
c448f97313adb4b2940c4a97b4f62050aa5f0682	v2.3.2..v2.4.2	v2.4.0: redesigned brawler's stance ability	core/src/main/assets/messages/items/items.properties;core/src/main/java/com/shatteredpixel/shatteredpixeldungeon/actors/hero/Hero.java;core/src/main/java/com/shatteredpixel/shatteredpixeldungeon/items/rings/RingOfForce.java;core/src/main/java/com/shatteredpixel/shatteredpixeldungeon/items/weapon/melee/MeleeWeapon.java	hotspot
11a410f07d71c173393d493e17502e50fb7a6d18	v2.3.2..v2.4.2	v2.4.0: Big Duelist charge speed changes: - charge speed down by 33% - ALL weapon abilities buffed to compensate - Champion weapons now share a charge count - Champion now gives bonus charges and charge speed	core/src/main/assets/messages/actors/actors.properties;core/src/main/assets/messages/items/items.properties;core/src/main/java/com/shatteredpixel/shatteredpixeldungeon/actors/buffs/Invisibility.java;core/src/main/java/com/shatteredpixel/shatteredpixeldungeon/actors/hero/Hero.java;core/src/main/java/com/shatteredpixel/shatteredpixeldungeon/items/weapon/melee/AssassinsBlade.java;core/src/main/java/com/shatteredpixel/shatteredpixeldungeon/items/weapon/melee/BattleAxe.java;core/src/main/java/com/shatteredpixel/shatteredpixeldungeon/items/weapon/melee/Crossbow.java;core/src/main/java/com/shatteredpixel/shatteredpixeldungeon/items/weapon/melee/Dagger.java;core/src/main/java/com/shatteredpixel/shatteredpixeldungeon/items/weapon/melee/Dirk.java;core/src/main/java/com/shatteredpixel/shatteredpixeldungeon/items/weapon/melee/Flail.java;core/src/main/java/com/shatteredpixel/shatteredpixeldungeon/items/weapon/melee/Gauntlet.java;core/src/main/java/com/shatteredpixel/shatteredpixeldungeon/items/weapon/melee/Glaive.java;core/src/main/java/com/shatteredpixel/shatteredpixeldungeon/items/weapon/melee/Gloves.java;core/src/main/java/com/shatteredpixel/shatteredpixeldungeon/items/weapon/melee/Greataxe.java;core/src/main/java/com/shatteredpixel/shatteredpixeldungeon/items/weapon/melee/Greatshield.java;core/src/main/java/com/shatteredpixel/shatteredpixeldungeon/items/weapon/melee/Greatsword.java;core/src/main/java/com/shatteredpixel/shatteredpixeldungeon/items/weapon/melee/HandAxe.java;core/src/main/java/com/shatteredpixel/shatteredpixeldungeon/items/weapon/melee/Katana.java;core/src/main/java/com/shatteredpixel/shatteredpixeldungeon/items/weapon/melee/Longsword.java;core/src/main/java/com/shatteredpixel/shatteredpixeldungeon/items/weapon/melee/Mace.java;core/src/main/java/com/shatteredpixel/shatteredpixeldungeon/items/weapon/melee/MeleeWeapon.java;core/src/main/java/com/shatteredpixel/shatteredpixeldungeon/items/weapon/melee/Quarterstaff.java;core/src/main/java/com/shatteredpixel/shatteredpixeldungeon/items/weapon/melee/Rapier.java;core/src/main/java/com/shatteredpixel/shatteredpixeldungeon/items/weapon/melee/RoundShield.java;core/src/main/java/com/shatteredpixel/shatteredpixeldungeon/items/weapon/melee/RunicBlade.java;core/src/main/java/com/shatteredpixel/shatteredpixeldungeon/items/weapon/melee/Sai.java;core/src/main/java/com/shatteredpixel/shatteredpixeldungeon/items/weapon/melee/Scimitar.java;core/src/main/java/com/shatteredpixel/shatteredpixeldungeon/items/weapon/melee/Shortsword.java;core/src/main/java/com/shatteredpixel/shatteredpixeldungeon/items/weapon/melee/Sickle.java;core/src/main/java/com/shatteredpixel/shatteredpixeldungeon/items/weapon/melee/Spear.java;core/src/main/java/com/shatteredpixel/shatteredpixeldungeon/items/weapon/melee/Sword.java;core/src/main/java/com/shatteredpixel/shatteredpixeldungeon/items/weapon/melee/WarHammer.java;core/src/main/java/com/shatteredpixel/shatteredpixeldungeon/items/weapon/melee/WarScythe.java;core/src/main/java/com/shatteredpixel/shatteredpixeldungeon/items/weapon/melee/Whip.java;core/src/main/java/com/shatteredpixel/shatteredpixeldungeon/items/weapon/melee/WornShortsword.java;core/src/main/java/com/shatteredpixel/shatteredpixeldungeon/items/weapon/missiles/darts/Dart.java;core/src/main/java/com/shatteredpixel/shatteredpixeldungeon/items/weapon/missiles/darts/TippedDart.java	hotspot
4bddef477e5a77bd338681165e28a8781115edac	v2.3.2..v2.4.2	v2.4.0: fixed a few errors in dried rose ghost desc text	core/src/main/assets/messages/items/items.properties;core/src/main/java/com/shatteredpixel/shatteredpixeldungeon/items/artifacts/DriedRose.java	general
729a862954d06a21300e8dcdbc07137743188849	v2.3.2..v2.4.2	v2.4.0: fixed greataxe ability not using new damage formula	core/src/main/java/com/shatteredpixel/shatteredpixeldungeon/items/weapon/melee/Greataxe.java	general
289a43defb339318de8b49ad6156c850ed963d4a	v2.3.2..v2.4.2	v2.4.0: added scaling to all non-damage based duelist abilities	core/src/main/assets/messages/items/items.properties;core/src/main/java/com/shatteredpixel/shatteredpixeldungeon/items/weapon/melee/AssassinsBlade.java;core/src/main/java/com/shatteredpixel/shatteredpixeldungeon/items/weapon/melee/Crossbow.java;core/src/main/java/com/shatteredpixel/shatteredpixeldungeon/items/weapon/melee/Dagger.java;core/src/main/java/com/shatteredpixel/shatteredpixeldungeon/items/weapon/melee/Dirk.java;core/src/main/java/com/shatteredpixel/shatteredpixeldungeon/items/weapon/melee/Greatshield.java;core/src/main/java/com/shatteredpixel/shatteredpixeldungeon/items/weapon/melee/Quarterstaff.java;core/src/main/java/com/shatteredpixel/shatteredpixeldungeon/items/weapon/melee/RoundShield.java;core/src/main/java/com/shatteredpixel/shatteredpixeldungeon/items/weapon/melee/RunicBlade.java;core/src/main/java/com/shatteredpixel/shatteredpixeldungeon/items/weapon/melee/Scimitar.java;core/src/main/java/com/shatteredpixel/shatteredpixeldungeon/items/weapon/melee/Whip.java;core/src/main/java/com/shatteredpixel/shatteredpixeldungeon/items/weapon/missiles/darts/Dart.java;core/src/main/java/com/shatteredpixel/shatteredpixeldungeon/items/weapon/missiles/darts/TippedDart.java;core/src/main/java/com/shatteredpixel/shatteredpixeldungeon/items/weapon/Weapon.java	general
c5b15faeeac750f3179d9f49df3bc9bf4718690f	v2.3.2..v2.4.2	v2.4.0: 'add energy' button now blinks when using trinket catalysts	core/src/main/java/com/shatteredpixel/shatteredpixeldungeon/scenes/AlchemyScene.java	slice2-candidate
d9f777afcb462841ec78d067aa2b479fd98d3a0a	v2.3.2..v2.4.2	v2.4.0: improved new 'thrown wep has broken' message for tipped darts	core/src/main/assets/messages/items/items.properties;core/src/main/java/com/shatteredpixel/shatteredpixeldungeon/items/weapon/missiles/MissileWeapon.java	general
dafbb6f859410bf8b72bf19045586fc05af2afb2	v2.3.2..v2.4.2	v2.4.0: converted all dmg-boosting duelist abilities to use flat boosts	core/src/main/assets/messages/items/items.properties;core/src/main/java/com/shatteredpixel/shatteredpixeldungeon/actors/Char.java;core/src/main/java/com/shatteredpixel/shatteredpixeldungeon/items/quest/Pickaxe.java;core/src/main/java/com/shatteredpixel/shatteredpixeldungeon/items/weapon/melee/BattleAxe.java;core/src/main/java/com/shatteredpixel/shatteredpixeldungeon/items/weapon/melee/Flail.java;core/src/main/java/com/shatteredpixel/shatteredpixeldungeon/items/weapon/melee/Gauntlet.java;core/src/main/java/com/shatteredpixel/shatteredpixeldungeon/items/weapon/melee/Glaive.java;core/src/main/java/com/shatteredpixel/shatteredpixeldungeon/items/weapon/melee/Gloves.java;core/src/main/java/com/shatteredpixel/shatteredpixeldungeon/items/weapon/melee/Greataxe.java;core/src/main/java/com/shatteredpixel/shatteredpixeldungeon/items/weapon/melee/Greatsword.java;core/src/main/java/com/shatteredpixel/shatteredpixeldungeon/items/weapon/melee/HandAxe.java;core/src/main/java/com/shatteredpixel/shatteredpixeldungeon/items/weapon/melee/Katana.java;core/src/main/java/com/shatteredpixel/shatteredpixeldungeon/items/weapon/melee/Longsword.java;core/src/main/java/com/shatteredpixel/shatteredpixeldungeon/items/weapon/melee/Mace.java;core/src/main/java/com/shatteredpixel/shatteredpixeldungeon/items/weapon/melee/Rapier.java;core/src/main/java/com/shatteredpixel/shatteredpixeldungeon/items/weapon/melee/Sai.java;core/src/main/java/com/shatteredpixel/shatteredpixeldungeon/items/weapon/melee/Shortsword.java;core/src/main/java/com/shatteredpixel/shatteredpixeldungeon/items/weapon/melee/Sickle.java;core/src/main/java/com/shatteredpixel/shatteredpixeldungeon/items/weapon/melee/Spear.java;core/src/main/java/com/shatteredpixel/shatteredpixeldungeon/items/weapon/melee/Sword.java;core/src/main/java/com/shatteredpixel/shatteredpixeldungeon/items/weapon/melee/WarHammer.java;core/src/main/java/com/shatteredpixel/shatteredpixeldungeon/items/weapon/melee/WarScythe.java;core/src/main/java/com/shatteredpixel/shatteredpixeldungeon/items/weapon/melee/WornShortsword.java	hotspot
998cc211cd8a9486bf92163774888ee03cd38088	v2.3.2..v2.4.2	v2.4.0: converted most damaging duelist abilities show damage ranges	core/src/main/assets/messages/items/items.properties;core/src/main/java/com/shatteredpixel/shatteredpixeldungeon/items/quest/Pickaxe.java;core/src/main/java/com/shatteredpixel/shatteredpixeldungeon/items/weapon/melee/BattleAxe.java;core/src/main/java/com/shatteredpixel/shatteredpixeldungeon/items/weapon/melee/Glaive.java;core/src/main/java/com/shatteredpixel/shatteredpixeldungeon/items/weapon/melee/Greataxe.java;core/src/main/java/com/shatteredpixel/shatteredpixeldungeon/items/weapon/melee/Greatsword.java;core/src/main/java/com/shatteredpixel/shatteredpixeldungeon/items/weapon/melee/HandAxe.java;core/src/main/java/com/shatteredpixel/shatteredpixeldungeon/items/weapon/melee/Katana.java;core/src/main/java/com/shatteredpixel/shatteredpixeldungeon/items/weapon/melee/Longsword.java;core/src/main/java/com/shatteredpixel/shatteredpixeldungeon/items/weapon/melee/Mace.java;core/src/main/java/com/shatteredpixel/shatteredpixeldungeon/items/weapon/melee/MeleeWeapon.java;core/src/main/java/com/shatteredpixel/shatteredpixeldungeon/items/weapon/melee/Rapier.java;core/src/main/java/com/shatteredpixel/shatteredpixeldungeon/items/weapon/melee/Shortsword.java;core/src/main/java/com/shatteredpixel/shatteredpixeldungeon/items/weapon/melee/Sickle.java;core/src/main/java/com/shatteredpixel/shatteredpixeldungeon/items/weapon/melee/Spear.java;core/src/main/java/com/shatteredpixel/shatteredpixeldungeon/items/weapon/melee/Sword.java;core/src/main/java/com/shatteredpixel/shatteredpixeldungeon/items/weapon/melee/WarHammer.java;core/src/main/java/com/shatteredpixel/shatteredpixeldungeon/items/weapon/melee/WarScythe.java;core/src/main/java/com/shatteredpixel/shatteredpixeldungeon/items/weapon/melee/WornShortsword.java	general
afb045be9160e7a41d440aebad1c0d73edb54926	v2.3.2..v2.4.2	v2.4.0: added descriptions for monk and gladiator empowered abilities	core/src/main/assets/messages/actors/actors.properties;core/src/main/java/com/shatteredpixel/shatteredpixeldungeon/actors/buffs/Combo.java;core/src/main/java/com/shatteredpixel/shatteredpixeldungeon/actors/buffs/MonkEnergy.java	general
8f1fc51a528360688cb985bf9d253a72f566eb63	v2.3.2..v2.4.2	v2.4.0: fixed king's crown automatically IDing armor	core/src/main/java/com/shatteredpixel/shatteredpixeldungeon/items/armor/ClassArmor.java	general
6e54fd04ba3079d29143fba394975e4a100798f0	v2.3.2..v2.4.2	v2.4.0: dried rose now includes ghost's strength in its description	core/src/main/assets/messages/items/items.properties;core/src/main/java/com/shatteredpixel/shatteredpixeldungeon/items/artifacts/DriedRose.java	general
82eacce5466343e742459b3ffca9859dd2de4dda	v2.3.2..v2.4.2	v2.4.0: adjusted secret rooms to use the same queueing as special rooms	core/src/main/java/com/shatteredpixel/shatteredpixeldungeon/levels/rooms/secret/SecretRoom.java	general
6233de2f755d4de3c3b948e91cc183e2344911f3	v2.3.2..v2.4.2	v2.4.0: started phasing out the power saver option	core/src/main/java/com/shatteredpixel/shatteredpixeldungeon/windows/WndSettings.java	hotspot
f857349a5716c319dba95ce3e9a85de610ed02a2	v2.3.2..v2.4.2	v2.4.0: improved when the player taps on an enemy that charmed them	core/src/main/assets/messages/actors/actors.properties;core/src/main/java/com/shatteredpixel/shatteredpixeldungeon/actors/hero/Hero.java	hotspot
f23962ec5649ffccddc69f53b34665ed0278fd7f	v2.3.2..v2.4.2	v2.4.0: fixed very rare cases of hourglass affecting levelgen	core/src/main/java/com/shatteredpixel/shatteredpixeldungeon/levels/CityBossLevel.java;core/src/main/java/com/shatteredpixel/shatteredpixeldungeon/levels/rooms/special/ShopRoom.java	hotspot
544c1e926d77fd9aeee31e412c6c1d9137dd2b35	v2.3.2..v2.4.2	v2.4.0: transfusion now uses damage wand logic, fixed desc errors too	core/src/main/java/com/shatteredpixel/shatteredpixeldungeon/items/wands/DamageWand.java;core/src/main/java/com/shatteredpixel/shatteredpixeldungeon/items/wands/WandOfTransfusion.java	general
2b8d344cd0ba502c8ac3b01c16cd24472a46350e	v2.3.2..v2.4.2	v2.4.0: brews/elixirs/spells now trigger on-potion and on-scroll talents	core/src/main/assets/messages/actors/actors.properties;core/src/main/java/com/shatteredpixel/shatteredpixeldungeon/items/potions/brews/AquaBrew.java;core/src/main/java/com/shatteredpixel/shatteredpixeldungeon/items/potions/elixirs/ElixirOfFeatherFall.java;core/src/main/java/com/shatteredpixel/shatteredpixeldungeon/items/potions/elixirs/ElixirOfMight.java;core/src/main/java/com/shatteredpixel/shatteredpixeldungeon/items/potions/exotic/PotionOfDivineInspiration.java;core/src/main/java/com/shatteredpixel/shatteredpixeldungeon/items/potions/exotic/PotionOfDragonsBreath.java;core/src/main/java/com/shatteredpixel/shatteredpixeldungeon/items/potions/exotic/PotionOfMastery.java;core/src/main/java/com/shatteredpixel/shatteredpixeldungeon/items/potions/Potion.java;core/src/main/java/com/shatteredpixel/shatteredpixeldungeon/items/scrolls/Scroll.java;core/src/main/java/com/shatteredpixel/shatteredpixeldungeon/items/spells/Alchemize.java;core/src/main/java/com/shatteredpixel/shatteredpixeldungeon/items/spells/BeaconOfReturning.java;core/src/main/java/com/shatteredpixel/shatteredpixeldungeon/items/spells/CurseInfusion.java;core/src/main/java/com/shatteredpixel/shatteredpixeldungeon/items/spells/InventorySpell.java;core/src/main/java/com/shatteredpixel/shatteredpixeldungeon/items/spells/MagicalInfusion.java;core/src/main/java/com/shatteredpixel/shatteredpixeldungeon/items/spells/PhaseShift.java;core/src/main/java/com/shatteredpixel/shatteredpixeldungeon/items/spells/ReclaimTrap.java;core/src/main/java/com/shatteredpixel/shatteredpixeldungeon/items/spells/Recycle.java;core/src/main/java/com/shatteredpixel/shatteredpixeldungeon/items/spells/Spell.java;core/src/main/java/com/shatteredpixel/shatteredpixeldungeon/items/spells/SummonElemental.java;core/src/main/java/com/shatteredpixel/shatteredpixeldungeon/items/spells/TargetedSpell.java;core/src/main/java/com/shatteredpixel/shatteredpixeldungeon/items/spells/TelekineticGrab.java;core/src/main/java/com/shatteredpixel/shatteredpixeldungeon/items/spells/UnstableSpell.java;core/src/main/java/com/shatteredpixel/shatteredpixeldungeon/items/spells/WildEnergy.java	general
5cc36a8f0eea06de7ad4327ca5654028c49439ac	v2.3.2..v2.4.2	v2.4.0: added constants for output quantities of elixirs/brews/spells	core/src/main/java/com/shatteredpixel/shatteredpixeldungeon/items/potions/brews/AquaBrew.java;core/src/main/java/com/shatteredpixel/shatteredpixeldungeon/items/potions/elixirs/ElixirOfFeatherFall.java;core/src/main/java/com/shatteredpixel/shatteredpixeldungeon/items/spells/Alchemize.java;core/src/main/java/com/shatteredpixel/shatteredpixeldungeon/items/spells/BeaconOfReturning.java;core/src/main/java/com/shatteredpixel/shatteredpixeldungeon/items/spells/CurseInfusion.java;core/src/main/java/com/shatteredpixel/shatteredpixeldungeon/items/spells/PhaseShift.java;core/src/main/java/com/shatteredpixel/shatteredpixeldungeon/items/spells/ReclaimTrap.java;core/src/main/java/com/shatteredpixel/shatteredpixeldungeon/items/spells/Recycle.java;core/src/main/java/com/shatteredpixel/shatteredpixeldungeon/items/spells/SummonElemental.java;core/src/main/java/com/shatteredpixel/shatteredpixeldungeon/items/spells/TelekineticGrab.java;core/src/main/java/com/shatteredpixel/shatteredpixeldungeon/items/spells/WildEnergy.java	general
1c1d6701542095dc664215f5c5f095e93ed0e26b	v2.3.2..v2.4.2	v2.4.0: improved descs for gladiator and monk	core/src/main/assets/messages/actors/actors.properties	localization
ed46d143c0f6ce07fd3e8bdf872bd68f6e9f1247	v2.3.2..v2.4.2	v2.4.0: rat king now wears a party hat on april fools (late I know =S)	core/src/main/assets/messages/actors/actors.properties;core/src/main/assets/sprites/ratking.png;core/src/main/java/com/shatteredpixel/shatteredpixeldungeon/actors/mobs/npcs/RatKing.java;core/src/main/java/com/shatteredpixel/shatteredpixeldungeon/sprites/RatKingSprite.java	assets
d76667a0e2d7dda8a4d1dd2ec3ae26f7cf4672cf	v2.3.2..v2.4.2	v2.4.0: fixed rare cases of visible traps being in halls in caves	core/src/main/java/com/shatteredpixel/shatteredpixeldungeon/levels/painters/CavesPainter.java	general
6e5d221200b4d6840be211f5dd95edf1fdaff997	v2.3.2..v2.4.2	v2.4.0: fixed accidental removal of arcane resin sprite asset	core/src/main/assets/sprites/items.png	assets
28e1c18694080d95d397e586f2c23f73d84dfc71	v2.3.2..v2.4.2	v2.4.0: added two more trinkets	core/src/main/assets/messages/items/items.properties;core/src/main/assets/sprites/items.png;core/src/main/java/com/shatteredpixel/shatteredpixeldungeon/actors/Char.java;core/src/main/java/com/shatteredpixel/shatteredpixeldungeon/items/Generator.java;core/src/main/java/com/shatteredpixel/shatteredpixeldungeon/items/trinkets/ThirteenLeafClover.java;core/src/main/java/com/shatteredpixel/shatteredpixeldungeon/items/trinkets/TrapMechanism.java;core/src/main/java/com/shatteredpixel/shatteredpixeldungeon/levels/Level.java;core/src/main/java/com/shatteredpixel/shatteredpixeldungeon/sprites/ItemSpriteSheet.java;SPD-classes/src/main/java/com/watabou/utils/Random.java	slice2-candidate
36d40650e32100dc0e4d8e551ffdecebc50a7373	v2.3.2..v2.4.2	v2.4.0: fixed incorrect sprite size values for exotic crystals	core/src/main/java/com/shatteredpixel/shatteredpixeldungeon/sprites/ItemSpriteSheet.java	general
2a56271091b97a830ba128cd609928601f16eab7	v2.3.2..v2.4.2	v2.4.0: created new methods for rolls that are for damage/blocking	core/src/main/java/com/shatteredpixel/shatteredpixeldungeon/actors/buffs/Bleeding.java;core/src/main/java/com/shatteredpixel/shatteredpixeldungeon/actors/buffs/Burning.java;core/src/main/java/com/shatteredpixel/shatteredpixeldungeon/actors/buffs/HoldFast.java;core/src/main/java/com/shatteredpixel/shatteredpixeldungeon/actors/Char.java;core/src/main/java/com/shatteredpixel/shatteredpixeldungeon/actors/hero/abilities/duelist/ElementalStrike.java;core/src/main/java/com/shatteredpixel/shatteredpixeldungeon/actors/hero/abilities/huntress/SpiritHawk.java;core/src/main/java/com/shatteredpixel/shatteredpixeldungeon/actors/hero/abilities/mage/ElementalBlast.java;core/src/main/java/com/shatteredpixel/shatteredpixeldungeon/actors/hero/abilities/mage/WarpBeacon.java;core/src/main/java/com/shatteredpixel/shatteredpixeldungeon/actors/hero/abilities/rogue/ShadowClone.java;core/src/main/java/com/shatteredpixel/shatteredpixeldungeon/actors/hero/abilities/rogue/SmokeBomb.java;core/src/main/java/com/shatteredpixel/shatteredpixeldungeon/actors/hero/abilities/warrior/HeroicLeap.java;core/src/main/java/com/shatteredpixel/shatteredpixeldungeon/actors/hero/abilities/warrior/Shockwave.java;core/src/main/java/com/shatteredpixel/shatteredpixeldungeon/actors/hero/Hero.java;core/src/main/java/com/shatteredpixel/shatteredpixeldungeon/actors/mobs/ArmoredStatue.java;core/src/main/java/com/shatteredpixel/shatteredpixeldungeon/actors/mobs/Bat.java;core/src/main/java/com/shatteredpixel/shatteredpixeldungeon/actors/mobs/Bee.java;core/src/main/java/com/shatteredpixel/shatteredpixeldungeon/actors/mobs/Brute.java;core/src/main/java/com/shatteredpixel/shatteredpixeldungeon/actors/mobs/Crab.java;core/src/main/java/com/shatteredpixel/shatteredpixeldungeon/actors/mobs/CrystalGuardian.java;core/src/main/java/com/shatteredpixel/shatteredpixeldungeon/actors/mobs/CrystalSpire.java;core/src/main/java/com/shatteredpixel/shatteredpixeldungeon/actors/mobs/CrystalWisp.java;core/src/main/java/com/shatteredpixel/shatteredpixeldungeon/actors/mobs/DemonSpawner.java;core/src/main/java/com/shatteredpixel/shatteredpixeldungeon/actors/mobs/DM100.java;core/src/main/java/com/shatteredpixel/shatteredpixeldungeon/actors/mobs/DM200.java;core/src/main/java/com/shatteredpixel/shatteredpixeldungeon/actors/mobs/DM201.java;core/src/main/java/com/shatteredpixel/shatteredpixeldungeon/actors/mobs/DM300.java;core/src/main/java/com/shatteredpixel/shatteredpixeldungeon/actors/mobs/DwarfKing.java;core/src/main/java/com/shatteredpixel/shatteredpixeldungeon/actors/mobs/Elemental.java;core/src/main/java/com/shatteredpixel/shatteredpixeldungeon/actors/mobs/Eye.java;core/src/main/java/com/shatteredpixel/shatteredpixeldungeon/actors/mobs/FetidRat.java;core/src/main/java/com/shatteredpixel/shatteredpixeldungeon/actors/mobs/FungalSentry.java;core/src/main/java/com/shatteredpixel/shatteredpixeldungeon/actors/mobs/Ghoul.java;core/src/main/java/com/shatteredpixel/shatteredpixeldungeon/actors/mobs/Gnoll.java;core/src/main/java/com/shatteredpixel/shatteredpixeldungeon/actors/mobs/GnollGeomancer.java;core/src/main/java/com/shatteredpixel/shatteredpixeldungeon/actors/mobs/GnollGuard.java;core/src/main/java/com/shatteredpixel/shatteredpixeldungeon/actors/mobs/GnollSapper.java;core/src/main/java/com/shatteredpixel/shatteredpixeldungeon/actors/mobs/Golem.java;core/src/main/java/com/shatteredpixel/shatteredpixeldungeon/actors/mobs/Goo.java;core/src/main/java/com/shatteredpixel/shatteredpixeldungeon/actors/mobs/Guard.java;core/src/main/java/com/shatteredpixel/shatteredpixeldungeon/actors/mobs/Mimic.java;core/src/main/java/com/shatteredpixel/shatteredpixeldungeon/actors/mobs/Monk.java;core/src/main/java/com/shatteredpixel/shatteredpixeldungeon/actors/mobs/Necromancer.java;core/src/main/java/com/shatteredpixel/shatteredpixeldungeon/actors/mobs/npcs/MirrorImage.java;core/src/main/java/com/shatteredpixel/shatteredpixeldungeon/actors/mobs/npcs/PrismaticImage.java;core/src/main/java/com/shatteredpixel/shatteredpixeldungeon/actors/mobs/Piranha.java;core/src/main/java/com/shatteredpixel/shatteredpixeldungeon/actors/mobs/Pylon.java;core/src/main/java/com/shatteredpixel/shatteredpixeldungeon/actors/mobs/Rat.java;core/src/main/java/com/shatteredpixel/shatteredpixeldungeon/actors/mobs/RipperDemon.java;core/src/main/java/com/shatteredpixel/shatteredpixeldungeon/actors/mobs/RotHeart.java;core/src/main/java/com/shatteredpixel/shatteredpixeldungeon/actors/mobs/RotLasher.java;core/src/main/java/com/shatteredpixel/shatteredpixeldungeon/actors/mobs/Scorpio.java;core/src/main/java/com/shatteredpixel/shatteredpixeldungeon/actors/mobs/Senior.java;core/src/main/java/com/shatteredpixel/shatteredpixeldungeon/actors/mobs/Shaman.java;core/src/main/java/com/shatteredpixel/shatteredpixeldungeon/actors/mobs/Skeleton.java;core/src/main/java/com/shatteredpixel/shatteredpixeldungeon/actors/mobs/Slime.java;core/src/main/java/com/shatteredpixel/shatteredpixeldungeon/actors/mobs/Snake.java;core/src/main/java/com/shatteredpixel/shatteredpixeldungeon/actors/mobs/SpectralNecromancer.java;core/src/main/java/com/shatteredpixel/shatteredpixeldungeon/actors/mobs/Spinner.java;core/src/main/java/com/shatteredpixel/shatteredpixeldungeon/actors/mobs/Statue.java;core/src/main/java/com/shatteredpixel/shatteredpixeldungeon/actors/mobs/Succubus.java;core/src/main/java/com/shatteredpixel/shatteredpixeldungeon/actors/mobs/Swarm.java;core/src/main/java/com/shatteredpixel/shatteredpixeldungeon/actors/mobs/Tengu.java;core/src/main/java/com/shatteredpixel/shatteredpixeldungeon/actors/mobs/Thief.java;core/src/main/java/com/shatteredpixel/shatteredpixeldungeon/actors/mobs/TormentedSpirit.java;core/src/main/java/com/shatteredpixel/shatteredpixeldungeon/actors/mobs/Warlock.java;core/src/main/java/com/shatteredpixel/shatteredpixeldungeon/actors/mobs/Wraith.java;core/src/main/java/com/shatteredpixel/shatteredpixeldungeon/actors/mobs/YogDzewa.java;core/src/main/java/com/shatteredpixel/shatteredpixeldungeon/actors/mobs/YogFist.java;core/src/main/java/com/shatteredpixel/shatteredpixeldungeon/items/armor/glyphs/AntiMagic.java;core/src/main/java/com/shatteredpixel/shatteredpixeldungeon/items/artifacts/CapeOfThorns.java;core/src/main/java/com/shatteredpixel/shatteredpixeldungeon/items/artifacts/DriedRose.java;core/src/main/java/com/shatteredpixel/shatteredpixeldungeon/items/bombs/ArcaneBomb.java;core/src/main/java/com/shatteredpixel/shatteredpixeldungeon/items/bombs/Bomb.java;core/src/main/java/com/shatteredpixel/shatteredpixeldungeon/items/bombs/HolyBomb.java;core/src/main/java/com/shatteredpixel/shatteredpixeldungeon/items/bombs/ShockBomb.java;core/src/main/java/com/shatteredpixel/shatteredpixeldungeon/items/bombs/ShrapnelBomb.java;core/src/main/java/com/shatteredpixel/shatteredpixeldungeon/items/KindOfWeapon.java;core/src/main/java/com/shatteredpixel/shatteredpixeldungeon/items/rings/RingOfForce.java;core/src/main/java/com/shatteredpixel/shatteredpixeldungeon/items/wands/DamageWand.java;core/src/main/java/com/shatteredpixel/shatteredpixeldungeon/items/wands/WandOfBlastWave.java;core/src/main/java/com/shatteredpixel/shatteredpixeldungeon/items/wands/WandOfLivingEarth.java;core/src/main/java/com/shatteredpixel/shatteredpixeldungeon/items/wands/WandOfTransfusion.java;core/src/main/java/com/shatteredpixel/shatteredpixeldungeon/items/wands/WandOfWarding.java;core/src/main/java/com/shatteredpixel/shatteredpixeldungeon/items/weapon/enchantments/Blazing.java;core/src/main/java/com/shatteredpixel/shatteredpixeldungeon/items/weapon/melee/AssassinsBlade.java;core/src/main/java/com/shatteredpixel/shatteredpixeldungeon/items/weapon/melee/Dagger.java;core/src/main/java/com/shatteredpixel/shatteredpixeldungeon/items/weapon/melee/Dirk.java;core/src/main/java/com/shatteredpixel/shatteredpixeldungeon/items/weapon/melee/MeleeWeapon.java;core/src/main/java/com/shatteredpixel/shatteredpixeldungeon/items/weapon/missiles/darts/HolyDart.java;core/src/main/java/com/shatteredpixel/shatteredpixeldungeon/items/weapon/missiles/darts/ShockingDart.java;core/src/main/java/com/shatteredpixel/shatteredpixeldungeon/items/weapon/missiles/Kunai.java;core/src/main/java/com/shatteredpixel/shatteredpixeldungeon/items/weapon/missiles/MissileWeapon.java;core/src/main/java/com/shatteredpixel/shatteredpixeldungeon/items/weapon/missiles/ThrowingKnife.java;core/src/main/java/com/shatteredpixel/shatteredpixeldungeon/items/weapon/SpiritBow.java;core/src/main/java/com/shatteredpixel/shatteredpixeldungeon/levels/CavesBossLevel.java;core/src/main/java/com/shatteredpixel/shatteredpixeldungeon/levels/features/Chasm.java;core/src/main/java/com/shatteredpixel/shatteredpixeldungeon/levels/rooms/special/SentryRoom.java;core/src/main/java/com/shatteredpixel/shatteredpixeldungeon/levels/traps/DisintegrationTrap.java;core/src/main/java/com/shatteredpixel/shatteredpixeldungeon/levels/traps/GeyserTrap.java;core/src/main/java/com/shatteredpixel/shatteredpixeldungeon/levels/traps/GnollRockfallTrap.java;core/src/main/java/com/shatteredpixel/shatteredpixeldungeon/levels/traps/PoisonDartTrap.java;core/src/main/java/com/shatteredpixel/shatteredpixeldungeon/levels/traps/RockfallTrap.java;core/src/main/java/com/shatteredpixel/shatteredpixeldungeon/levels/traps/WornDartTrap.java	hotspot
97fc33d92644863ca3cebc14e53b47f494d848c0	v2.3.2..v2.4.2	v2.4.0: fixed and slightly expanded functionality in Random	SPD-classes/src/main/java/com/watabou/utils/Random.java	general
a69ca2e15d6b4eb29c39c585aadf00000d3688c5	v2.3.2..v2.4.2	v2.4.0: added a game log warning to dimensional sundial	core/src/main/assets/messages/items/items.properties;core/src/main/java/com/shatteredpixel/shatteredpixeldungeon/items/trinkets/DimensionalSundial.java;core/src/main/java/com/shatteredpixel/shatteredpixeldungeon/scenes/GameScene.java	slice2-candidate
39ec287ee5c557e6d0868688085341f0a7efc369	v2.3.2..v2.4.2	v2.4.0: trinket selection window now remembers trinkets if game is quit	core/src/main/java/com/shatteredpixel/shatteredpixeldungeon/items/trinkets/TrinketCatalyst.java	slice2-candidate
d64bf7c422aa1ff9372e05df6d4ad7f9afd23bf9	v2.3.2..v2.4.2	v2.4.0: added a new trinket: Dimensional Sundial	core/src/main/assets/messages/items/items.properties;core/src/main/assets/sprites/items.png;core/src/main/java/com/shatteredpixel/shatteredpixeldungeon/items/Generator.java;core/src/main/java/com/shatteredpixel/shatteredpixeldungeon/items/trinkets/DimensionalSundial.java;core/src/main/java/com/shatteredpixel/shatteredpixeldungeon/levels/Level.java;core/src/main/java/com/shatteredpixel/shatteredpixeldungeon/sprites/ItemSpriteSheet.java	slice2-candidate
bfee2fb98d177b58e3a02ed30527efa1ae001f83	v2.3.2..v2.4.2	v2.4.0: replaced the two T1 on-id talents with damage boost talents	core/src/main/assets/interfaces/talent_icons.png;core/src/main/assets/messages/actors/actors.properties;core/src/main/java/com/shatteredpixel/shatteredpixeldungeon/actors/Char.java;core/src/main/java/com/shatteredpixel/shatteredpixeldungeon/actors/hero/Talent.java;core/src/main/java/com/shatteredpixel/shatteredpixeldungeon/items/wands/Wand.java	assets
5576a7777f78d4dc66fd5290bbb3b732b0d3aa3d	v2.3.2..v2.4.2	v2.4.0: redesigned the cached rations talent	core/src/main/assets/messages/actors/actors.properties;core/src/main/assets/messages/items/items.properties;core/src/main/assets/sprites/items.png;core/src/main/java/com/shatteredpixel/shatteredpixeldungeon/items/artifacts/CloakOfShadows.java;core/src/main/java/com/shatteredpixel/shatteredpixeldungeon/items/food/SupplyRation.java;core/src/main/java/com/shatteredpixel/shatteredpixeldungeon/levels/RegularLevel.java;core/src/main/java/com/shatteredpixel/shatteredpixeldungeon/sprites/ItemSpriteSheet.java	assets
c1fabfbd8ae3981aa19e877900cb72663319c9ae	v2.3.2..v2.4.2	v2.4.0: fixed a few bugs when tipped darts get high durability	core/src/main/java/com/shatteredpixel/shatteredpixeldungeon/items/wands/WandOfRegrowth.java;core/src/main/java/com/shatteredpixel/shatteredpixeldungeon/items/weapon/missiles/darts/TippedDart.java	general
375368403ab23cc227d63fb1ec4ce93b67129c96	v2.3.2..v2.4.2	v2.4.0: simplified and slightly nerfed hearty meal	core/src/main/assets/messages/actors/actors.properties;core/src/main/java/com/shatteredpixel/shatteredpixeldungeon/actors/hero/Talent.java;core/src/main/java/com/shatteredpixel/shatteredpixeldungeon/ui/StatusPane.java	general
9f3545c1a0abcceb292ba29f40839b56c9d5b111	v2.3.2..v2.4.2	v2.4.0: also applied visual paralysis change for ghoul crumple	core/src/main/java/com/shatteredpixel/shatteredpixeldungeon/sprites/GhoulSprite.java	general
20b2cda8b9ff645d9ee4dae911c50af530432efb	v2.3.2..v2.4.2	v2.4.0: visual paralysis is now cleared when characters visually die	core/src/main/java/com/shatteredpixel/shatteredpixeldungeon/sprites/CharSprite.java	general
9accc5994a4d3e0d45d3d6fe72b09efd350a7fba	v2.3.2..v2.4.2	v2.4.0: added branch checking functionality to boomerang circleback	core/src/main/java/com/shatteredpixel/shatteredpixeldungeon/items/weapon/missiles/HeavyBoomerang.java	general
7195d81d7b18e9333ec8e2805a696d67e66ef41d	v2.3.2..v2.4.2	v2.4.0: added a check to prevent actor processing after scene change	core/src/main/java/com/shatteredpixel/shatteredpixeldungeon/actors/Actor.java;SPD-classes/src/main/java/com/watabou/noosa/Game.java	hotspot
ec165ecbe70d9ea61f539950306a12c0c3d12f74	v2.3.2..v2.4.2	v2.4.0: fixed armband not updating quickslots when stealing items	core/src/main/java/com/shatteredpixel/shatteredpixeldungeon/items/artifacts/MasterThievesArmband.java	general
ddd2b2fa3b987b7bc943fb4eb61b711965c4e2cc	v2.3.2..v2.4.2	v2.4.0: fixed outdated java version in desktop quick setup	docs/getting-started-desktop.md	docs
34a68ff0de58dfd1dc90da77c13210223d6d65f5	v2.3.2..v2.4.2	v2.4.0: gnoll sappers no longer grant armor to corrupted gnoll guards	core/src/main/java/com/shatteredpixel/shatteredpixeldungeon/actors/mobs/GnollSapper.java	general
ec6fbd94c2f751a6288db828f3106b9766eb50ca	v2.3.2..v2.4.2	v2.4.0: fixed brimstone arcana effect capping at +50%	core/src/main/java/com/shatteredpixel/shatteredpixeldungeon/actors/buffs/Burning.java	general
08fc0a23be204d58dcf08058e00a3a1994835475	v2.3.2..v2.4.2	v2.4.0: fixed artifs being unable to gain more than 1 charge at a time	core/src/main/java/com/shatteredpixel/shatteredpixeldungeon/items/artifacts/CloakOfShadows.java;core/src/main/java/com/shatteredpixel/shatteredpixeldungeon/items/artifacts/DriedRose.java;core/src/main/java/com/shatteredpixel/shatteredpixeldungeon/items/artifacts/EtherealChains.java;core/src/main/java/com/shatteredpixel/shatteredpixeldungeon/items/artifacts/HornOfPlenty.java;core/src/main/java/com/shatteredpixel/shatteredpixeldungeon/items/artifacts/LloydsBeacon.java;core/src/main/java/com/shatteredpixel/shatteredpixeldungeon/items/artifacts/TalismanOfForesight.java;core/src/main/java/com/shatteredpixel/shatteredpixeldungeon/items/artifacts/TimekeepersHourglass.java;core/src/main/java/com/shatteredpixel/shatteredpixeldungeon/items/artifacts/UnstableSpellbook.java	general
4ec2c80e104e3fad5f66060ab3ff84d0d41640a5	v2.3.2..v2.4.2	v2.4.0: fixed sandals of nature incorrectly interacting with recharging	core/src/main/java/com/shatteredpixel/shatteredpixeldungeon/items/artifacts/SandalsOfNature.java;core/src/main/java/com/shatteredpixel/shatteredpixeldungeon/levels/features/HighGrass.java	general
ba3c7f590a0fa795c3786f02a6e4830a1b69049a	v2.3.2..v2.4.2	v2.4.0: implemented exotic crystals and mossy clump	core/src/main/assets/messages/items/items.properties;core/src/main/assets/sprites/items.png;core/src/main/java/com/shatteredpixel/shatteredpixeldungeon/actors/mobs/Mob.java;core/src/main/java/com/shatteredpixel/shatteredpixeldungeon/items/Generator.java;core/src/main/java/com/shatteredpixel/shatteredpixeldungeon/items/rings/RingOfWealth.java;core/src/main/java/com/shatteredpixel/shatteredpixeldungeon/items/trinkets/ExoticCrystals.java;core/src/main/java/com/shatteredpixel/shatteredpixeldungeon/items/trinkets/MossyClump.java;core/src/main/java/com/shatteredpixel/shatteredpixeldungeon/levels/Level.java;core/src/main/java/com/shatteredpixel/shatteredpixeldungeon/levels/painters/RegularPainter.java;core/src/main/java/com/shatteredpixel/shatteredpixeldungeon/levels/rooms/secret/SecretLaboratoryRoom.java;core/src/main/java/com/shatteredpixel/shatteredpixeldungeon/levels/rooms/secret/SecretLibraryRoom.java;core/src/main/java/com/shatteredpixel/shatteredpixeldungeon/levels/rooms/special/CrystalPathRoom.java;core/src/main/java/com/shatteredpixel/shatteredpixeldungeon/sprites/ItemSpriteSheet.java	slice2-candidate
8f237dc66ae8b83389be968b48a41a2aefcef7dc	v2.3.2..v2.4.2	v2.4.0: fixed geomancer/sappers placing boulders next to entrance	core/src/main/java/com/shatteredpixel/shatteredpixeldungeon/actors/mobs/GnollGeomancer.java;core/src/main/java/com/shatteredpixel/shatteredpixeldungeon/levels/Level.java	hotspot
24f5d738cfaa293a45b5ae3602f2a547f43109e8	v2.3.2..v2.4.2	v2.4.0: fixed view distance not restoring when Yog is defeated	core/src/main/java/com/shatteredpixel/shatteredpixeldungeon/actors/mobs/YogDzewa.java	general
7846251a45e065ab27f9cb067e85e143c6f823a5	v2.3.2..v2.4.2	v2.4.0: adjusted description text for scroll of recharging	core/src/main/assets/messages/items/items.properties	localization
3fba4c58417ad414b7ea7af1b897dc63dfcf1c13	v2.3.2..v2.4.2	v2.4.0: roughly implemented two more trinkets	core/src/main/assets/messages/items/items.properties;core/src/main/assets/sprites/items.png;core/src/main/java/com/shatteredpixel/shatteredpixeldungeon/actors/mobs/npcs/Blacksmith.java;core/src/main/java/com/shatteredpixel/shatteredpixeldungeon/actors/mobs/npcs/Ghost.java;core/src/main/java/com/shatteredpixel/shatteredpixeldungeon/items/armor/Armor.java;core/src/main/java/com/shatteredpixel/shatteredpixeldungeon/items/Generator.java;core/src/main/java/com/shatteredpixel/shatteredpixeldungeon/items/trinkets/ParchmentScrap.java;core/src/main/java/com/shatteredpixel/shatteredpixeldungeon/items/trinkets/PetrifiedSeed.java;core/src/main/java/com/shatteredpixel/shatteredpixeldungeon/items/trinkets/RatSkull.java;core/src/main/java/com/shatteredpixel/shatteredpixeldungeon/items/trinkets/TrinketCatalyst.java;core/src/main/java/com/shatteredpixel/shatteredpixeldungeon/items/weapon/Weapon.java;core/src/main/java/com/shatteredpixel/shatteredpixeldungeon/levels/features/HighGrass.java;core/src/main/java/com/shatteredpixel/shatteredpixeldungeon/sprites/ItemSpriteSheet.java	slice2-candidate
c80fa109808b9f530f946c6aad91ff4472f4ee75	v2.3.2..v2.4.2	v2.4.0: increased ghost enchant rate, smith can now also enchant	core/src/main/java/com/shatteredpixel/shatteredpixeldungeon/actors/mobs/npcs/Blacksmith.java;core/src/main/java/com/shatteredpixel/shatteredpixeldungeon/actors/mobs/npcs/Ghost.java;core/src/main/java/com/shatteredpixel/shatteredpixeldungeon/windows/WndBlacksmith.java	general
46e30809c2aea6edb1a454cfca44835255f77dfe	v2.3.2..v2.4.2	v2.4.0: adjusted temp file cleaning to ignore 0 length files	SPD-classes/src/main/java/com/watabou/utils/FileUtils.java	general
5830f5db397602dc69f7b90c62bf25cf52fe7eca	v2.3.2..v2.4.2	v2.4.0: improved how the game handles loading hero splash arts	core/src/main/java/com/shatteredpixel/shatteredpixeldungeon/scenes/HeroSelectScene.java	general
f89b687ed852a67e7e817d7c9831d63c8a7bd064	v2.3.2..v2.4.2	v2.4.0: added a safety check to hero info button	core/src/main/java/com/shatteredpixel/shatteredpixeldungeon/scenes/HeroSelectScene.java	general
fd53f180896764f1ee0633c786639631935b5a9c	v2.3.2..v2.4.2	v2.4.0: fixed various specific bugs caused by launching in fullscreen	desktop/src/main/java/com/shatteredpixel/shatteredpixeldungeon/desktop/DesktopLauncher.java;desktop/src/main/java/com/shatteredpixel/shatteredpixeldungeon/desktop/DesktopPlatformSupport.java	platform
fc3cbf395a4bdccf096eec542a555f345f710bdb	v2.3.2..v2.4.2	v2.4.0: the rat skull finally returns as the game's first trinket	core/src/main/assets/messages/items/items.properties;core/src/main/assets/sprites/items.png;core/src/main/java/com/shatteredpixel/shatteredpixeldungeon/actors/mobs/Bestiary.java;core/src/main/java/com/shatteredpixel/shatteredpixeldungeon/actors/mobs/Elemental.java;core/src/main/java/com/shatteredpixel/shatteredpixeldungeon/actors/mobs/Piranha.java;core/src/main/java/com/shatteredpixel/shatteredpixeldungeon/actors/mobs/Statue.java;core/src/main/java/com/shatteredpixel/shatteredpixeldungeon/actors/mobs/Wraith.java;core/src/main/java/com/shatteredpixel/shatteredpixeldungeon/items/quest/RatSkull.java;core/src/main/java/com/shatteredpixel/shatteredpixeldungeon/items/Recipe.java;core/src/main/java/com/shatteredpixel/shatteredpixeldungeon/items/trinkets/RatSkull.java;core/src/main/java/com/shatteredpixel/shatteredpixeldungeon/items/trinkets/Trinket.java;core/src/main/java/com/shatteredpixel/shatteredpixeldungeon/items/trinkets/TrinketCatalyst.java;core/src/main/java/com/shatteredpixel/shatteredpixeldungeon/levels/rooms/special/CrystalVaultRoom.java;core/src/main/java/com/shatteredpixel/shatteredpixeldungeon/sprites/ItemSpriteSheet.java;core/src/main/java/com/shatteredpixel/shatteredpixeldungeon/ui/changelist/v2_X_Changes.java	slice2-candidate
938a78883f110ae27ef629968c6c856a7ce806a5	v2.3.2..v2.4.2	v2.4.0: adjusted recipes and balance for spells, and 2 brews	core/src/main/assets/messages/items/items.properties;core/src/main/assets/sprites/items.png;core/src/main/java/com/shatteredpixel/shatteredpixeldungeon/items/potions/brews/CausticBrew.java;core/src/main/java/com/shatteredpixel/shatteredpixeldungeon/items/potions/brews/UnstableBrew.java;core/src/main/java/com/shatteredpixel/shatteredpixeldungeon/items/spells/Alchemize.java;core/src/main/java/com/shatteredpixel/shatteredpixeldungeon/items/spells/BeaconOfReturning.java;core/src/main/java/com/shatteredpixel/shatteredpixeldungeon/items/spells/MagicalInfusion.java;core/src/main/java/com/shatteredpixel/shatteredpixeldungeon/items/spells/PhaseShift.java;core/src/main/java/com/shatteredpixel/shatteredpixeldungeon/items/spells/ReclaimTrap.java;core/src/main/java/com/shatteredpixel/shatteredpixeldungeon/items/spells/Recycle.java;core/src/main/java/com/shatteredpixel/shatteredpixeldungeon/items/spells/SummonElemental.java;core/src/main/java/com/shatteredpixel/shatteredpixeldungeon/items/spells/TelekineticGrab.java;core/src/main/java/com/shatteredpixel/shatteredpixeldungeon/items/spells/UnstableSpell.java;core/src/main/java/com/shatteredpixel/shatteredpixeldungeon/items/spells/WildEnergy.java;core/src/main/java/com/shatteredpixel/shatteredpixeldungeon/sprites/ItemSpriteSheet.java;core/src/main/java/com/shatteredpixel/shatteredpixeldungeon/ui/QuickRecipe.java	assets
a83be1d286ba7fe0d5c634278560802b0fe791f1	v2.3.2..v2.4.2	v2.4.0: adjusted recipes and balance for brews and elixirs	core/src/main/assets/messages/actors/actors.properties;core/src/main/assets/messages/items/items.properties;core/src/main/java/com/shatteredpixel/shatteredpixeldungeon/actors/buffs/FrostImbue.java;core/src/main/java/com/shatteredpixel/shatteredpixeldungeon/actors/buffs/ToxicImbue.java;core/src/main/java/com/shatteredpixel/shatteredpixeldungeon/items/potions/brews/AquaBrew.java;core/src/main/java/com/shatteredpixel/shatteredpixeldungeon/items/potions/brews/BlizzardBrew.java;core/src/main/java/com/shatteredpixel/shatteredpixeldungeon/items/potions/brews/CausticBrew.java;core/src/main/java/com/shatteredpixel/shatteredpixeldungeon/items/potions/brews/ShockingBrew.java;core/src/main/java/com/shatteredpixel/shatteredpixeldungeon/items/potions/elixirs/ElixirOfDragonsBlood.java;core/src/main/java/com/shatteredpixel/shatteredpixeldungeon/items/potions/elixirs/ElixirOfFeatherFall.java;core/src/main/java/com/shatteredpixel/shatteredpixeldungeon/items/potions/elixirs/ElixirOfIcyTouch.java;core/src/main/java/com/shatteredpixel/shatteredpixeldungeon/items/potions/elixirs/ElixirOfMight.java;core/src/main/java/com/shatteredpixel/shatteredpixeldungeon/items/potions/elixirs/ElixirOfToxicEssence.java;core/src/main/java/com/shatteredpixel/shatteredpixeldungeon/ui/QuickRecipe.java	general
ae020c1f71a432fc5915aa3ff77e13a1f0ecff50	v2.3.2..v2.4.2	v2.4.0: added initial logic for finding/creating trinkets	core/src/main/assets/messages/items/items.properties;core/src/main/assets/sprites/items.png;core/src/main/java/com/shatteredpixel/shatteredpixeldungeon/items/Recipe.java;core/src/main/java/com/shatteredpixel/shatteredpixeldungeon/items/trinkets/Trinket.java;core/src/main/java/com/shatteredpixel/shatteredpixeldungeon/items/trinkets/TrinketCatalyst.java;core/src/main/java/com/shatteredpixel/shatteredpixeldungeon/levels/Level.java;core/src/main/java/com/shatteredpixel/shatteredpixeldungeon/levels/RegularLevel.java;core/src/main/java/com/shatteredpixel/shatteredpixeldungeon/scenes/AlchemyScene.java;core/src/main/java/com/shatteredpixel/shatteredpixeldungeon/sprites/ItemSpriteSheet.java;core/src/main/java/com/shatteredpixel/shatteredpixeldungeon/windows/WndJournal.java	slice2-candidate
4bb583b24f65828ff01d31b09130e1a46c63e553	v2.3.2..v2.4.2	v2.4.0: adjusted alchemy room spawning, always on 3rd or 4th floor	core/src/main/java/com/shatteredpixel/shatteredpixeldungeon/levels/rooms/special/SpecialRoom.java	general
21804614eb8508be6aa55c1ef9925e12cae30ed3	v2.3.2..v2.4.2	v2.4.0: slightly reduced free energy spawns	core/src/main/java/com/shatteredpixel/shatteredpixeldungeon/items/EnergyCrystal.java;core/src/main/java/com/shatteredpixel/shatteredpixeldungeon/levels/rooms/secret/SecretLaboratoryRoom.java;core/src/main/java/com/shatteredpixel/shatteredpixeldungeon/levels/rooms/special/LaboratoryRoom.java	general
bf0b95aa96761cb464f9d864776ffd430036bc1e	v2.3.2..v2.4.2	v2.4.0: unstable brew/spell are now more likely to roll a useful effect	core/src/main/assets/messages/items/items.properties;core/src/main/java/com/shatteredpixel/shatteredpixeldungeon/items/potions/brews/UnstableBrew.java;core/src/main/java/com/shatteredpixel/shatteredpixeldungeon/items/potions/Potion.java;core/src/main/java/com/shatteredpixel/shatteredpixeldungeon/items/spells/UnstableSpell.java	general
9b723f36bc6fbd5b8103558adbdde8e47668e7b1	v2.3.2..v2.4.2	v2.4.0: added some game log text when thrown weapons break	core/src/main/assets/messages/items/items.properties;core/src/main/java/com/shatteredpixel/shatteredpixeldungeon/items/weapon/missiles/MissileWeapon.java	general
f7c6a2ad289891ed96f8718fd5b50b92a09a8091	v2.3.2..v2.4.2	v2.4.0: fixed empowered flurry of blows not using projecting enchant	core/src/main/java/com/shatteredpixel/shatteredpixeldungeon/actors/buffs/MonkEnergy.java	general
7be69b65e3ba0a7ab2879c76af02b725bcf20671	v2.3.2..v2.4.2	v2.4.0: fixed swift equip not working during time freeze	core/src/main/java/com/shatteredpixel/shatteredpixeldungeon/items/KindOfWeapon.java	general
68895b1340326e5cb1702e01c5f872d35fb9605e	v2.3.2..v2.4.2	v2.4.0: ethereal chains now resolve just before cell pressing	core/src/main/java/com/shatteredpixel/shatteredpixeldungeon/items/artifacts/EtherealChains.java	general
780966db42124f1410ed35b22f692d74f3beec62	v2.3.2..v2.4.2	v2.4.0: fixed thrown weapons sticking to ghouls as they are downed	core/src/main/java/com/shatteredpixel/shatteredpixeldungeon/items/weapon/missiles/MissileWeapon.java	general
8efb48d83ff105a10e033ee370463225ced84626	v2.3.2..v2.4.2	v2.4.0: added new buttons and bindings in the alchemy scene	core/src/main/assets/messages/scenes/scenes.properties;core/src/main/java/com/shatteredpixel/shatteredpixeldungeon/items/Item.java;core/src/main/java/com/shatteredpixel/shatteredpixeldungeon/scenes/AlchemyScene.java	general
340900abcbace1b2f4dfbfd52a9b1ba82f5e1f42	v2.3.2..v2.4.2	v2.4.0: added a 'repeat' icon, and fixed copy/paste being swapped	core/src/main/assets/interfaces/icons.png;core/src/main/java/com/shatteredpixel/shatteredpixeldungeon/ui/Icons.java	assets
3746633b1f2d0449605a23ab3ea6a6852958a6ec	v2.3.2..v2.4.2	v2.4.0: fixed cases where Yog could command minions to attack themselves	core/src/main/java/com/shatteredpixel/shatteredpixeldungeon/actors/mobs/YogDzewa.java	general
bfb4602151e717053fa78a86b5ad9dd8bb3eaa62	v2.3.2..v2.4.2	v2.4.0: fixed cases of runestones affecting terrain when they shouldn't	core/src/main/java/com/shatteredpixel/shatteredpixeldungeon/items/stones/Runestone.java;core/src/main/java/com/shatteredpixel/shatteredpixeldungeon/items/stones/StoneOfDisarming.java;core/src/main/java/com/shatteredpixel/shatteredpixeldungeon/items/stones/StoneOfFlock.java	general
a00355b71289d38f89f017b1fbb85d0e07f0f053	v2.3.2..v2.4.2	v2.4.0: replaced catalysts with a new unstable brew and spell	core/src/main/assets/messages/items/items.properties;core/src/main/assets/messages/journal/journal.properties;core/src/main/assets/messages/misc/misc.properties;core/src/main/assets/sprites/items.png;core/src/main/java/com/shatteredpixel/shatteredpixeldungeon/items/potions/AlchemicalCatalyst.java;core/src/main/java/com/shatteredpixel/shatteredpixeldungeon/items/potions/brews/BlizzardBrew.java;core/src/main/java/com/shatteredpixel/shatteredpixeldungeon/items/potions/brews/InfernalBrew.java;core/src/main/java/com/shatteredpixel/shatteredpixeldungeon/items/potions/brews/ShockingBrew.java;core/src/main/java/com/shatteredpixel/shatteredpixeldungeon/items/potions/brews/UnstableBrew.java;core/src/main/java/com/shatteredpixel/shatteredpixeldungeon/items/potions/elixirs/ElixirOfDragonsBlood.java;core/src/main/java/com/shatteredpixel/shatteredpixeldungeon/items/potions/elixirs/ElixirOfIcyTouch.java;core/src/main/java/com/shatteredpixel/shatteredpixeldungeon/items/potions/elixirs/ElixirOfMight.java;core/src/main/java/com/shatteredpixel/shatteredpixeldungeon/items/potions/elixirs/ElixirOfToxicEssence.java;core/src/main/java/com/shatteredpixel/shatteredpixeldungeon/items/potions/Potion.java;core/src/main/java/com/shatteredpixel/shatteredpixeldungeon/items/Recipe.java;core/src/main/java/com/shatteredpixel/shatteredpixeldungeon/items/rings/RingOfWealth.java;core/src/main/java/com/shatteredpixel/shatteredpixeldungeon/items/scrolls/ScrollOfTransmutation.java;core/src/main/java/com/shatteredpixel/shatteredpixeldungeon/items/spells/Alchemize.java;core/src/main/java/com/shatteredpixel/shatteredpixeldungeon/items/spells/ArcaneCatalyst.java;core/src/main/java/com/shatteredpixel/shatteredpixeldungeon/items/spells/Recycle.java;core/src/main/java/com/shatteredpixel/shatteredpixeldungeon/items/spells/UnstableSpell.java;core/src/main/java/com/shatteredpixel/shatteredpixeldungeon/journal/Document.java;core/src/main/java/com/shatteredpixel/shatteredpixeldungeon/ShatteredPixelDungeon.java;core/src/main/java/com/shatteredpixel/shatteredpixeldungeon/sprites/ItemSpriteSheet.java;core/src/main/java/com/shatteredpixel/shatteredpixeldungeon/ui/changelist/v0_7_X_Changes.java;core/src/main/java/com/shatteredpixel/shatteredpixeldungeon/ui/QuickRecipe.java;core/src/main/java/com/shatteredpixel/shatteredpixeldungeon/windows/WndJournal.java	slice2-candidate
19ac7e7a45be34d1af968f9cf1966dc89fac090e	v2.3.2..v2.4.2	v2.4.0: fixed music not properly pausing if tracks are switched	SPD-classes/src/main/java/com/watabou/noosa/audio/Music.java	general
aa507c7efc660e87d2ec6455b0d7ceb5cc7d461e	v2.3.2..v2.4.2	v2.4.0: fixed sneak granting 2 effective turns of invis instead of 1	core/src/main/java/com/shatteredpixel/shatteredpixeldungeon/items/weapon/melee/Dagger.java	general
89fe77784ee4cad1fd08ce44ae034b4fdbe3fe35	v2.3.2..v2.4.2	v2.4.0: fixed cases where lucky enchant wouldn't proc on killing blows	core/src/main/java/com/shatteredpixel/shatteredpixeldungeon/items/weapon/enchantments/Lucky.java	general
e8c824e6ebd2240ef1ace459137f0f230cdc1e98	v2.3.2..v2.4.2	v2.4.0: improved badge save/display logic when game is ended	core/src/main/java/com/shatteredpixel/shatteredpixeldungeon/Badges.java;core/src/main/java/com/shatteredpixel/shatteredpixeldungeon/levels/SewerLevel.java;core/src/main/java/com/shatteredpixel/shatteredpixeldungeon/scenes/AmuletScene.java;core/src/main/java/com/shatteredpixel/shatteredpixeldungeon/scenes/SurfaceScene.java	hotspot
9f230b49528674aab17a3f520c7e86c840279c42	v2.3.2..v2.4.2	v2.4.0: fixed armband not working on hiding mimics	core/src/main/java/com/shatteredpixel/shatteredpixeldungeon/items/artifacts/MasterThievesArmband.java	general
78429602f884cb638c4d0faa56fe26ced4200ec2	v2.3.2..v2.4.2	v2.4.0: fixed newborn elementals firing charged atks through walls	core/src/main/java/com/shatteredpixel/shatteredpixeldungeon/actors/mobs/Elemental.java	general
43a8eea7e93aaf010efd50515290ec441d20e820	v2.3.2..v2.4.2	v2.4.0: adjusted buyback text limits in shopkeeper windows	core/src/main/java/com/shatteredpixel/shatteredpixeldungeon/actors/mobs/npcs/Shopkeeper.java	general
8630dafd9985738cde4ef2c568be5a29bb659c14	v2.3.2..v2.4.2	v2.4.0: added a missing item warning to WndResurrect	core/src/main/assets/messages/windows/windows.properties;core/src/main/java/com/shatteredpixel/shatteredpixeldungeon/windows/WndResurrect.java	general
38332aa207b5033582a9a4d2aeb0bcf6d093157d	v2.3.2..v2.4.2	v2.4.0: actMine is now private	core/src/main/java/com/shatteredpixel/shatteredpixeldungeon/actors/hero/Hero.java	hotspot
e67d25967ce6a3a3ecbddb44f0e82b6b2f5bbb68	v2.3.2..v2.4.2	v2.4.0: aqua blast and feather fall are now a brew and elixir	core/src/main/assets/messages/items/items.properties;core/src/main/assets/messages/journal/journal.properties;core/src/main/assets/sprites/items.png;core/src/main/java/com/shatteredpixel/shatteredpixeldungeon/items/bags/Bag.java;core/src/main/java/com/shatteredpixel/shatteredpixeldungeon/items/potions/brews/AquaBrew.java;core/src/main/java/com/shatteredpixel/shatteredpixeldungeon/items/potions/elixirs/ElixirOfFeatherFall.java;core/src/main/java/com/shatteredpixel/shatteredpixeldungeon/items/Recipe.java;core/src/main/java/com/shatteredpixel/shatteredpixeldungeon/items/spells/AquaBlast.java;core/src/main/java/com/shatteredpixel/shatteredpixeldungeon/items/spells/FeatherFall.java;core/src/main/java/com/shatteredpixel/shatteredpixeldungeon/items/wands/WandOfBlastWave.java;core/src/main/java/com/shatteredpixel/shatteredpixeldungeon/levels/features/Chasm.java;core/src/main/java/com/shatteredpixel/shatteredpixeldungeon/ShatteredPixelDungeon.java;core/src/main/java/com/shatteredpixel/shatteredpixeldungeon/sprites/ItemSpriteSheet.java;core/src/main/java/com/shatteredpixel/shatteredpixeldungeon/ui/changelist/v1_X_Changes.java;core/src/main/java/com/shatteredpixel/shatteredpixeldungeon/ui/QuickRecipe.java	slice2-candidate
e2372805bf76c89d6a9731c8dac8742d29aeca33	v2.3.2..v2.4.2	v2.4.0: standardized values (gold and energy) for brews/elixirs/spells	core/src/main/java/com/shatteredpixel/shatteredpixeldungeon/items/potions/brews/BlizzardBrew.java;core/src/main/java/com/shatteredpixel/shatteredpixeldungeon/items/potions/brews/Brew.java;core/src/main/java/com/shatteredpixel/shatteredpixeldungeon/items/potions/brews/CausticBrew.java;core/src/main/java/com/shatteredpixel/shatteredpixeldungeon/items/potions/brews/InfernalBrew.java;core/src/main/java/com/shatteredpixel/shatteredpixeldungeon/items/potions/brews/ShockingBrew.java;core/src/main/java/com/shatteredpixel/shatteredpixeldungeon/items/potions/elixirs/Elixir.java;core/src/main/java/com/shatteredpixel/shatteredpixeldungeon/items/potions/elixirs/ElixirOfAquaticRejuvenation.java;core/src/main/java/com/shatteredpixel/shatteredpixeldungeon/items/potions/elixirs/ElixirOfArcaneArmor.java;core/src/main/java/com/shatteredpixel/shatteredpixeldungeon/items/potions/elixirs/ElixirOfDragonsBlood.java;core/src/main/java/com/shatteredpixel/shatteredpixeldungeon/items/potions/elixirs/ElixirOfHoneyedHealing.java;core/src/main/java/com/shatteredpixel/shatteredpixeldungeon/items/potions/elixirs/ElixirOfIcyTouch.java;core/src/main/java/com/shatteredpixel/shatteredpixeldungeon/items/potions/elixirs/ElixirOfMight.java;core/src/main/java/com/shatteredpixel/shatteredpixeldungeon/items/potions/elixirs/ElixirOfToxicEssence.java;core/src/main/java/com/shatteredpixel/shatteredpixeldungeon/items/spells/Alchemize.java;core/src/main/java/com/shatteredpixel/shatteredpixeldungeon/items/spells/AquaBlast.java;core/src/main/java/com/shatteredpixel/shatteredpixeldungeon/items/spells/BeaconOfReturning.java;core/src/main/java/com/shatteredpixel/shatteredpixeldungeon/items/spells/CurseInfusion.java;core/src/main/java/com/shatteredpixel/shatteredpixeldungeon/items/spells/FeatherFall.java;core/src/main/java/com/shatteredpixel/shatteredpixeldungeon/items/spells/MagicalInfusion.java;core/src/main/java/com/shatteredpixel/shatteredpixeldungeon/items/spells/PhaseShift.java;core/src/main/java/com/shatteredpixel/shatteredpixeldungeon/items/spells/ReclaimTrap.java;core/src/main/java/com/shatteredpixel/shatteredpixeldungeon/items/spells/Recycle.java;core/src/main/java/com/shatteredpixel/shatteredpixeldungeon/items/spells/TelekineticGrab.java;core/src/main/java/com/shatteredpixel/shatteredpixeldungeon/items/spells/WildEnergy.java	general
ca13a1d026a896feaf608898f892216b5c69f0c2	v2.3.2..v2.4.2	v2.4.0: boosted the energy value of rare consumables	core/src/main/java/com/shatteredpixel/shatteredpixeldungeon/items/potions/PotionOfExperience.java;core/src/main/java/com/shatteredpixel/shatteredpixeldungeon/items/potions/PotionOfStrength.java;core/src/main/java/com/shatteredpixel/shatteredpixeldungeon/items/scrolls/ScrollOfTransmutation.java;core/src/main/java/com/shatteredpixel/shatteredpixeldungeon/items/scrolls/ScrollOfUpgrade.java;core/src/main/java/com/shatteredpixel/shatteredpixeldungeon/items/stones/StoneOfAugmentation.java;core/src/main/java/com/shatteredpixel/shatteredpixeldungeon/items/stones/StoneOfEnchantment.java	general
ce5a66a15d65dc07d299e765a7d6cc96fb5054d9	v2.3.2..v2.4.2	v2.4.0: improved debug info on missing Android natives	android/src/main/java/com/shatteredpixel/shatteredpixeldungeon/android/AndroidLauncher.java;android/src/main/java/com/shatteredpixel/shatteredpixeldungeon/android/AndroidMissingNativesHandler.java	platform
1c54043354a68cffbe235a6385e2428c47425c1a	v2.3.2..v2.4.2	v2.4.0: removed catalysts from alchemy recipes (lotsa followup needed)	core/src/main/java/com/shatteredpixel/shatteredpixeldungeon/items/potions/brews/BlizzardBrew.java;core/src/main/java/com/shatteredpixel/shatteredpixeldungeon/items/potions/brews/InfernalBrew.java;core/src/main/java/com/shatteredpixel/shatteredpixeldungeon/items/potions/brews/ShockingBrew.java;core/src/main/java/com/shatteredpixel/shatteredpixeldungeon/items/potions/elixirs/ElixirOfDragonsBlood.java;core/src/main/java/com/shatteredpixel/shatteredpixeldungeon/items/potions/elixirs/ElixirOfIcyTouch.java;core/src/main/java/com/shatteredpixel/shatteredpixeldungeon/items/potions/elixirs/ElixirOfMight.java;core/src/main/java/com/shatteredpixel/shatteredpixeldungeon/items/potions/elixirs/ElixirOfToxicEssence.java;core/src/main/java/com/shatteredpixel/shatteredpixeldungeon/items/Recipe.java;core/src/main/java/com/shatteredpixel/shatteredpixeldungeon/items/spells/Alchemize.java;core/src/main/java/com/shatteredpixel/shatteredpixeldungeon/items/spells/AquaBlast.java;core/src/main/java/com/shatteredpixel/shatteredpixeldungeon/items/spells/BeaconOfReturning.java;core/src/main/java/com/shatteredpixel/shatteredpixeldungeon/items/spells/FeatherFall.java;core/src/main/java/com/shatteredpixel/shatteredpixeldungeon/items/spells/MagicalInfusion.java;core/src/main/java/com/shatteredpixel/shatteredpixeldungeon/items/spells/PhaseShift.java;core/src/main/java/com/shatteredpixel/shatteredpixeldungeon/items/spells/Recycle.java;core/src/main/java/com/shatteredpixel/shatteredpixeldungeon/items/spells/SummonElemental.java;core/src/main/java/com/shatteredpixel/shatteredpixeldungeon/items/spells/TelekineticGrab.java;core/src/main/java/com/shatteredpixel/shatteredpixeldungeon/ui/QuickRecipe.java	general
55ba5757dac14fc50d771f0ceff1a6acdb051f9b	v2.3.2..v2.4.2	v2.4.0: fixed the chilling enchant possibly reducing chill duration	core/src/main/java/com/shatteredpixel/shatteredpixeldungeon/items/weapon/enchantments/Chilling.java	general
2466974a7144fe1a9fd04c061951e30dfe64ff23	v2.3.2..v2.4.2	v2.4.0: cleaned up various allocations that occurred every frame	core/src/main/java/com/shatteredpixel/shatteredpixeldungeon/actors/buffs/Burning.java;core/src/main/java/com/shatteredpixel/shatteredpixeldungeon/actors/buffs/Frost.java;core/src/main/java/com/shatteredpixel/shatteredpixeldungeon/actors/buffs/LostInventory.java;core/src/main/java/com/shatteredpixel/shatteredpixeldungeon/actors/hero/Belongings.java;core/src/main/java/com/shatteredpixel/shatteredpixeldungeon/actors/hero/Talent.java;core/src/main/java/com/shatteredpixel/shatteredpixeldungeon/effects/CircleArc.java;core/src/main/java/com/shatteredpixel/shatteredpixeldungeon/items/EquipableItem.java;core/src/main/java/com/shatteredpixel/shatteredpixeldungeon/levels/rooms/special/SentryRoom.java;core/src/main/java/com/shatteredpixel/shatteredpixeldungeon/scenes/CellSelector.java;core/src/main/java/com/shatteredpixel/shatteredpixeldungeon/scenes/GameScene.java;core/src/main/java/com/shatteredpixel/shatteredpixeldungeon/ui/GameLog.java;core/src/main/java/com/shatteredpixel/shatteredpixeldungeon/ui/InventoryPane.java;core/src/main/java/com/shatteredpixel/shatteredpixeldungeon/ui/InventorySlot.java;core/src/main/java/com/shatteredpixel/shatteredpixeldungeon/ui/QuickSlotButton.java;core/src/main/java/com/shatteredpixel/shatteredpixeldungeon/ui/StatusPane.java;core/src/main/java/com/shatteredpixel/shatteredpixeldungeon/ui/Toolbar.java;SPD-classes/src/main/java/com/watabou/input/KeyEvent.java;SPD-classes/src/main/java/com/watabou/input/PointerEvent.java;SPD-classes/src/main/java/com/watabou/input/ScrollEvent.java;SPD-classes/src/main/java/com/watabou/noosa/Camera.java	general
94bf5b88c4279a3637d460da6dce39e86acc0f5f	v2.3.2..v2.4.2	v2.4.0: fixed a typo in boulder desc	core/src/main/assets/messages/levels/levels.properties	localization
23ffeeea7f8cf65a54631a1d8ac5dd84c5ae53f9	v2.3.2..v2.4.2	v2.4.0: substantially improved the sparkling potion sprite	core/src/main/assets/sprites/items.png	assets
5b58aec93fc50fa787df64f8069fdf823b9e57f4	v2.3.2..v2.4.2	v2.4.0: added holiday pastys for pride, birthdays, and new years	core/src/main/assets/messages/items/items.properties;core/src/main/assets/sprites/items.png;core/src/main/java/com/shatteredpixel/shatteredpixeldungeon/items/food/Food.java;core/src/main/java/com/shatteredpixel/shatteredpixeldungeon/items/food/Pasty.java;core/src/main/java/com/shatteredpixel/shatteredpixeldungeon/sprites/ItemSpriteSheet.java;core/src/main/java/com/shatteredpixel/shatteredpixeldungeon/utils/Holiday.java	assets
425c90135d7d666dd1f4715f165dca91a7fb449e	v2.2.1..v2.3.2	v2.3.2: updated min daily, i18n, changes, & version for v2.3.2 release!	build.gradle;core/src/main/assets/messages/actors/actors_be.properties;core/src/main/assets/messages/actors/actors_fr.properties;core/src/main/assets/messages/actors/actors_in.properties;core/src/main/assets/messages/actors/actors_pl.properties;core/src/main/assets/messages/actors/actors_tr.properties;core/src/main/assets/messages/actors/actors_uk.properties;core/src/main/assets/messages/actors/actors_vi.properties;core/src/main/assets/messages/items/items_be.properties;core/src/main/assets/messages/items/items_fr.properties;core/src/main/assets/messages/items/items_in.properties;core/src/main/assets/messages/items/items_pl.properties;core/src/main/assets/messages/items/items_ru.properties;core/src/main/assets/messages/items/items_uk.properties;core/src/main/assets/messages/journal/journal_fr.properties;core/src/main/assets/messages/journal/journal_in.properties;core/src/main/assets/messages/journal/journal_uk.properties;core/src/main/assets/messages/levels/levels_fr.properties;core/src/main/assets/messages/misc/misc_it.properties;core/src/main/assets/messages/scenes/scenes_be.properties;core/src/main/assets/messages/scenes/scenes_pl.properties;core/src/main/assets/messages/windows/windows_be.properties;core/src/main/assets/messages/windows/windows_pl.properties;core/src/main/assets/messages/windows/windows_uk.properties;core/src/main/java/com/shatteredpixel/shatteredpixeldungeon/messages/Languages.java;core/src/main/java/com/shatteredpixel/shatteredpixeldungeon/scenes/HeroSelectScene.java;core/src/main/java/com/shatteredpixel/shatteredpixeldungeon/ui/changelist/v2_X_Changes.java	slice2-candidate
92b826e0c674a0cdc02b20f60ae6d68045fe52c0	v2.2.1..v2.3.2	v2.3.2: fixed 2.3.1 change which let Tengu set himself on fire =S	core/src/main/java/com/shatteredpixel/shatteredpixeldungeon/actors/mobs/Tengu.java	general
f985884ef1014de3ab6ae609119bd5e781f86902	v2.2.1..v2.3.2	v2.3.2: fixed jump vfx not causing the camera to follow the hero	core/src/main/java/com/shatteredpixel/shatteredpixeldungeon/sprites/HeroSprite.java	general
43db54d0fcff4a65dcca25d83f5a68a06c72cdd3	v2.2.1..v2.3.2	v2.3.2: fixed some very small typos and clarified divination desc	core/src/main/assets/messages/items/items.properties;core/src/main/assets/messages/levels/levels.properties	localization
6a05169b51bd23b96497fb7133eb94ce8cf40eb6	v2.2.1..v2.3.2	v2.3.2: improved item placement logic in shops.	core/src/main/java/com/shatteredpixel/shatteredpixeldungeon/levels/rooms/special/ShopRoom.java;core/src/main/java/com/shatteredpixel/shatteredpixeldungeon/levels/rooms/standard/ImpShopRoom.java	general
14f4b0a38e9dcf06c1555fffff19ba93740d891e	v2.2.1..v2.3.2	v2.3.2: updated Aleks' credits link	core/src/main/java/com/shatteredpixel/shatteredpixeldungeon/scenes/AboutScene.java	general
9de10a0e96f6ed9864db5ab7ca0710e1b2e1a895	v2.2.1..v2.3.2	v2.3.2: fixed cases where terrain features wouldn't appear	core/src/main/java/com/shatteredpixel/shatteredpixeldungeon/tiles/TerrainFeaturesTilemap.java	general
df43a1721532f90d9e94b8db5bf88648ac6a39b7	v2.2.1..v2.3.2	v2.3.1: added missing 64-bit requirement to iOS info.plist	ios/Info.plist	platform
61def3751530f0fc58ff628a7eda193ca0984fb7	v2.2.1..v2.3.2	v2.3.1: updated changelog and version for v2.3.1 release!	build.gradle;core/src/main/java/com/shatteredpixel/shatteredpixeldungeon/scenes/WelcomeScene.java;core/src/main/java/com/shatteredpixel/shatteredpixeldungeon/ui/changelist/v2_X_Changes.java	docs
46ebc5c5d51c74f90e3b33ff54e434cf4859846a	v2.2.1..v2.3.2	v2.3.1: updated translations and translator credits	core/src/main/assets/messages/actors/actors_be.properties;core/src/main/assets/messages/actors/actors_pl.properties;core/src/main/assets/messages/actors/actors_tr.properties;core/src/main/assets/messages/items/items_be.properties;core/src/main/assets/messages/items/items_el.properties;core/src/main/assets/messages/items/items_pl.properties;core/src/main/assets/messages/levels/levels_be.properties;core/src/main/assets/messages/levels/levels_pl.properties;core/src/main/assets/messages/misc/misc_be.properties;core/src/main/assets/messages/misc/misc_in.properties;core/src/main/assets/messages/scenes/scenes_be.properties;core/src/main/assets/messages/windows/windows_be.properties;core/src/main/assets/messages/windows/windows_uk.properties;core/src/main/java/com/shatteredpixel/shatteredpixeldungeon/messages/Languages.java	general
b759f4c94aae4b7637584da867960135d553aefe	v2.2.1..v2.3.2	v2.3.1: Tengu's fire attack now properly burns items	core/src/main/java/com/shatteredpixel/shatteredpixeldungeon/actors/mobs/Tengu.java	general
d8aa84ae467aa33f9a190def23dd987439b89f71	v2.2.1..v2.3.2	v2.3.1: shifted music tracks are now considered equivalent	core/src/main/java/com/shatteredpixel/shatteredpixeldungeon/scenes/RankingsScene.java;core/src/main/java/com/shatteredpixel/shatteredpixeldungeon/windows/WndGame.java;SPD-classes/src/main/java/com/watabou/noosa/audio/Music.java	general
5f735ffe6ed8196eea2a5d4a0fa0a03302f56996	v2.2.1..v2.3.2	v2.3.1: improved vibration checkbox slightly	core/src/main/java/com/shatteredpixel/shatteredpixeldungeon/windows/WndSettings.java	hotspot
f36dda306412215ced3711c07196368f90813163	v2.2.1..v2.3.2	v2.3.1: added a setting for vibration & improved vibration support logic	android/src/main/java/com/shatteredpixel/shatteredpixeldungeon/android/AndroidPlatformSupport.java;core/src/main/java/com/shatteredpixel/shatteredpixeldungeon/SPDSettings.java;core/src/main/java/com/shatteredpixel/shatteredpixeldungeon/ui/Button.java;core/src/main/java/com/shatteredpixel/shatteredpixeldungeon/windows/WndSettings.java;desktop/src/main/java/com/shatteredpixel/shatteredpixeldungeon/desktop/DesktopPlatformSupport.java;ios/src/main/java/com/shatteredpixel/shatteredpixeldungeon/ios/IOSPlatformSupport.java;SPD-classes/src/main/java/com/watabou/input/ControllerHandler.java;SPD-classes/src/main/java/com/watabou/noosa/Game.java;SPD-classes/src/main/java/com/watabou/utils/PlatformSupport.java	platform
b849ca58f0109d514b18310f2d01c9b3c4e53916	v2.2.1..v2.3.2	v2.3.1: reverted libGDX natives to try and maintain old Android support	android/build.gradle	platform
c7cbe922c6b94f9b0b95f35b85678c2c34a1aaa1	v2.2.1..v2.3.2	v2.3.1: disabled libGDX immersive mode, interferes with game's settings	android/src/main/java/com/shatteredpixel/shatteredpixeldungeon/android/AndroidLauncher.java	platform
bd06d891f66d38c6d935cc8c1675d257261529ea	v2.2.1..v2.3.2	v2.3.1: added support for controller vibration	ios/src/main/java/com/shatteredpixel/shatteredpixeldungeon/ios/IOSPlatformSupport.java;SPD-classes/src/main/java/com/watabou/input/ControllerHandler.java;SPD-classes/src/main/java/com/watabou/utils/PlatformSupport.java	platform
63ea27a80a5e0236287b7f52a07ee9ebb715766a	v2.2.1..v2.3.2	v2.3.1: magical fire is now cleared if frost is merely next to it	core/src/main/java/com/shatteredpixel/shatteredpixeldungeon/levels/rooms/special/MagicalFireRoom.java	general
910eb58be7bdf08f9d2f8a1beeb88d70fb9518b5	v2.2.1..v2.3.2	v2.3.1: hero interrupts now also cancel resting	core/src/main/java/com/shatteredpixel/shatteredpixeldungeon/actors/buffs/Hunger.java;core/src/main/java/com/shatteredpixel/shatteredpixeldungeon/actors/hero/Hero.java	hotspot
a94186e011a4c257808b811a5a2000b970f799e4	v2.2.1..v2.3.2	v2.3.1: fixed turn rounding on transition only applying to characters	core/src/main/java/com/shatteredpixel/shatteredpixeldungeon/levels/Level.java	hotspot
1cf3b4170a1bb70b67fa8f99a7abb563d4db80f8	v2.2.1..v2.3.2	v2.3.1: updated Gradle version	gradle/wrapper/gradle-wrapper.properties	general
be7f2dcc0e26e5cb90346b45e88c6cca041da114	v2.2.1..v2.3.2	v2.3.1: updated Android target SDK	build.gradle	build
4056c485450cc57a7380a6945d1a00df38d0895c	v2.2.1..v2.3.2	v2.3.1: updated libGDX to 1.12.1 and mobiVM to 2.3.20	android/src/main/java/com/shatteredpixel/shatteredpixeldungeon/android/AndroidLauncher.java;build.gradle;desktop/build.gradle;ios/Info.plist;ios/robovm.xml;ios/src/main/java/com/shatteredpixel/shatteredpixeldungeon/ios/IOSLauncher.java;ios/src/main/java/com/shatteredpixel/shatteredpixeldungeon/ios/IOSPlatformSupport.java;SPD-classes/src/main/java/com/watabou/input/InputHandler.java;SPD-classes/src/main/java/com/watabou/utils/PlatformSupport.java	platform
5069d034c91a9305e18201ed802757e74b8d7b25	v2.2.1..v2.3.2	v2.3.1: fixed it being possible to leave to start scene during tutorial	core/src/main/java/com/shatteredpixel/shatteredpixeldungeon/scenes/HeroSelectScene.java	general
7ad704c43b43bf811326019157e370e447fed49a	v2.2.1..v2.3.2	v2.3.1: amoked allies are now affected by aggression	core/src/main/java/com/shatteredpixel/shatteredpixeldungeon/actors/mobs/Mob.java	general
be38997c315e9c3513e31e74adba1e36f5def323	v2.2.1..v2.3.2	v2.3.1: added a safety check to WndWandmaker	core/src/main/java/com/shatteredpixel/shatteredpixeldungeon/windows/WndWandmaker.java	general
0ed96a3c188bd88290c594da27cb1439dc4819ae	v2.2.1..v2.3.2	v2.3.1: fixed incorrect death messages when killed by wards	core/src/main/java/com/shatteredpixel/shatteredpixeldungeon/items/wands/WandOfWarding.java	general
241292cf4d822fbb930846f365d12808f1ccac56	v2.2.1..v2.3.2	v2.3.1: fixed cases where transmutation would not preserve quickslots	core/src/main/java/com/shatteredpixel/shatteredpixeldungeon/items/scrolls/ScrollOfTransmutation.java	general
8c318c9075e89c3ec871eab82f02803061a16657	v2.2.1..v2.3.2	v2.3.0: updated version, changelog, and translations for v2.3.0 release!	build.gradle;core/src/main/assets/messages/actors/actors_be.properties;core/src/main/assets/messages/actors/actors_it.properties;core/src/main/assets/messages/actors/actors_ru.properties;core/src/main/assets/messages/items/items_be.properties;core/src/main/assets/messages/items/items_it.properties;core/src/main/assets/messages/levels/levels_it.properties;core/src/main/assets/messages/scenes/scenes_it.properties;core/src/main/assets/messages/scenes/scenes_ru.properties;core/src/main/assets/messages/windows/windows_be.properties;core/src/main/assets/messages/windows/windows_it.properties;core/src/main/java/com/shatteredpixel/shatteredpixeldungeon/scenes/WelcomeScene.java;core/src/main/java/com/shatteredpixel/shatteredpixeldungeon/ShatteredPixelDungeon.java;core/src/main/java/com/shatteredpixel/shatteredpixeldungeon/ui/changelist/v2_X_Changes.java	docs
84bc38cad01238a8b31d180347a6953fdd5a4c7a	v2.2.1..v2.3.2	v2.3.0: updates translations, version, and changelog for RC-1	build.gradle;core/src/main/assets/messages/actors/actors_cs.properties;core/src/main/assets/messages/actors/actors_de.properties;core/src/main/assets/messages/actors/actors_el.properties;core/src/main/assets/messages/actors/actors_es.properties;core/src/main/assets/messages/actors/actors_fr.properties;core/src/main/assets/messages/actors/actors_hu.properties;core/src/main/assets/messages/actors/actors_in.properties;core/src/main/assets/messages/actors/actors_it.properties;core/src/main/assets/messages/actors/actors_ja.properties;core/src/main/assets/messages/actors/actors_ko.properties;core/src/main/assets/messages/actors/actors_nl.properties;core/src/main/assets/messages/actors/actors_pl.properties;core/src/main/assets/messages/actors/actors_pt.properties;core/src/main/assets/messages/actors/actors_ru.properties;core/src/main/assets/messages/actors/actors_tr.properties;core/src/main/assets/messages/actors/actors_uk.properties;core/src/main/assets/messages/actors/actors_vi.properties;core/src/main/assets/messages/actors/actors_zh.properties;core/src/main/assets/messages/items/items_cs.properties;core/src/main/assets/messages/items/items_de.properties;core/src/main/assets/messages/items/items_el.properties;core/src/main/assets/messages/items/items_es.properties;core/src/main/assets/messages/items/items_fr.properties;core/src/main/assets/messages/items/items_hu.properties;core/src/main/assets/messages/items/items_in.properties;core/src/main/assets/messages/items/items_it.properties;core/src/main/assets/messages/items/items_ja.properties;core/src/main/assets/messages/items/items_ko.properties;core/src/main/assets/messages/items/items_nl.properties;core/src/main/assets/messages/items/items_pl.properties;core/src/main/assets/messages/items/items_pt.properties;core/src/main/assets/messages/items/items_ru.properties;core/src/main/assets/messages/items/items_tr.properties;core/src/main/assets/messages/items/items_uk.properties;core/src/main/assets/messages/items/items_vi.properties;core/src/main/assets/messages/items/items_zh.properties;core/src/main/assets/messages/journal/journal_nl.properties;core/src/main/assets/messages/levels/levels_fr.properties;core/src/main/assets/messages/levels/levels_ko.properties;core/src/main/assets/messages/levels/levels_nl.properties;core/src/main/assets/messages/levels/levels_pl.properties;core/src/main/assets/messages/misc/misc_fr.properties;core/src/main/assets/messages/misc/misc_hu.properties;core/src/main/assets/messages/misc/misc_it.properties;core/src/main/assets/messages/misc/misc_ko.properties;core/src/main/assets/messages/misc/misc_nl.properties;core/src/main/assets/messages/scenes/scenes_cs.properties;core/src/main/assets/messages/scenes/scenes_de.properties;core/src/main/assets/messages/scenes/scenes_el.properties;core/src/main/assets/messages/scenes/scenes_es.properties;core/src/main/assets/messages/scenes/scenes_fr.properties;core/src/main/assets/messages/scenes/scenes_hu.properties;core/src/main/assets/messages/scenes/scenes_in.properties;core/src/main/assets/messages/scenes/scenes_it.properties;core/src/main/assets/messages/scenes/scenes_ja.properties;core/src/main/assets/messages/scenes/scenes_ko.properties;core/src/main/assets/messages/scenes/scenes_nl.properties;core/src/main/assets/messages/scenes/scenes_pl.properties;core/src/main/assets/messages/scenes/scenes_pt.properties;core/src/main/assets/messages/scenes/scenes_ru.properties;core/src/main/assets/messages/scenes/scenes_tr.properties;core/src/main/assets/messages/scenes/scenes_uk.properties;core/src/main/assets/messages/scenes/scenes_vi.properties;core/src/main/assets/messages/scenes/scenes_zh.properties;core/src/main/assets/messages/ui/ui_nl.properties;core/src/main/assets/messages/windows/windows_cs.properties;core/src/main/assets/messages/windows/windows_de.properties;core/src/main/assets/messages/windows/windows_el.properties;core/src/main/assets/messages/windows/windows_es.properties;core/src/main/assets/messages/windows/windows_fr.properties;core/src/main/assets/messages/windows/windows_hu.properties;core/src/main/assets/messages/windows/windows_in.properties;core/src/main/assets/messages/windows/windows_it.properties;core/src/main/assets/messages/windows/windows_ja.properties;core/src/main/assets/messages/windows/windows_ko.properties;core/src/main/assets/messages/windows/windows_nl.properties;core/src/main/assets/messages/windows/windows_pl.properties;core/src/main/assets/messages/windows/windows_pt.properties;core/src/main/assets/messages/windows/windows_ru.properties;core/src/main/assets/messages/windows/windows_tr.properties;core/src/main/assets/messages/windows/windows_uk.properties;core/src/main/assets/messages/windows/windows_vi.properties;core/src/main/assets/messages/windows/windows_zh.properties;core/src/main/java/com/shatteredpixel/shatteredpixeldungeon/messages/Languages.java;core/src/main/java/com/shatteredpixel/shatteredpixeldungeon/ui/changelist/v2_X_Changes.java	slice2-candidate
cb72ca35bc3bc430fc99415c766cc6c966be0f82	v2.2.1..v2.3.2	v2.3.0: slightly reduced damage from gnoll rock attacks and gnoll guards	core/src/main/java/com/shatteredpixel/shatteredpixeldungeon/actors/mobs/GnollGeomancer.java;core/src/main/java/com/shatteredpixel/shatteredpixeldungeon/actors/mobs/GnollGuard.java;core/src/main/java/com/shatteredpixel/shatteredpixeldungeon/levels/traps/GnollRockfallTrap.java	general
8f5cd171fe672dac35a3d8d7c2da612e82fe4434	v2.2.1..v2.3.2	v2.3.0: substantially improved gnoll caves boulder visuals	core/src/main/assets/environment/tiles_caves_crystal.png;core/src/main/assets/environment/tiles_caves_gnoll.png;core/src/main/assets/environment/tiles_caves.png;core/src/main/assets/sprites/items.png;core/src/main/java/com/shatteredpixel/shatteredpixeldungeon/Assets.java;core/src/main/java/com/shatteredpixel/shatteredpixeldungeon/levels/MiningLevel.java;core/src/main/java/com/shatteredpixel/shatteredpixeldungeon/tiles/DungeonTerrainTilemap.java;core/src/main/java/com/shatteredpixel/shatteredpixeldungeon/tiles/DungeonTileSheet.java;core/src/main/java/com/shatteredpixel/shatteredpixeldungeon/tiles/DungeonWallsTilemap.java	assets
f6f6ea4cd1c327db5059f201e9489503be369d1e	v2.2.1..v2.3.2	v2.3.0: fixed cases where pushing could fail to apply and freeze	core/src/main/java/com/shatteredpixel/shatteredpixeldungeon/effects/Pushing.java	general
6a414c747b1f6af7c20cf1ff9eda6b06e60d6a43	v2.2.1..v2.3.2	v2.3.0: jump and pushing effects now correctly trigger sprite sorting	core/src/main/java/com/shatteredpixel/shatteredpixeldungeon/effects/Pushing.java;core/src/main/java/com/shatteredpixel/shatteredpixeldungeon/sprites/CharSprite.java	general
a0b4c9c11af4e124c3f4a4a73b7e49f7b7b9edce	v2.2.1..v2.3.2	v2.3.0: wand of transfusion onHit now uses new shielding text	core/src/main/java/com/shatteredpixel/shatteredpixeldungeon/items/wands/WandOfTransfusion.java	general
69e5fe5d08c6be251cacb01b0c9655230ba5b5b7	v2.2.1..v2.3.2	v2.3.0: adjusted wndTabbed active tab behaviour to prevent eating inputs	core/src/main/java/com/shatteredpixel/shatteredpixeldungeon/windows/WndTabbed.java	general
b9d54e3f6f7ab61363ec517cb6657f7e7a755e85	v2.2.1..v2.3.2	v2.3.0: fixed rapier lunge not always using rapier when checking range	core/src/main/java/com/shatteredpixel/shatteredpixeldungeon/items/weapon/melee/Rapier.java	general
96e4c74ca833825f04196578156eec3c704ba3b4	v2.2.1..v2.3.2	v2.3.0: improved 'encased in rock' visuals for geomancer	core/src/main/assets/sprites/gnoll_geomancer.png;core/src/main/java/com/shatteredpixel/shatteredpixeldungeon/actors/mobs/GnollGeomancer.java;core/src/main/java/com/shatteredpixel/shatteredpixeldungeon/sprites/GnollGeomancerSprite.java	assets
eec247990319748ad49e29e7540b40623e6e6bb3	v2.2.1..v2.3.2	v2.3.0: updated copyright to 2024	android/src/main/java/com/shatteredpixel/shatteredpixeldungeon/android/AndroidBackupHandler.java;android/src/main/java/com/shatteredpixel/shatteredpixeldungeon/android/AndroidLauncher.java;android/src/main/java/com/shatteredpixel/shatteredpixeldungeon/android/AndroidMissingNativesHandler.java;android/src/main/java/com/shatteredpixel/shatteredpixeldungeon/android/AndroidPlatformSupport.java;core/src/main/java/com/shatteredpixel/shatteredpixeldungeon/actors/Actor.java;core/src/main/java/com/shatteredpixel/shatteredpixeldungeon/actors/blobs/Alchemy.java;core/src/main/java/com/shatteredpixel/shatteredpixeldungeon/actors/blobs/Blizzard.java;core/src/main/java/com/shatteredpixel/shatteredpixeldungeon/actors/blobs/Blob.java;core/src/main/java/com/shatteredpixel/shatteredpixeldungeon/actors/blobs/ConfusionGas.java;core/src/main/java/com/shatteredpixel/shatteredpixeldungeon/actors/blobs/CorrosiveGas.java;core/src/main/java/com/shatteredpixel/shatteredpixeldungeon/actors/blobs/Electricity.java;core/src/main/java/com/shatteredpixel/shatteredpixeldungeon/actors/blobs/Fire.java;core/src/main/java/com/shatteredpixel/shatteredpixeldungeon/actors/blobs/Foliage.java;core/src/main/java/com/shatteredpixel/shatteredpixeldungeon/actors/blobs/Freezing.java;core/src/main/java/com/shatteredpixel/shatteredpixeldungeon/actors/blobs/GooWarn.java;core/src/main/java/com/shatteredpixel/shatteredpixeldungeon/actors/blobs/Inferno.java;core/src/main/java/com/shatteredpixel/shatteredpixeldungeon/actors/blobs/ParalyticGas.java;core/src/main/java/com/shatteredpixel/shatteredpixeldungeon/actors/blobs/Regrowth.java;core/src/main/java/com/shatteredpixel/shatteredpixeldungeon/actors/blobs/SacrificialFire.java;core/src/main/java/com/shatteredpixel/shatteredpixeldungeon/actors/blobs/SmokeScreen.java;core/src/main/java/com/shatteredpixel/shatteredpixeldungeon/actors/blobs/StenchGas.java;core/src/main/java/com/shatteredpixel/shatteredpixeldungeon/actors/blobs/StormCloud.java;core/src/main/java/com/shatteredpixel/shatteredpixeldungeon/actors/blobs/ToxicGas.java;core/src/main/java/com/shatteredpixel/shatteredpixeldungeon/actors/blobs/WaterOfAwareness.java;core/src/main/java/com/shatteredpixel/shatteredpixeldungeon/actors/blobs/WaterOfHealth.java;core/src/main/java/com/shatteredpixel/shatteredpixeldungeon/actors/blobs/Web.java;core/src/main/java/com/shatteredpixel/shatteredpixeldungeon/actors/blobs/WellWater.java;core/src/main/java/com/shatteredpixel/shatteredpixeldungeon/actors/buffs/Adrenaline.java;core/src/main/java/com/shatteredpixel/shatteredpixeldungeon/actors/buffs/AdrenalineSurge.java;core/src/main/java/com/shatteredpixel/shatteredpixeldungeon/actors/buffs/AllyBuff.java;core/src/main/java/com/shatteredpixel/shatteredpixeldungeon/actors/buffs/Amok.java;core/src/main/java/com/shatteredpixel/shatteredpixeldungeon/actors/buffs/AnkhInvulnerability.java;core/src/main/java/com/shatteredpixel/shatteredpixeldungeon/actors/buffs/ArcaneArmor.java;core/src/main/java/com/shatteredpixel/shatteredpixeldungeon/actors/buffs/ArtifactRecharge.java;core/src/main/java/com/shatteredpixel/shatteredpixeldungeon/actors/buffs/AscensionChallenge.java;core/src/main/java/com/shatteredpixel/shatteredpixeldungeon/actors/buffs/Awareness.java;core/src/main/java/com/shatteredpixel/shatteredpixeldungeon/actors/buffs/Barkskin.java;core/src/main/java/com/shatteredpixel/shatteredpixeldungeon/actors/buffs/Barrier.java;core/src/main/java/com/shatteredpixel/shatteredpixeldungeon/actors/buffs/Berserk.java;core/src/main/java/com/shatteredpixel/shatteredpixeldungeon/actors/buffs/Bleeding.java;core/src/main/java/com/shatteredpixel/shatteredpixeldungeon/actors/buffs/Bless.java;core/src/main/java/com/shatteredpixel/shatteredpixeldungeon/actors/buffs/Blindness.java;core/src/main/java/com/shatteredpixel/shatteredpixeldungeon/actors/buffs/BlobImmunity.java;core/src/main/java/com/shatteredpixel/shatteredpixeldungeon/actors/buffs/Buff.java;core/src/main/java/com/shatteredpixel/shatteredpixeldungeon/actors/buffs/Burning.java;core/src/main/java/com/shatteredpixel/shatteredpixeldungeon/actors/buffs/ChampionEnemy.java;core/src/main/java/com/shatteredpixel/shatteredpixeldungeon/actors/buffs/Charm.java;core/src/main/java/com/shatteredpixel/shatteredpixeldungeon/actors/buffs/Chill.java;core/src/main/java/com/shatteredpixel/shatteredpixeldungeon/actors/buffs/Combo.java;core/src/main/java/com/shatteredpixel/shatteredpixeldungeon/actors/buffs/Corrosion.java;core/src/main/java/com/shatteredpixel/shatteredpixeldungeon/actors/buffs/Corruption.java;core/src/main/java/com/shatteredpixel/shatteredpixeldungeon/actors/buffs/CounterBuff.java;core/src/main/java/com/shatteredpixel/shatteredpixeldungeon/actors/buffs/Cripple.java;core/src/main/java/com/shatteredpixel/shatteredpixeldungeon/actors/buffs/Daze.java;core/src/main/java/com/shatteredpixel/shatteredpixeldungeon/actors/buffs/Degrade.java;core/src/main/java/com/shatteredpixel/shatteredpixeldungeon/actors/buffs/Doom.java;core/src/main/java/com/shatteredpixel/shatteredpixeldungeon/actors/buffs/Dread.java;core/src/main/java/com/shatteredpixel/shatteredpixeldungeon/actors/buffs/Drowsy.java;core/src/main/java/com/shatteredpixel/shatteredpixeldungeon/actors/buffs/EnhancedRings.java;core/src/main/java/com/shatteredpixel/shatteredpixeldungeon/actors/buffs/FireImbue.java;core/src/main/java/com/shatteredpixel/shatteredpixeldungeon/actors/buffs/FlavourBuff.java;core/src/main/java/com/shatteredpixel/shatteredpixeldungeon/actors/buffs/Foresight.java;core/src/main/java/com/shatteredpixel/shatteredpixeldungeon/actors/buffs/Frost.java;core/src/main/java/com/shatteredpixel/shatteredpixeldungeon/actors/buffs/FrostImbue.java;core/src/main/java/com/shatteredpixel/shatteredpixeldungeon/actors/buffs/Fury.java;core/src/main/java/com/shatteredpixel/shatteredpixeldungeon/actors/buffs/Haste.java;core/src/main/java/com/shatteredpixel/shatteredpixeldungeon/actors/buffs/Healing.java;core/src/main/java/com/shatteredpixel/shatteredpixeldungeon/actors/buffs/Hex.java;core/src/main/java/com/shatteredpixel/shatteredpixeldungeon/actors/buffs/HoldFast.java;core/src/main/java/com/shatteredpixel/shatteredpixeldungeon/actors/buffs/Hunger.java;core/src/main/java/com/shatteredpixel/shatteredpixeldungeon/actors/buffs/Invisibility.java;core/src/main/java/com/shatteredpixel/shatteredpixeldungeon/actors/buffs/Levitation.java;core/src/main/java/com/shatteredpixel/shatteredpixeldungeon/actors/buffs/LifeLink.java;core/src/main/java/com/shatteredpixel/shatteredpixeldungeon/actors/buffs/Light.java;core/src/main/java/com/shatteredpixel/shatteredpixeldungeon/actors/buffs/LockedFloor.java;core/src/main/java/com/shatteredpixel/shatteredpixeldungeon/actors/buffs/LostInventory.java;core/src/main/java/com/shatteredpixel/shatteredpixeldungeon/actors/buffs/MagicalSight.java;core/src/main/java/com/shatteredpixel/shatteredpixeldungeon/actors/buffs/MagicalSleep.java;core/src/main/java/com/shatteredpixel/shatteredpixeldungeon/actors/buffs/MagicImmune.java;core/src/main/java/com/shatteredpixel/shatteredpixeldungeon/actors/buffs/MindVision.java;core/src/main/java/com/shatteredpixel/shatteredpixeldungeon/actors/buffs/Momentum.java;core/src/main/java/com/shatteredpixel/shatteredpixeldungeon/actors/buffs/MonkEnergy.java;core/src/main/java/com/shatteredpixel/shatteredpixeldungeon/actors/buffs/Ooze.java;core/src/main/java/com/shatteredpixel/shatteredpixeldungeon/actors/buffs/Paralysis.java;core/src/main/java/com/shatteredpixel/shatteredpixeldungeon/actors/buffs/PhysicalEmpower.java;core/src/main/java/com/shatteredpixel/shatteredpixeldungeon/actors/buffs/PinCushion.java;core/src/main/java/com/shatteredpixel/shatteredpixeldungeon/actors/buffs/Poison.java;core/src/main/java/com/shatteredpixel/shatteredpixeldungeon/actors/buffs/Preparation.java;core/src/main/java/com/shatteredpixel/shatteredpixeldungeon/actors/buffs/PrismaticGuard.java;core/src/main/java/com/shatteredpixel/shatteredpixeldungeon/actors/buffs/Recharging.java;core/src/main/java/com/shatteredpixel/shatteredpixeldungeon/actors/buffs/Regeneration.java;core/src/main/java/com/shatteredpixel/shatteredpixeldungeon/actors/buffs/RevealedArea.java;core/src/main/java/com/shatteredpixel/shatteredpixeldungeon/actors/buffs/Roots.java;core/src/main/java/com/shatteredpixel/shatteredpixeldungeon/actors/buffs/ScrollEmpower.java;core/src/main/java/com/shatteredpixel/shatteredpixeldungeon/actors/buffs/Shadows.java;core/src/main/java/com/shatteredpixel/shatteredpixeldungeon/actors/buffs/ShieldBuff.java;core/src/main/java/com/shatteredpixel/shatteredpixeldungeon/actors/buffs/Sleep.java;core/src/main/java/com/shatteredpixel/shatteredpixeldungeon/actors/buffs/Slow.java;core/src/main/java/com/shatteredpixel/shatteredpixeldungeon/actors/buffs/SnipersMark.java;core/src/main/java/com/shatteredpixel/shatteredpixeldungeon/actors/buffs/SoulMark.java;core/src/main/java/com/shatteredpixel/shatteredpixeldungeon/actors/buffs/Speed.java;core/src/main/java/com/shatteredpixel/shatteredpixeldungeon/actors/buffs/Stamina.java;core/src/main/java/com/shatteredpixel/shatteredpixeldungeon/actors/buffs/Terror.java;core/src/main/java/com/shatteredpixel/shatteredpixeldungeon/actors/buffs/ToxicImbue.java;core/src/main/java/com/shatteredpixel/shatteredpixeldungeon/actors/buffs/Vertigo.java;core/src/main/java/com/shatteredpixel/shatteredpixeldungeon/actors/buffs/Vulnerable.java;core/src/main/java/com/shatteredpixel/shatteredpixeldungeon/actors/buffs/WandEmpower.java;core/src/main/java/com/shatteredpixel/shatteredpixeldungeon/actors/buffs/Weakness.java;core/src/main/java/com/shatteredpixel/shatteredpixeldungeon/actors/buffs/WellFed.java;core/src/main/java/com/shatteredpixel/shatteredpixeldungeon/actors/Char.java;core/src/main/java/com/shatteredpixel/shatteredpixeldungeon/actors/hero/abilities/ArmorAbility.java;core/src/main/java/com/shatteredpixel/shatteredpixeldungeon/actors/hero/abilities/duelist/Challenge.java;core/src/main/java/com/shatteredpixel/shatteredpixeldungeon/actors/hero/abilities/duelist/ElementalStrike.java;core/src/main/java/com/shatteredpixel/shatteredpixeldungeon/actors/hero/abilities/duelist/Feint.java;core/src/main/java/com/shatteredpixel/shatteredpixeldungeon/actors/hero/abilities/huntress/NaturesPower.java;core/src/main/java/com/shatteredpixel/shatteredpixeldungeon/actors/hero/abilities/huntress/SpectralBlades.java;core/src/main/java/com/shatteredpixel/shatteredpixeldungeon/actors/hero/abilities/huntress/SpiritHawk.java;core/src/main/java/com/shatteredpixel/shatteredpixeldungeon/actors/hero/abilities/mage/ElementalBlast.java;core/src/main/java/com/shatteredpixel/shatteredpixeldungeon/actors/hero/abilities/mage/WarpBeacon.java;core/src/main/java/com/shatteredpixel/shatteredpixeldungeon/actors/hero/abilities/mage/WildMagic.java;core/src/main/java/com/shatteredpixel/shatteredpixeldungeon/actors/hero/abilities/Ratmogrify.java;core/src/main/java/com/shatteredpixel/shatteredpixeldungeon/actors/hero/abilities/rogue/DeathMark.java;core/src/main/java/com/shatteredpixel/shatteredpixeldungeon/actors/hero/abilities/rogue/ShadowClone.java;core/src/main/java/com/shatteredpixel/shatteredpixeldungeon/actors/hero/abilities/rogue/SmokeBomb.java;core/src/main/java/com/shatteredpixel/shatteredpixeldungeon/actors/hero/abilities/warrior/Endure.java;core/src/main/java/com/shatteredpixel/shatteredpixeldungeon/actors/hero/abilities/warrior/HeroicLeap.java;core/src/main/java/com/shatteredpixel/shatteredpixeldungeon/actors/hero/abilities/warrior/Shockwave.java;core/src/main/java/com/shatteredpixel/shatteredpixeldungeon/actors/hero/Belongings.java;core/src/main/java/com/shatteredpixel/shatteredpixeldungeon/actors/hero/Hero.java;core/src/main/java/com/shatteredpixel/shatteredpixeldungeon/actors/hero/HeroAction.java;core/src/main/java/com/shatteredpixel/shatteredpixeldungeon/actors/hero/HeroClass.java;core/src/main/java/com/shatteredpixel/shatteredpixeldungeon/actors/hero/HeroSubClass.java;core/src/main/java/com/shatteredpixel/shatteredpixeldungeon/actors/hero/Talent.java;core/src/main/java/com/shatteredpixel/shatteredpixeldungeon/actors/mobs/Acidic.java;core/src/main/java/com/shatteredpixel/shatteredpixeldungeon/actors/mobs/Albino.java;core/src/main/java/com/shatteredpixel/shatteredpixeldungeon/actors/mobs/ArmoredBrute.java;core/src/main/java/com/shatteredpixel/shatteredpixeldungeon/actors/mobs/ArmoredStatue.java;core/src/main/java/com/shatteredpixel/shatteredpixeldungeon/actors/mobs/Bandit.java;core/src/main/java/com/shatteredpixel/shatteredpixeldungeon/actors/mobs/Bat.java;core/src/main/java/com/shatteredpixel/shatteredpixeldungeon/actors/mobs/Bee.java;core/src/main/java/com/shatteredpixel/shatteredpixeldungeon/actors/mobs/Bestiary.java;core/src/main/java/com/shatteredpixel/shatteredpixeldungeon/actors/mobs/Brute.java;core/src/main/java/com/shatteredpixel/shatteredpixeldungeon/actors/mobs/CausticSlime.java;core/src/main/java/com/shatteredpixel/shatteredpixeldungeon/actors/mobs/Crab.java;core/src/main/java/com/shatteredpixel/shatteredpixeldungeon/actors/mobs/CrystalGuardian.java;core/src/main/java/com/shatteredpixel/shatteredpixeldungeon/actors/mobs/CrystalMimic.java;core/src/main/java/com/shatteredpixel/shatteredpixeldungeon/actors/mobs/CrystalSpire.java;core/src/main/java/com/shatteredpixel/shatteredpixeldungeon/actors/mobs/CrystalWisp.java;core/src/main/java/com/shatteredpixel/shatteredpixeldungeon/actors/mobs/DelayedRockFall.java;core/src/main/java/com/shatteredpixel/shatteredpixeldungeon/actors/mobs/DemonSpawner.java;core/src/main/java/com/shatteredpixel/shatteredpixeldungeon/actors/mobs/DM100.java;core/src/main/java/com/shatteredpixel/shatteredpixeldungeon/actors/mobs/DM200.java;core/src/main/java/com/shatteredpixel/shatteredpixeldungeon/actors/mobs/DM201.java;core/src/main/java/com/shatteredpixel/shatteredpixeldungeon/actors/mobs/DM300.java;core/src/main/java/com/shatteredpixel/shatteredpixeldungeon/actors/mobs/DwarfKing.java;core/src/main/java/com/shatteredpixel/shatteredpixeldungeon/actors/mobs/Elemental.java;core/src/main/java/com/shatteredpixel/shatteredpixeldungeon/actors/mobs/Eye.java;core/src/main/java/com/shatteredpixel/shatteredpixeldungeon/actors/mobs/FetidRat.java;core/src/main/java/com/shatteredpixel/shatteredpixeldungeon/actors/mobs/FungalCore.java;core/src/main/java/com/shatteredpixel/shatteredpixeldungeon/actors/mobs/FungalSentry.java;core/src/main/java/com/shatteredpixel/shatteredpixeldungeon/actors/mobs/FungalSpinner.java;core/src/main/java/com/shatteredpixel/shatteredpixeldungeon/actors/mobs/Ghoul.java;core/src/main/java/com/shatteredpixel/shatteredpixeldungeon/actors/mobs/Gnoll.java;core/src/main/java/com/shatteredpixel/shatteredpixeldungeon/actors/mobs/GnollGeomancer.java;core/src/main/java/com/shatteredpixel/shatteredpixeldungeon/actors/mobs/GnollGuard.java;core/src/main/java/com/shatteredpixel/shatteredpixeldungeon/actors/mobs/GnollSapper.java;core/src/main/java/com/shatteredpixel/shatteredpixeldungeon/actors/mobs/GnollTrickster.java;core/src/main/java/com/shatteredpixel/shatteredpixeldungeon/actors/mobs/GoldenMimic.java;core/src/main/java/com/shatteredpixel/shatteredpixeldungeon/actors/mobs/Golem.java;core/src/main/java/com/shatteredpixel/shatteredpixeldungeon/actors/mobs/Goo.java;core/src/main/java/com/shatteredpixel/shatteredpixeldungeon/actors/mobs/GreatCrab.java;core/src/main/java/com/shatteredpixel/shatteredpixeldungeon/actors/mobs/Guard.java;core/src/main/java/com/shatteredpixel/shatteredpixeldungeon/actors/mobs/Mimic.java;core/src/main/java/com/shatteredpixel/shatteredpixeldungeon/actors/mobs/Mob.java;core/src/main/java/com/shatteredpixel/shatteredpixeldungeon/actors/mobs/Monk.java;core/src/main/java/com/shatteredpixel/shatteredpixeldungeon/actors/mobs/Necromancer.java;core/src/main/java/com/shatteredpixel/shatteredpixeldungeon/actors/mobs/npcs/Blacksmith.java;core/src/main/java/com/shatteredpixel/shatteredpixeldungeon/actors/mobs/npcs/DirectableAlly.java;core/src/main/java/com/shatteredpixel/shatteredpixeldungeon/actors/mobs/npcs/Ghost.java;core/src/main/java/com/shatteredpixel/shatteredpixeldungeon/actors/mobs/npcs/Imp.java;core/src/main/java/com/shatteredpixel/shatteredpixeldungeon/actors/mobs/npcs/ImpShopkeeper.java;core/src/main/java/com/shatteredpixel/shatteredpixeldungeon/actors/mobs/npcs/MirrorImage.java;core/src/main/java/com/shatteredpixel/shatteredpixeldungeon/actors/mobs/npcs/NPC.java;core/src/main/java/com/shatteredpixel/shatteredpixeldungeon/actors/mobs/npcs/PrismaticImage.java;core/src/main/java/com/shatteredpixel/shatteredpixeldungeon/actors/mobs/npcs/RatKing.java;core/src/main/java/com/shatteredpixel/shatteredpixeldungeon/actors/mobs/npcs/Sheep.java;core/src/main/java/com/shatteredpixel/shatteredpixeldungeon/actors/mobs/npcs/Shopkeeper.java;core/src/main/java/com/shatteredpixel/shatteredpixeldungeon/actors/mobs/npcs/Wandmaker.java;core/src/main/java/com/shatteredpixel/shatteredpixeldungeon/actors/mobs/PhantomPiranha.java;core/src/main/java/com/shatteredpixel/shatteredpixeldungeon/actors/mobs/Piranha.java;core/src/main/java/com/shatteredpixel/shatteredpixeldungeon/actors/mobs/Pylon.java;core/src/main/java/com/shatteredpixel/shatteredpixeldungeon/actors/mobs/Rat.java;core/src/main/java/com/shatteredpixel/shatteredpixeldungeon/actors/mobs/RipperDemon.java;core/src/main/java/com/shatteredpixel/shatteredpixeldungeon/actors/mobs/RotHeart.java;core/src/main/java/com/shatteredpixel/shatteredpixeldungeon/actors/mobs/RotLasher.java;core/src/main/java/com/shatteredpixel/shatteredpixeldungeon/actors/mobs/Scorpio.java;core/src/main/java/com/shatteredpixel/shatteredpixeldungeon/actors/mobs/Senior.java;core/src/main/java/com/shatteredpixel/shatteredpixeldungeon/actors/mobs/Shaman.java;core/src/main/java/com/shatteredpixel/shatteredpixeldungeon/actors/mobs/Skeleton.java;core/src/main/java/com/shatteredpixel/shatteredpixeldungeon/actors/mobs/Slime.java;core/src/main/java/com/shatteredpixel/shatteredpixeldungeon/actors/mobs/Snake.java;core/src/main/java/com/shatteredpixel/shatteredpixeldungeon/actors/mobs/SpectralNecromancer.java;core/src/main/java/com/shatteredpixel/shatteredpixeldungeon/actors/mobs/Spinner.java;core/src/main/java/com/shatteredpixel/shatteredpixeldungeon/actors/mobs/Statue.java;core/src/main/java/com/shatteredpixel/shatteredpixeldungeon/actors/mobs/Succubus.java;core/src/main/java/com/shatteredpixel/shatteredpixeldungeon/actors/mobs/Swarm.java;core/src/main/java/com/shatteredpixel/shatteredpixeldungeon/actors/mobs/Tengu.java;core/src/main/java/com/shatteredpixel/shatteredpixeldungeon/actors/mobs/Thief.java;core/src/main/java/com/shatteredpixel/shatteredpixeldungeon/actors/mobs/TormentedSpirit.java;core/src/main/java/com/shatteredpixel/shatteredpixeldungeon/actors/mobs/Warlock.java;core/src/main/java/com/shatteredpixel/shatteredpixeldungeon/actors/mobs/Wraith.java;core/src/main/java/com/shatteredpixel/shatteredpixeldungeon/actors/mobs/YogDzewa.java;core/src/main/java/com/shatteredpixel/shatteredpixeldungeon/actors/mobs/YogFist.java;core/src/main/java/com/shatteredpixel/shatteredpixeldungeon/Assets.java;core/src/main/java/com/shatteredpixel/shatteredpixeldungeon/Badges.java;core/src/main/java/com/shatteredpixel/shatteredpixeldungeon/Bones.java;core/src/main/java/com/shatteredpixel/shatteredpixeldungeon/Challenges.java;core/src/main/java/com/shatteredpixel/shatteredpixeldungeon/Chrome.java;core/src/main/java/com/shatteredpixel/shatteredpixeldungeon/Dungeon.java;core/src/main/java/com/shatteredpixel/shatteredpixeldungeon/effects/BadgeBanner.java;core/src/main/java/com/shatteredpixel/shatteredpixeldungeon/effects/BannerSprites.java;core/src/main/java/com/shatteredpixel/shatteredpixeldungeon/effects/Beam.java;core/src/main/java/com/shatteredpixel/shatteredpixeldungeon/effects/BlobEmitter.java;core/src/main/java/com/shatteredpixel/shatteredpixeldungeon/effects/CellEmitter.java;core/src/main/java/com/shatteredpixel/shatteredpixeldungeon/effects/Chains.java;core/src/main/java/com/shatteredpixel/shatteredpixeldungeon/effects/CheckedCell.java;core/src/main/java/com/shatteredpixel/shatteredpixeldungeon/effects/CircleArc.java;core/src/main/java/com/shatteredpixel/shatteredpixeldungeon/effects/DarkBlock.java;core/src/main/java/com/shatteredpixel/shatteredpixeldungeon/effects/Degradation.java;core/src/main/java/com/shatteredpixel/shatteredpixeldungeon/effects/Effects.java;core/src/main/java/com/shatteredpixel/shatteredpixeldungeon/effects/EmoIcon.java;core/src/main/java/com/shatteredpixel/shatteredpixeldungeon/effects/Enchanting.java;core/src/main/java/com/shatteredpixel/shatteredpixeldungeon/effects/Fireball.java;core/src/main/java/com/shatteredpixel/shatteredpixeldungeon/effects/Flare.java;core/src/main/java/com/shatteredpixel/shatteredpixeldungeon/effects/FloatingText.java;core/src/main/java/com/shatteredpixel/shatteredpixeldungeon/effects/IceBlock.java;core/src/main/java/com/shatteredpixel/shatteredpixeldungeon/effects/Identification.java;core/src/main/java/com/shatteredpixel/shatteredpixeldungeon/effects/Lightning.java;core/src/main/java/com/shatteredpixel/shatteredpixeldungeon/effects/MagicMissile.java;core/src/main/java/com/shatteredpixel/shatteredpixeldungeon/effects/particles/BlastParticle.java;core/src/main/java/com/shatteredpixel/shatteredpixeldungeon/effects/particles/BloodParticle.java;core/src/main/java/com/shatteredpixel/shatteredpixeldungeon/effects/particles/ChallengeParticle.java;core/src/main/java/com/shatteredpixel/shatteredpixeldungeon/effects/particles/CorrosionParticle.java;core/src/main/java/com/shatteredpixel/shatteredpixeldungeon/effects/particles/EarthParticle.java;core/src/main/java/com/shatteredpixel/shatteredpixeldungeon/effects/particles/ElmoParticle.java;core/src/main/java/com/shatteredpixel/shatteredpixeldungeon/effects/particles/EnergyParticle.java;core/src/main/java/com/shatteredpixel/shatteredpixeldungeon/effects/particles/FlameParticle.java;core/src/main/java/com/shatteredpixel/shatteredpixeldungeon/effects/particles/FlowParticle.java;core/src/main/java/com/shatteredpixel/shatteredpixeldungeon/effects/particles/LeafParticle.java;core/src/main/java/com/shatteredpixel/shatteredpixeldungeon/effects/particles/PitfallParticle.java;core/src/main/java/com/shatteredpixel/shatteredpixeldungeon/effects/particles/PoisonParticle.java;core/src/main/java/com/shatteredpixel/shatteredpixeldungeon/effects/particles/PurpleParticle.java;core/src/main/java/com/shatteredpixel/shatteredpixeldungeon/effects/particles/RainbowParticle.java;core/src/main/java/com/shatteredpixel/shatteredpixeldungeon/effects/particles/SacrificialParticle.java;core/src/main/java/com/shatteredpixel/shatteredpixeldungeon/effects/particles/ShadowParticle.java;core/src/main/java/com/shatteredpixel/shatteredpixeldungeon/effects/particles/ShaftParticle.java;core/src/main/java/com/shatteredpixel/shatteredpixeldungeon/effects/particles/SmokeParticle.java;core/src/main/java/com/shatteredpixel/shatteredpixeldungeon/effects/particles/SnowParticle.java;core/src/main/java/com/shatteredpixel/shatteredpixeldungeon/effects/particles/SparkParticle.java;core/src/main/java/com/shatteredpixel/shatteredpixeldungeon/effects/particles/WebParticle.java;core/src/main/java/com/shatteredpixel/shatteredpixeldungeon/effects/particles/WindParticle.java;core/src/main/java/com/shatteredpixel/shatteredpixeldungeon/effects/particles/WoolParticle.java;core/src/main/java/com/shatteredpixel/shatteredpixeldungeon/effects/Pushing.java;core/src/main/java/com/shatteredpixel/shatteredpixeldungeon/effects/Ripple.java;core/src/main/java/com/shatteredpixel/shatteredpixeldungeon/effects/ShadowBox.java;core/src/main/java/com/shatteredpixel/shatteredpixeldungeon/effects/ShieldHalo.java;core/src/main/java/com/shatteredpixel/shatteredpixeldungeon/effects/Speck.java;core/src/main/java/com/shatteredpixel/shatteredpixeldungeon/effects/SpellSprite.java;core/src/main/java/com/shatteredpixel/shatteredpixeldungeon/effects/Splash.java;core/src/main/java/com/shatteredpixel/shatteredpixeldungeon/effects/Surprise.java;core/src/main/java/com/shatteredpixel/shatteredpixeldungeon/effects/Swap.java;core/src/main/java/com/shatteredpixel/shatteredpixeldungeon/effects/TargetedCell.java;core/src/main/java/com/shatteredpixel/shatteredpixeldungeon/effects/TorchHalo.java;core/src/main/java/com/shatteredpixel/shatteredpixeldungeon/effects/Transmuting.java;core/src/main/java/com/shatteredpixel/shatteredpixeldungeon/effects/Wound.java;core/src/main/java/com/shatteredpixel/shatteredpixeldungeon/GamesInProgress.java;core/src/main/java/com/shatteredpixel/shatteredpixeldungeon/items/Amulet.java;core/src/main/java/com/shatteredpixel/shatteredpixeldungeon/items/Ankh.java;core/src/main/java/com/shatteredpixel/shatteredpixeldungeon/items/ArcaneResin.java;core/src/main/java/com/shatteredpixel/shatteredpixeldungeon/items/armor/Armor.java;core/src/main/java/com/shatteredpixel/shatteredpixeldungeon/items/armor/ClassArmor.java;core/src/main/java/com/shatteredpixel/shatteredpixeldungeon/items/armor/ClothArmor.java;core/src/main/java/com/shatteredpixel/shatteredpixeldungeon/items/armor/curses/AntiEntropy.java;core/src/main/java/com/shatteredpixel/shatteredpixeldungeon/items/armor/curses/Bulk.java;core/src/main/java/com/shatteredpixel/shatteredpixeldungeon/items/armor/curses/Corrosion.java;core/src/main/java/com/shatteredpixel/shatteredpixeldungeon/items/armor/curses/Displacement.java;core/src/main/java/com/shatteredpixel/shatteredpixeldungeon/items/armor/curses/Metabolism.java;core/src/main/java/com/shatteredpixel/shatteredpixeldungeon/items/armor/curses/Multiplicity.java;core/src/main/java/com/shatteredpixel/shatteredpixeldungeon/items/armor/curses/Overgrowth.java;core/src/main/java/com/shatteredpixel/shatteredpixeldungeon/items/armor/curses/Stench.java;core/src/main/java/com/shatteredpixel/shatteredpixeldungeon/items/armor/DuelistArmor.java;core/src/main/java/com/shatteredpixel/shatteredpixeldungeon/items/armor/glyphs/Affection.java;core/src/main/java/com/shatteredpixel/shatteredpixeldungeon/items/armor/glyphs/AntiMagic.java;core/src/main/java/com/shatteredpixel/shatteredpixeldungeon/items/armor/glyphs/Brimstone.java;core/src/main/java/com/shatteredpixel/shatteredpixeldungeon/items/armor/glyphs/Camouflage.java;core/src/main/java/com/shatteredpixel/shatteredpixeldungeon/items/armor/glyphs/Entanglement.java;core/src/main/java/com/shatteredpixel/shatteredpixeldungeon/items/armor/glyphs/Flow.java;core/src/main/java/com/shatteredpixel/shatteredpixeldungeon/items/armor/glyphs/Obfuscation.java;core/src/main/java/com/shatteredpixel/shatteredpixeldungeon/items/armor/glyphs/Potential.java;core/src/main/java/com/shatteredpixel/shatteredpixeldungeon/items/armor/glyphs/Repulsion.java;core/src/main/java/com/shatteredpixel/shatteredpixeldungeon/items/armor/glyphs/Stone.java;core/src/main/java/com/shatteredpixel/shatteredpixeldungeon/items/armor/glyphs/Swiftness.java;core/src/main/java/com/shatteredpixel/shatteredpixeldungeon/items/armor/glyphs/Thorns.java;core/src/main/java/com/shatteredpixel/shatteredpixeldungeon/items/armor/glyphs/Viscosity.java;core/src/main/java/com/shatteredpixel/shatteredpixeldungeon/items/armor/HuntressArmor.java;core/src/main/java/com/shatteredpixel/shatteredpixeldungeon/items/armor/LeatherArmor.java;core/src/main/java/com/shatteredpixel/shatteredpixeldungeon/items/armor/MageArmor.java;core/src/main/java/com/shatteredpixel/shatteredpixeldungeon/items/armor/MailArmor.java;core/src/main/java/com/shatteredpixel/shatteredpixeldungeon/items/armor/PlateArmor.java;core/src/main/java/com/shatteredpixel/shatteredpixeldungeon/items/armor/RogueArmor.java;core/src/main/java/com/shatteredpixel/shatteredpixeldungeon/items/armor/ScaleArmor.java;core/src/main/java/com/shatteredpixel/shatteredpixeldungeon/items/armor/WarriorArmor.java;core/src/main/java/com/shatteredpixel/shatteredpixeldungeon/items/artifacts/AlchemistsToolkit.java;core/src/main/java/com/shatteredpixel/shatteredpixeldungeon/items/artifacts/Artifact.java;core/src/main/java/com/shatteredpixel/shatteredpixeldungeon/items/artifacts/CapeOfThorns.java;core/src/main/java/com/shatteredpixel/shatteredpixeldungeon/items/artifacts/ChaliceOfBlood.java;core/src/main/java/com/shatteredpixel/shatteredpixeldungeon/items/artifacts/CloakOfShadows.java;core/src/main/java/com/shatteredpixel/shatteredpixeldungeon/items/artifacts/DriedRose.java;core/src/main/java/com/shatteredpixel/shatteredpixeldungeon/items/artifacts/EtherealChains.java;core/src/main/java/com/shatteredpixel/shatteredpixeldungeon/items/artifacts/HornOfPlenty.java;core/src/main/java/com/shatteredpixel/shatteredpixeldungeon/items/artifacts/LloydsBeacon.java;core/src/main/java/com/shatteredpixel/shatteredpixeldungeon/items/artifacts/MasterThievesArmband.java;core/src/main/java/com/shatteredpixel/shatteredpixeldungeon/items/artifacts/SandalsOfNature.java;core/src/main/java/com/shatteredpixel/shatteredpixeldungeon/items/artifacts/TalismanOfForesight.java;core/src/main/java/com/shatteredpixel/shatteredpixeldungeon/items/artifacts/TimekeepersHourglass.java;core/src/main/java/com/shatteredpixel/shatteredpixeldungeon/items/artifacts/UnstableSpellbook.java;core/src/main/java/com/shatteredpixel/shatteredpixeldungeon/items/bags/Bag.java;core/src/main/java/com/shatteredpixel/shatteredpixeldungeon/items/bags/MagicalHolster.java;core/src/main/java/com/shatteredpixel/shatteredpixeldungeon/items/bags/PotionBandolier.java;core/src/main/java/com/shatteredpixel/shatteredpixeldungeon/items/bags/ScrollHolder.java;core/src/main/java/com/shatteredpixel/shatteredpixeldungeon/items/bags/VelvetPouch.java;core/src/main/java/com/shatteredpixel/shatteredpixeldungeon/items/bombs/ArcaneBomb.java;core/src/main/java/com/shatteredpixel/shatteredpixeldungeon/items/bombs/Bomb.java;core/src/main/java/com/shatteredpixel/shatteredpixeldungeon/items/bombs/Firebomb.java;core/src/main/java/com/shatteredpixel/shatteredpixeldungeon/items/bombs/Flashbang.java;core/src/main/java/com/shatteredpixel/shatteredpixeldungeon/items/bombs/FrostBomb.java;core/src/main/java/com/shatteredpixel/shatteredpixeldungeon/items/bombs/HolyBomb.java;core/src/main/java/com/shatteredpixel/shatteredpixeldungeon/items/bombs/Noisemaker.java;core/src/main/java/com/shatteredpixel/shatteredpixeldungeon/items/bombs/RegrowthBomb.java;core/src/main/java/com/shatteredpixel/shatteredpixeldungeon/items/bombs/ShockBomb.java;core/src/main/java/com/shatteredpixel/shatteredpixeldungeon/items/bombs/ShrapnelBomb.java;core/src/main/java/com/shatteredpixel/shatteredpixeldungeon/items/bombs/WoollyBomb.java;core/src/main/java/com/shatteredpixel/shatteredpixeldungeon/items/BrokenSeal.java;core/src/main/java/com/shatteredpixel/shatteredpixeldungeon/items/Dewdrop.java;core/src/main/java/com/shatteredpixel/shatteredpixeldungeon/items/EnergyCrystal.java;core/src/main/java/com/shatteredpixel/shatteredpixeldungeon/items/EquipableItem.java;core/src/main/java/com/shatteredpixel/shatteredpixeldungeon/items/food/Berry.java;core/src/main/java/com/shatteredpixel/shatteredpixeldungeon/items/food/Blandfruit.java;core/src/main/java/com/shatteredpixel/shatteredpixeldungeon/items/food/ChargrilledMeat.java;core/src/main/java/com/shatteredpixel/shatteredpixeldungeon/items/food/Food.java;core/src/main/java/com/shatteredpixel/shatteredpixeldungeon/items/food/FrozenCarpaccio.java;core/src/main/java/com/shatteredpixel/shatteredpixeldungeon/items/food/MeatPie.java;core/src/main/java/com/shatteredpixel/shatteredpixeldungeon/items/food/MysteryMeat.java;core/src/main/java/com/shatteredpixel/shatteredpixeldungeon/items/food/Pasty.java;core/src/main/java/com/shatteredpixel/shatteredpixeldungeon/items/food/PhantomMeat.java;core/src/main/java/com/shatteredpixel/shatteredpixeldungeon/items/food/SmallRation.java;core/src/main/java/com/shatteredpixel/shatteredpixeldungeon/items/food/StewedMeat.java;core/src/main/java/com/shatteredpixel/shatteredpixeldungeon/items/Generator.java;core/src/main/java/com/shatteredpixel/shatteredpixeldungeon/items/Gold.java;core/src/main/java/com/shatteredpixel/shatteredpixeldungeon/items/Heap.java;core/src/main/java/com/shatteredpixel/shatteredpixeldungeon/items/Honeypot.java;core/src/main/java/com/shatteredpixel/shatteredpixeldungeon/items/Item.java;core/src/main/java/com/shatteredpixel/shatteredpixeldungeon/items/ItemStatusHandler.java;core/src/main/java/com/shatteredpixel/shatteredpixeldungeon/items/journal/AlchemyPage.java;core/src/main/java/com/shatteredpixel/shatteredpixeldungeon/items/journal/DocumentPage.java;core/src/main/java/com/shatteredpixel/shatteredpixeldungeon/items/journal/Guidebook.java;core/src/main/java/com/shatteredpixel/shatteredpixeldungeon/items/journal/GuidePage.java;core/src/main/java/com/shatteredpixel/shatteredpixeldungeon/items/journal/RegionLorePage.java;core/src/main/java/com/shatteredpixel/shatteredpixeldungeon/items/keys/CrystalKey.java;core/src/main/java/com/shatteredpixel/shatteredpixeldungeon/items/keys/GoldenKey.java;core/src/main/java/com/shatteredpixel/shatteredpixeldungeon/items/keys/IronKey.java;core/src/main/java/com/shatteredpixel/shatteredpixeldungeon/items/keys/Key.java;core/src/main/java/com/shatteredpixel/shatteredpixeldungeon/items/keys/SkeletonKey.java;core/src/main/java/com/shatteredpixel/shatteredpixeldungeon/items/KindofMisc.java;core/src/main/java/com/shatteredpixel/shatteredpixeldungeon/items/KindOfWeapon.java;core/src/main/java/com/shatteredpixel/shatteredpixeldungeon/items/KingsCrown.java;core/src/main/java/com/shatteredpixel/shatteredpixeldungeon/items/LiquidMetal.java;core/src/main/java/com/shatteredpixel/shatteredpixeldungeon/items/LostBackpack.java;core/src/main/java/com/shatteredpixel/shatteredpixeldungeon/items/potions/AlchemicalCatalyst.java;core/src/main/java/com/shatteredpixel/shatteredpixeldungeon/items/potions/brews/BlizzardBrew.java;core/src/main/java/com/shatteredpixel/shatteredpixeldungeon/items/potions/brews/Brew.java;core/src/main/java/com/shatteredpixel/shatteredpixeldungeon/items/potions/brews/CausticBrew.java;core/src/main/java/com/shatteredpixel/shatteredpixeldungeon/items/potions/brews/InfernalBrew.java;core/src/main/java/com/shatteredpixel/shatteredpixeldungeon/items/potions/brews/ShockingBrew.java;core/src/main/java/com/shatteredpixel/shatteredpixeldungeon/items/potions/elixirs/Elixir.java;core/src/main/java/com/shatteredpixel/shatteredpixeldungeon/items/potions/elixirs/ElixirOfAquaticRejuvenation.java;core/src/main/java/com/shatteredpixel/shatteredpixeldungeon/items/potions/elixirs/ElixirOfArcaneArmor.java;core/src/main/java/com/shatteredpixel/shatteredpixeldungeon/items/potions/elixirs/ElixirOfDragonsBlood.java;core/src/main/java/com/shatteredpixel/shatteredpixeldungeon/items/potions/elixirs/ElixirOfHoneyedHealing.java;core/src/main/java/com/shatteredpixel/shatteredpixeldungeon/items/potions/elixirs/ElixirOfIcyTouch.java;core/src/main/java/com/shatteredpixel/shatteredpixeldungeon/items/potions/elixirs/ElixirOfMight.java;core/src/main/java/com/shatteredpixel/shatteredpixeldungeon/items/potions/elixirs/ElixirOfToxicEssence.java;core/src/main/java/com/shatteredpixel/shatteredpixeldungeon/items/potions/exotic/ExoticPotion.java;core/src/main/java/com/shatteredpixel/shatteredpixeldungeon/items/potions/exotic/PotionOfCleansing.java;core/src/main/java/com/shatteredpixel/shatteredpixeldungeon/items/potions/exotic/PotionOfCorrosiveGas.java;core/src/main/java/com/shatteredpixel/shatteredpixeldungeon/items/potions/exotic/PotionOfDivineInspiration.java;core/src/main/java/com/shatteredpixel/shatteredpixeldungeon/items/potions/exotic/PotionOfDragonsBreath.java;core/src/main/java/com/shatteredpixel/shatteredpixeldungeon/items/potions/exotic/PotionOfEarthenArmor.java;core/src/main/java/com/shatteredpixel/shatteredpixeldungeon/items/potions/exotic/PotionOfMagicalSight.java;core/src/main/java/com/shatteredpixel/shatteredpixeldungeon/items/potions/exotic/PotionOfMastery.java;core/src/main/java/com/shatteredpixel/shatteredpixeldungeon/items/potions/exotic/PotionOfShielding.java;core/src/main/java/com/shatteredpixel/shatteredpixeldungeon/items/potions/exotic/PotionOfShroudingFog.java;core/src/main/java/com/shatteredpixel/shatteredpixeldungeon/items/potions/exotic/PotionOfSnapFreeze.java;core/src/main/java/com/shatteredpixel/shatteredpixeldungeon/items/potions/exotic/PotionOfStamina.java;core/src/main/java/com/shatteredpixel/shatteredpixeldungeon/items/potions/exotic/PotionOfStormClouds.java;core/src/main/java/com/shatteredpixel/shatteredpixeldungeon/items/potions/Potion.java;core/src/main/java/com/shatteredpixel/shatteredpixeldungeon/items/potions/PotionOfExperience.java;core/src/main/java/com/shatteredpixel/shatteredpixeldungeon/items/potions/PotionOfFrost.java;core/src/main/java/com/shatteredpixel/shatteredpixeldungeon/items/potions/PotionOfHaste.java;core/src/main/java/com/shatteredpixel/shatteredpixeldungeon/items/potions/PotionOfHealing.java;core/src/main/java/com/shatteredpixel/shatteredpixeldungeon/items/potions/PotionOfInvisibility.java;core/src/main/java/com/shatteredpixel/shatteredpixeldungeon/items/potions/PotionOfLevitation.java;core/src/main/java/com/shatteredpixel/shatteredpixeldungeon/items/potions/PotionOfLiquidFlame.java;core/src/main/java/com/shatteredpixel/shatteredpixeldungeon/items/potions/PotionOfMindVision.java;core/src/main/java/com/shatteredpixel/shatteredpixeldungeon/items/potions/PotionOfParalyticGas.java;core/src/main/java/com/shatteredpixel/shatteredpixeldungeon/items/potions/PotionOfPurity.java;core/src/main/java/com/shatteredpixel/shatteredpixeldungeon/items/potions/PotionOfStrength.java;core/src/main/java/com/shatteredpixel/shatteredpixeldungeon/items/potions/PotionOfToxicGas.java;core/src/main/java/com/shatteredpixel/shatteredpixeldungeon/items/quest/CeremonialCandle.java;core/src/main/java/com/shatteredpixel/shatteredpixeldungeon/items/quest/CorpseDust.java;core/src/main/java/com/shatteredpixel/shatteredpixeldungeon/items/quest/DarkGold.java;core/src/main/java/com/shatteredpixel/shatteredpixeldungeon/items/quest/DwarfToken.java;core/src/main/java/com/shatteredpixel/shatteredpixeldungeon/items/quest/Embers.java;core/src/main/java/com/shatteredpixel/shatteredpixeldungeon/items/quest/GooBlob.java;core/src/main/java/com/shatteredpixel/shatteredpixeldungeon/items/quest/MetalShard.java;core/src/main/java/com/shatteredpixel/shatteredpixeldungeon/items/quest/Pickaxe.java;core/src/main/java/com/shatteredpixel/shatteredpixeldungeon/items/quest/RatSkull.java;core/src/main/java/com/shatteredpixel/shatteredpixeldungeon/items/Recipe.java;core/src/main/java/com/shatteredpixel/shatteredpixeldungeon/items/remains/BowFragment.java;core/src/main/java/com/shatteredpixel/shatteredpixeldungeon/items/remains/BrokenHilt.java;core/src/main/java/com/shatteredpixel/shatteredpixeldungeon/items/remains/BrokenStaff.java;core/src/main/java/com/shatteredpixel/shatteredpixeldungeon/items/remains/CloakScrap.java;core/src/main/java/com/shatteredpixel/shatteredpixeldungeon/items/remains/RemainsItem.java;core/src/main/java/com/shatteredpixel/shatteredpixeldungeon/items/remains/SealShard.java;core/src/main/java/com/shatteredpixel/shatteredpixeldungeon/items/rings/Ring.java;core/src/main/java/com/shatteredpixel/shatteredpixeldungeon/items/rings/RingOfAccuracy.java;core/src/main/java/com/shatteredpixel/shatteredpixeldungeon/items/rings/RingOfArcana.java;core/src/main/java/com/shatteredpixel/shatteredpixeldungeon/items/rings/RingOfElements.java;core/src/main/java/com/shatteredpixel/shatteredpixeldungeon/items/rings/RingOfEnergy.java;core/src/main/java/com/shatteredpixel/shatteredpixeldungeon/items/rings/RingOfEvasion.java;core/src/main/java/com/shatteredpixel/shatteredpixeldungeon/items/rings/RingOfForce.java;core/src/main/java/com/shatteredpixel/shatteredpixeldungeon/items/rings/RingOfFuror.java;core/src/main/java/com/shatteredpixel/shatteredpixeldungeon/items/rings/RingOfHaste.java;core/src/main/java/com/shatteredpixel/shatteredpixeldungeon/items/rings/RingOfMight.java;core/src/main/java/com/shatteredpixel/shatteredpixeldungeon/items/rings/RingOfSharpshooting.java;core/src/main/java/com/shatteredpixel/shatteredpixeldungeon/items/rings/RingOfTenacity.java;core/src/main/java/com/shatteredpixel/shatteredpixeldungeon/items/rings/RingOfWealth.java;core/src/main/java/com/shatteredpixel/shatteredpixeldungeon/items/scrolls/exotic/ExoticScroll.java;core/src/main/java/com/shatteredpixel/shatteredpixeldungeon/items/scrolls/exotic/ScrollOfAntiMagic.java;core/src/main/java/com/shatteredpixel/shatteredpixeldungeon/items/scrolls/exotic/ScrollOfChallenge.java;core/src/main/java/com/shatteredpixel/shatteredpixeldungeon/items/scrolls/exotic/ScrollOfDivination.java;core/src/main/java/com/shatteredpixel/shatteredpixeldungeon/items/scrolls/exotic/ScrollOfDread.java;core/src/main/java/com/shatteredpixel/shatteredpixeldungeon/items/scrolls/exotic/ScrollOfEnchantment.java;core/src/main/java/com/shatteredpixel/shatteredpixeldungeon/items/scrolls/exotic/ScrollOfForesight.java;core/src/main/java/com/shatteredpixel/shatteredpixeldungeon/items/scrolls/exotic/ScrollOfMetamorphosis.java;core/src/main/java/com/shatteredpixel/shatteredpixeldungeon/items/scrolls/exotic/ScrollOfMysticalEnergy.java;core/src/main/java/com/shatteredpixel/shatteredpixeldungeon/items/scrolls/exotic/ScrollOfPassage.java;core/src/main/java/com/shatteredpixel/shatteredpixeldungeon/items/scrolls/exotic/ScrollOfPrismaticImage.java;core/src/main/java/com/shatteredpixel/shatteredpixeldungeon/items/scrolls/exotic/ScrollOfPsionicBlast.java;core/src/main/java/com/shatteredpixel/shatteredpixeldungeon/items/scrolls/exotic/ScrollOfSirensSong.java;core/src/main/java/com/shatteredpixel/shatteredpixeldungeon/items/scrolls/InventoryScroll.java;core/src/main/java/com/shatteredpixel/shatteredpixeldungeon/items/scrolls/Scroll.java;core/src/main/java/com/shatteredpixel/shatteredpixeldungeon/items/scrolls/ScrollOfIdentify.java;core/src/main/java/com/shatteredpixel/shatteredpixeldungeon/items/scrolls/ScrollOfLullaby.java;core/src/main/java/com/shatteredpixel/shatteredpixeldungeon/items/scrolls/ScrollOfMagicMapping.java;core/src/main/java/com/shatteredpixel/shatteredpixeldungeon/items/scrolls/ScrollOfMirrorImage.java;core/src/main/java/com/shatteredpixel/shatteredpixeldungeon/items/scrolls/ScrollOfRage.java;core/src/main/java/com/shatteredpixel/shatteredpixeldungeon/items/scrolls/ScrollOfRecharging.java;core/src/main/java/com/shatteredpixel/shatteredpixeldungeon/items/scrolls/ScrollOfRemoveCurse.java;core/src/main/java/com/shatteredpixel/shatteredpixeldungeon/items/scrolls/ScrollOfRetribution.java;core/src/main/java/com/shatteredpixel/shatteredpixeldungeon/items/scrolls/ScrollOfTeleportation.java;core/src/main/java/com/shatteredpixel/shatteredpixeldungeon/items/scrolls/ScrollOfTerror.java;core/src/main/java/com/shatteredpixel/shatteredpixeldungeon/items/scrolls/ScrollOfTransmutation.java;core/src/main/java/com/shatteredpixel/shatteredpixeldungeon/items/scrolls/ScrollOfUpgrade.java;core/src/main/java/com/shatteredpixel/shatteredpixeldungeon/items/spells/Alchemize.java;core/src/main/java/com/shatteredpixel/shatteredpixeldungeon/items/spells/AquaBlast.java;core/src/main/java/com/shatteredpixel/shatteredpixeldungeon/items/spells/ArcaneCatalyst.java;core/src/main/java/com/shatteredpixel/shatteredpixeldungeon/items/spells/BeaconOfReturning.java;core/src/main/java/com/shatteredpixel/shatteredpixeldungeon/items/spells/CurseInfusion.java;core/src/main/java/com/shatteredpixel/shatteredpixeldungeon/items/spells/FeatherFall.java;core/src/main/java/com/shatteredpixel/shatteredpixeldungeon/items/spells/InventorySpell.java;core/src/main/java/com/shatteredpixel/shatteredpixeldungeon/items/spells/MagicalInfusion.java;core/src/main/java/com/shatteredpixel/shatteredpixeldungeon/items/spells/PhaseShift.java;core/src/main/java/com/shatteredpixel/shatteredpixeldungeon/items/spells/ReclaimTrap.java;core/src/main/java/com/shatteredpixel/shatteredpixeldungeon/items/spells/Recycle.java;core/src/main/java/com/shatteredpixel/shatteredpixeldungeon/items/spells/Spell.java;core/src/main/java/com/shatteredpixel/shatteredpixeldungeon/items/spells/SummonElemental.java;core/src/main/java/com/shatteredpixel/shatteredpixeldungeon/items/spells/TargetedSpell.java;core/src/main/java/com/shatteredpixel/shatteredpixeldungeon/items/spells/TelekineticGrab.java;core/src/main/java/com/shatteredpixel/shatteredpixeldungeon/items/spells/WildEnergy.java;core/src/main/java/com/shatteredpixel/shatteredpixeldungeon/items/stones/InventoryStone.java;core/src/main/java/com/shatteredpixel/shatteredpixeldungeon/items/stones/Runestone.java;core/src/main/java/com/shatteredpixel/shatteredpixeldungeon/items/stones/StoneOfAggression.java;core/src/main/java/com/shatteredpixel/shatteredpixeldungeon/items/stones/StoneOfAugmentation.java;core/src/main/java/com/shatteredpixel/shatteredpixeldungeon/items/stones/StoneOfBlast.java;core/src/main/java/com/shatteredpixel/shatteredpixeldungeon/items/stones/StoneOfBlink.java;core/src/main/java/com/shatteredpixel/shatteredpixeldungeon/items/stones/StoneOfClairvoyance.java;core/src/main/java/com/shatteredpixel/shatteredpixeldungeon/items/stones/StoneOfDeepSleep.java;core/src/main/java/com/shatteredpixel/shatteredpixeldungeon/items/stones/StoneOfDisarming.java;core/src/main/java/com/shatteredpixel/shatteredpixeldungeon/items/stones/StoneOfEnchantment.java;core/src/main/java/com/shatteredpixel/shatteredpixeldungeon/items/stones/StoneOfFear.java;core/src/main/java/com/shatteredpixel/shatteredpixeldungeon/items/stones/StoneOfFlock.java;core/src/main/java/com/shatteredpixel/shatteredpixeldungeon/items/stones/StoneOfIntuition.java;core/src/main/java/com/shatteredpixel/shatteredpixeldungeon/items/stones/StoneOfShock.java;core/src/main/java/com/shatteredpixel/shatteredpixeldungeon/items/Stylus.java;core/src/main/java/com/shatteredpixel/shatteredpixeldungeon/items/TengusMask.java;core/src/main/java/com/shatteredpixel/shatteredpixeldungeon/items/Torch.java;core/src/main/java/com/shatteredpixel/shatteredpixeldungeon/items/wands/CursedWand.java;core/src/main/java/com/shatteredpixel/shatteredpixeldungeon/items/wands/DamageWand.java;core/src/main/java/com/shatteredpixel/shatteredpixeldungeon/items/wands/Wand.java;core/src/main/java/com/shatteredpixel/shatteredpixeldungeon/items/wands/WandOfBlastWave.java;core/src/main/java/com/shatteredpixel/shatteredpixeldungeon/items/wands/WandOfCorrosion.java;core/src/main/java/com/shatteredpixel/shatteredpixeldungeon/items/wands/WandOfCorruption.java;core/src/main/java/com/shatteredpixel/shatteredpixeldungeon/items/wands/WandOfDisintegration.java;core/src/main/java/com/shatteredpixel/shatteredpixeldungeon/items/wands/WandOfFireblast.java;core/src/main/java/com/shatteredpixel/shatteredpixeldungeon/items/wands/WandOfFrost.java;core/src/main/java/com/shatteredpixel/shatteredpixeldungeon/items/wands/WandOfLightning.java;core/src/main/java/com/shatteredpixel/shatteredpixeldungeon/items/wands/WandOfLivingEarth.java;core/src/main/java/com/shatteredpixel/shatteredpixeldungeon/items/wands/WandOfMagicMissile.java;core/src/main/java/com/shatteredpixel/shatteredpixeldungeon/items/wands/WandOfPrismaticLight.java;core/src/main/java/com/shatteredpixel/shatteredpixeldungeon/items/wands/WandOfRegrowth.java;core/src/main/java/com/shatteredpixel/shatteredpixeldungeon/items/wands/WandOfTransfusion.java;core/src/main/java/com/shatteredpixel/shatteredpixeldungeon/items/wands/WandOfWarding.java;core/src/main/java/com/shatteredpixel/shatteredpixeldungeon/items/Waterskin.java;core/src/main/java/com/shatteredpixel/shatteredpixeldungeon/items/weapon/curses/Annoying.java;core/src/main/java/com/shatteredpixel/shatteredpixeldungeon/items/weapon/curses/Dazzling.java;core/src/main/java/com/shatteredpixel/shatteredpixeldungeon/items/weapon/curses/Displacing.java;core/src/main/java/com/shatteredpixel/shatteredpixeldungeon/items/weapon/curses/Explosive.java;core/src/main/java/com/shatteredpixel/shatteredpixeldungeon/items/weapon/curses/Friendly.java;core/src/main/java/com/shatteredpixel/shatteredpixeldungeon/items/weapon/curses/Polarized.java;core/src/main/java/com/shatteredpixel/shatteredpixeldungeon/items/weapon/curses/Sacrificial.java;core/src/main/java/com/shatteredpixel/shatteredpixeldungeon/items/weapon/curses/Wayward.java;core/src/main/java/com/shatteredpixel/shatteredpixeldungeon/items/weapon/enchantments/Blazing.java;core/src/main/java/com/shatteredpixel/shatteredpixeldungeon/items/weapon/enchantments/Blocking.java;core/src/main/java/com/shatteredpixel/shatteredpixeldungeon/items/weapon/enchantments/Blooming.java;core/src/main/java/com/shatteredpixel/shatteredpixeldungeon/items/weapon/enchantments/Chilling.java;core/src/main/java/com/shatteredpixel/shatteredpixeldungeon/items/weapon/enchantments/Corrupting.java;core/src/main/java/com/shatteredpixel/shatteredpixeldungeon/items/weapon/enchantments/Elastic.java;core/src/main/java/com/shatteredpixel/shatteredpixeldungeon/items/weapon/enchantments/Grim.java;core/src/main/java/com/shatteredpixel/shatteredpixeldungeon/items/weapon/enchantments/Kinetic.java;core/src/main/java/com/shatteredpixel/shatteredpixeldungeon/items/weapon/enchantments/Lucky.java;core/src/main/java/com/shatteredpixel/shatteredpixeldungeon/items/weapon/enchantments/Projecting.java;core/src/main/java/com/shatteredpixel/shatteredpixeldungeon/items/weapon/enchantments/Shocking.java;core/src/main/java/com/shatteredpixel/shatteredpixeldungeon/items/weapon/enchantments/Unstable.java;core/src/main/java/com/shatteredpixel/shatteredpixeldungeon/items/weapon/enchantments/Vampiric.java;core/src/main/java/com/shatteredpixel/shatteredpixeldungeon/items/weapon/melee/AssassinsBlade.java;core/src/main/java/com/shatteredpixel/shatteredpixeldungeon/items/weapon/melee/BattleAxe.java;core/src/main/java/com/shatteredpixel/shatteredpixeldungeon/items/weapon/melee/Crossbow.java;core/src/main/java/com/shatteredpixel/shatteredpixeldungeon/items/weapon/melee/Dagger.java;core/src/main/java/com/shatteredpixel/shatteredpixeldungeon/items/weapon/melee/Dirk.java;core/src/main/java/com/shatteredpixel/shatteredpixeldungeon/items/weapon/melee/Flail.java;core/src/main/java/com/shatteredpixel/shatteredpixeldungeon/items/weapon/melee/Gauntlet.java;core/src/main/java/com/shatteredpixel/shatteredpixeldungeon/items/weapon/melee/Glaive.java;core/src/main/java/com/shatteredpixel/shatteredpixeldungeon/items/weapon/melee/Gloves.java;core/src/main/java/com/shatteredpixel/shatteredpixeldungeon/items/weapon/melee/Greataxe.java;core/src/main/java/com/shatteredpixel/shatteredpixeldungeon/items/weapon/melee/Greatshield.java;core/src/main/java/com/shatteredpixel/shatteredpixeldungeon/items/weapon/melee/Greatsword.java;core/src/main/java/com/shatteredpixel/shatteredpixeldungeon/items/weapon/melee/HandAxe.java;core/src/main/java/com/shatteredpixel/shatteredpixeldungeon/items/weapon/melee/Katana.java;core/src/main/java/com/shatteredpixel/shatteredpixeldungeon/items/weapon/melee/Longsword.java;core/src/main/java/com/shatteredpixel/shatteredpixeldungeon/items/weapon/melee/Mace.java;core/src/main/java/com/shatteredpixel/shatteredpixeldungeon/items/weapon/melee/MagesStaff.java;core/src/main/java/com/shatteredpixel/shatteredpixeldungeon/items/weapon/melee/MeleeWeapon.java;core/src/main/java/com/shatteredpixel/shatteredpixeldungeon/items/weapon/melee/Quarterstaff.java;core/src/main/java/com/shatteredpixel/shatteredpixeldungeon/items/weapon/melee/Rapier.java;core/src/main/java/com/shatteredpixel/shatteredpixeldungeon/items/weapon/melee/RoundShield.java;core/src/main/java/com/shatteredpixel/shatteredpixeldungeon/items/weapon/melee/RunicBlade.java;core/src/main/java/com/shatteredpixel/shatteredpixeldungeon/items/weapon/melee/Sai.java;core/src/main/java/com/shatteredpixel/shatteredpixeldungeon/items/weapon/melee/Scimitar.java;core/src/main/java/com/shatteredpixel/shatteredpixeldungeon/items/weapon/melee/Shortsword.java;core/src/main/java/com/shatteredpixel/shatteredpixeldungeon/items/weapon/melee/Sickle.java;core/src/main/java/com/shatteredpixel/shatteredpixeldungeon/items/weapon/melee/Spear.java;core/src/main/java/com/shatteredpixel/shatteredpixeldungeon/items/weapon/melee/Sword.java;core/src/main/java/com/shatteredpixel/shatteredpixeldungeon/items/weapon/melee/WarHammer.java;core/src/main/java/com/shatteredpixel/shatteredpixeldungeon/items/weapon/melee/WarScythe.java;core/src/main/java/com/shatteredpixel/shatteredpixeldungeon/items/weapon/melee/Whip.java;core/src/main/java/com/shatteredpixel/shatteredpixeldungeon/items/weapon/melee/WornShortsword.java;core/src/main/java/com/shatteredpixel/shatteredpixeldungeon/items/weapon/missiles/Bolas.java;core/src/main/java/com/shatteredpixel/shatteredpixeldungeon/items/weapon/missiles/darts/AdrenalineDart.java;core/src/main/java/com/shatteredpixel/shatteredpixeldungeon/items/weapon/missiles/darts/BlindingDart.java;core/src/main/java/com/shatteredpixel/shatteredpixeldungeon/items/weapon/missiles/darts/ChillingDart.java;core/src/main/java/com/shatteredpixel/shatteredpixeldungeon/items/weapon/missiles/darts/CleansingDart.java;core/src/main/java/com/shatteredpixel/shatteredpixeldungeon/items/weapon/missiles/darts/Dart.java;core/src/main/java/com/shatteredpixel/shatteredpixeldungeon/items/weapon/missiles/darts/DisplacingDart.java;core/src/main/java/com/shatteredpixel/shatteredpixeldungeon/items/weapon/missiles/darts/HealingDart.java;core/src/main/java/com/shatteredpixel/shatteredpixeldungeon/items/weapon/missiles/darts/HolyDart.java;core/src/main/java/com/shatteredpixel/shatteredpixeldungeon/items/weapon/missiles/darts/IncendiaryDart.java;core/src/main/java/com/shatteredpixel/shatteredpixeldungeon/items/weapon/missiles/darts/ParalyticDart.java;core/src/main/java/com/shatteredpixel/shatteredpixeldungeon/items/weapon/missiles/darts/PoisonDart.java;core/src/main/java/com/shatteredpixel/shatteredpixeldungeon/items/weapon/missiles/darts/RotDart.java;core/src/main/java/com/shatteredpixel/shatteredpixeldungeon/items/weapon/missiles/darts/ShockingDart.java;core/src/main/java/com/shatteredpixel/shatteredpixeldungeon/items/weapon/missiles/darts/TippedDart.java;core/src/main/java/com/shatteredpixel/shatteredpixeldungeon/items/weapon/missiles/FishingSpear.java;core/src/main/java/com/shatteredpixel/shatteredpixeldungeon/items/weapon/missiles/ForceCube.java;core/src/main/java/com/shatteredpixel/shatteredpixeldungeon/items/weapon/missiles/HeavyBoomerang.java;core/src/main/java/com/shatteredpixel/shatteredpixeldungeon/items/weapon/missiles/Javelin.java;core/src/main/java/com/shatteredpixel/shatteredpixeldungeon/items/weapon/missiles/Kunai.java;core/src/main/java/com/shatteredpixel/shatteredpixeldungeon/items/weapon/missiles/MissileWeapon.java;core/src/main/java/com/shatteredpixel/shatteredpixeldungeon/items/weapon/missiles/Shuriken.java;core/src/main/java/com/shatteredpixel/shatteredpixeldungeon/items/weapon/missiles/ThrowingClub.java;core/src/main/java/com/shatteredpixel/shatteredpixeldungeon/items/weapon/missiles/ThrowingHammer.java;core/src/main/java/com/shatteredpixel/shatteredpixeldungeon/items/weapon/missiles/ThrowingKnife.java;core/src/main/java/com/shatteredpixel/shatteredpixeldungeon/items/weapon/missiles/ThrowingSpear.java;core/src/main/java/com/shatteredpixel/shatteredpixeldungeon/items/weapon/missiles/ThrowingSpike.java;core/src/main/java/com/shatteredpixel/shatteredpixeldungeon/items/weapon/missiles/ThrowingStone.java;core/src/main/java/com/shatteredpixel/shatteredpixeldungeon/items/weapon/missiles/Tomahawk.java;core/src/main/java/com/shatteredpixel/shatteredpixeldungeon/items/weapon/missiles/Trident.java;core/src/main/java/com/shatteredpixel/shatteredpixeldungeon/items/weapon/SpiritBow.java;core/src/main/java/com/shatteredpixel/shatteredpixeldungeon/items/weapon/Weapon.java;core/src/main/java/com/shatteredpixel/shatteredpixeldungeon/journal/Catalog.java;core/src/main/java/com/shatteredpixel/shatteredpixeldungeon/journal/Document.java;core/src/main/java/com/shatteredpixel/shatteredpixeldungeon/journal/Journal.java;core/src/main/java/com/shatteredpixel/shatteredpixeldungeon/journal/Notes.java;core/src/main/java/com/shatteredpixel/shatteredpixeldungeon/levels/builders/BranchesBuilder.java;core/src/main/java/com/shatteredpixel/shatteredpixeldungeon/levels/builders/Builder.java;core/src/main/java/com/shatteredpixel/shatteredpixeldungeon/levels/builders/FigureEightBuilder.java;core/src/main/java/com/shatteredpixel/shatteredpixeldungeon/levels/builders/LineBuilder.java;core/src/main/java/com/shatteredpixel/shatteredpixeldungeon/levels/builders/LoopBuilder.java;core/src/main/java/com/shatteredpixel/shatteredpixeldungeon/levels/builders/RegularBuilder.java;core/src/main/java/com/shatteredpixel/shatteredpixeldungeon/levels/CavesBossLevel.java;core/src/main/java/com/shatteredpixel/shatteredpixeldungeon/levels/CavesLevel.java;core/src/main/java/com/shatteredpixel/shatteredpixeldungeon/levels/CityBossLevel.java;core/src/main/java/com/shatteredpixel/shatteredpixeldungeon/levels/CityLevel.java;core/src/main/java/com/shatteredpixel/shatteredpixeldungeon/levels/DeadEndLevel.java;core/src/main/java/com/shatteredpixel/shatteredpixeldungeon/levels/features/Chasm.java;core/src/main/java/com/shatteredpixel/shatteredpixeldungeon/levels/features/Door.java;core/src/main/java/com/shatteredpixel/shatteredpixeldungeon/levels/features/HighGrass.java;core/src/main/java/com/shatteredpixel/shatteredpixeldungeon/levels/features/LevelTransition.java;core/src/main/java/com/shatteredpixel/shatteredpixeldungeon/levels/features/Maze.java;core/src/main/java/com/shatteredpixel/shatteredpixeldungeon/levels/HallsBossLevel.java;core/src/main/java/com/shatteredpixel/shatteredpixeldungeon/levels/HallsLevel.java;core/src/main/java/com/shatteredpixel/shatteredpixeldungeon/levels/LastLevel.java;core/src/main/java/com/shatteredpixel/shatteredpixeldungeon/levels/LastShopLevel.java;core/src/main/java/com/shatteredpixel/shatteredpixeldungeon/levels/Level.java;core/src/main/java/com/shatteredpixel/shatteredpixeldungeon/levels/MiningLevel.java;core/src/main/java/com/shatteredpixel/shatteredpixeldungeon/levels/painters/CavesPainter.java;core/src/main/java/com/shatteredpixel/shatteredpixeldungeon/levels/painters/CityPainter.java;core/src/main/java/com/shatteredpixel/shatteredpixeldungeon/levels/painters/HallsPainter.java;core/src/main/java/com/shatteredpixel/shatteredpixeldungeon/levels/painters/MiningLevelPainter.java;core/src/main/java/com/shatteredpixel/shatteredpixeldungeon/levels/painters/Painter.java;core/src/main/java/com/shatteredpixel/shatteredpixeldungeon/levels/painters/PrisonPainter.java;core/src/main/java/com/shatteredpixel/shatteredpixeldungeon/levels/painters/RegularPainter.java;core/src/main/java/com/shatteredpixel/shatteredpixeldungeon/levels/painters/SewerPainter.java;core/src/main/java/com/shatteredpixel/shatteredpixeldungeon/levels/Patch.java;core/src/main/java/com/shatteredpixel/shatteredpixeldungeon/levels/PrisonBossLevel.java;core/src/main/java/com/shatteredpixel/shatteredpixeldungeon/levels/PrisonLevel.java;core/src/main/java/com/shatteredpixel/shatteredpixeldungeon/levels/RegularLevel.java;core/src/main/java/com/shatteredpixel/shatteredpixeldungeon/levels/rooms/connection/BridgeRoom.java;core/src/main/java/com/shatteredpixel/shatteredpixeldungeon/levels/rooms/connection/ConnectionRoom.java;core/src/main/java/com/shatteredpixel/shatteredpixeldungeon/levels/rooms/connection/MazeConnectionRoom.java;core/src/main/java/com/shatteredpixel/shatteredpixeldungeon/levels/rooms/connection/PerimeterRoom.java;core/src/main/java/com/shatteredpixel/shatteredpixeldungeon/levels/rooms/connection/RingBridgeRoom.java;core/src/main/java/com/shatteredpixel/shatteredpixeldungeon/levels/rooms/connection/RingTunnelRoom.java;core/src/main/java/com/shatteredpixel/shatteredpixeldungeon/levels/rooms/connection/TunnelRoom.java;core/src/main/java/com/shatteredpixel/shatteredpixeldungeon/levels/rooms/connection/WalkwayRoom.java;core/src/main/java/com/shatteredpixel/shatteredpixeldungeon/levels/rooms/quest/BlacksmithRoom.java;core/src/main/java/com/shatteredpixel/shatteredpixeldungeon/levels/rooms/quest/MassGraveRoom.java;core/src/main/java/com/shatteredpixel/shatteredpixeldungeon/levels/rooms/quest/MineEntrance.java;core/src/main/java/com/shatteredpixel/shatteredpixeldungeon/levels/rooms/quest/MineGiantRoom.java;core/src/main/java/com/shatteredpixel/shatteredpixeldungeon/levels/rooms/quest/MineLargeRoom.java;core/src/main/java/com/shatteredpixel/shatteredpixeldungeon/levels/rooms/quest/MineSecretRoom.java;core/src/main/java/com/shatteredpixel/shatteredpixeldungeon/levels/rooms/quest/MineSmallRoom.java;core/src/main/java/com/shatteredpixel/shatteredpixeldungeon/levels/rooms/quest/RitualSiteRoom.java;core/src/main/java/com/shatteredpixel/shatteredpixeldungeon/levels/rooms/quest/RotGardenRoom.java;core/src/main/java/com/shatteredpixel/shatteredpixeldungeon/levels/rooms/Room.java;core/src/main/java/com/shatteredpixel/shatteredpixeldungeon/levels/rooms/secret/RatKingRoom.java;core/src/main/java/com/shatteredpixel/shatteredpixeldungeon/levels/rooms/secret/SecretArtilleryRoom.java;core/src/main/java/com/shatteredpixel/shatteredpixeldungeon/levels/rooms/secret/SecretChestChasmRoom.java;core/src/main/java/com/shatteredpixel/shatteredpixeldungeon/levels/rooms/secret/SecretGardenRoom.java;core/src/main/java/com/shatteredpixel/shatteredpixeldungeon/levels/rooms/secret/SecretHoardRoom.java;core/src/main/java/com/shatteredpixel/shatteredpixeldungeon/levels/rooms/secret/SecretHoneypotRoom.java;core/src/main/java/com/shatteredpixel/shatteredpixeldungeon/levels/rooms/secret/SecretLaboratoryRoom.java;core/src/main/java/com/shatteredpixel/shatteredpixeldungeon/levels/rooms/secret/SecretLarderRoom.java;core/src/main/java/com/shatteredpixel/shatteredpixeldungeon/levels/rooms/secret/SecretLibraryRoom.java;core/src/main/java/com/shatteredpixel/shatteredpixeldungeon/levels/rooms/secret/SecretMazeRoom.java;core/src/main/java/com/shatteredpixel/shatteredpixeldungeon/levels/rooms/secret/SecretRoom.java;core/src/main/java/com/shatteredpixel/shatteredpixeldungeon/levels/rooms/secret/SecretRunestoneRoom.java;core/src/main/java/com/shatteredpixel/shatteredpixeldungeon/levels/rooms/secret/SecretSummoningRoom.java;core/src/main/java/com/shatteredpixel/shatteredpixeldungeon/levels/rooms/secret/SecretWellRoom.java;core/src/main/java/com/shatteredpixel/shatteredpixeldungeon/levels/rooms/sewerboss/DiamondGooRoom.java;core/src/main/java/com/shatteredpixel/shatteredpixeldungeon/levels/rooms/sewerboss/GooBossRoom.java;core/src/main/java/com/shatteredpixel/shatteredpixeldungeon/levels/rooms/sewerboss/SewerBossEntranceRoom.java;core/src/main/java/com/shatteredpixel/shatteredpixeldungeon/levels/rooms/sewerboss/SewerBossExitRoom.java;core/src/main/java/com/shatteredpixel/shatteredpixeldungeon/levels/rooms/sewerboss/ThickPillarsGooRoom.java;core/src/main/java/com/shatteredpixel/shatteredpixeldungeon/levels/rooms/sewerboss/ThinPillarsGooRoom.java;core/src/main/java/com/shatteredpixel/shatteredpixeldungeon/levels/rooms/sewerboss/WalledGooRoom.java;core/src/main/java/com/shatteredpixel/shatteredpixeldungeon/levels/rooms/special/ArmoryRoom.java;core/src/main/java/com/shatteredpixel/shatteredpixeldungeon/levels/rooms/special/CryptRoom.java;core/src/main/java/com/shatteredpixel/shatteredpixeldungeon/levels/rooms/special/CrystalChoiceRoom.java;core/src/main/java/com/shatteredpixel/shatteredpixeldungeon/levels/rooms/special/CrystalPathRoom.java;core/src/main/java/com/shatteredpixel/shatteredpixeldungeon/levels/rooms/special/CrystalVaultRoom.java;core/src/main/java/com/shatteredpixel/shatteredpixeldungeon/levels/rooms/special/DemonSpawnerRoom.java;core/src/main/java/com/shatteredpixel/shatteredpixeldungeon/levels/rooms/special/GardenRoom.java;core/src/main/java/com/shatteredpixel/shatteredpixeldungeon/levels/rooms/special/LaboratoryRoom.java;core/src/main/java/com/shatteredpixel/shatteredpixeldungeon/levels/rooms/special/LibraryRoom.java;core/src/main/java/com/shatteredpixel/shatteredpixeldungeon/levels/rooms/special/MagicalFireRoom.java;core/src/main/java/com/shatteredpixel/shatteredpixeldungeon/levels/rooms/special/MagicWellRoom.java;core/src/main/java/com/shatteredpixel/shatteredpixeldungeon/levels/rooms/special/PitRoom.java;core/src/main/java/com/shatteredpixel/shatteredpixeldungeon/levels/rooms/special/PoolRoom.java;core/src/main/java/com/shatteredpixel/shatteredpixeldungeon/levels/rooms/special/RunestoneRoom.java;core/src/main/java/com/shatteredpixel/shatteredpixeldungeon/levels/rooms/special/SacrificeRoom.java;core/src/main/java/com/shatteredpixel/shatteredpixeldungeon/levels/rooms/special/SentryRoom.java;core/src/main/java/com/shatteredpixel/shatteredpixeldungeon/levels/rooms/special/ShopRoom.java;core/src/main/java/com/shatteredpixel/shatteredpixeldungeon/levels/rooms/special/SpecialRoom.java;core/src/main/java/com/shatteredpixel/shatteredpixeldungeon/levels/rooms/special/StatueRoom.java;core/src/main/java/com/shatteredpixel/shatteredpixeldungeon/levels/rooms/special/StorageRoom.java;core/src/main/java/com/shatteredpixel/shatteredpixeldungeon/levels/rooms/special/ToxicGasRoom.java;core/src/main/java/com/shatteredpixel/shatteredpixeldungeon/levels/rooms/special/TrapsRoom.java;core/src/main/java/com/shatteredpixel/shatteredpixeldungeon/levels/rooms/special/TreasuryRoom.java;core/src/main/java/com/shatteredpixel/shatteredpixeldungeon/levels/rooms/special/WeakFloorRoom.java;core/src/main/java/com/shatteredpixel/shatteredpixeldungeon/levels/rooms/standard/AquariumRoom.java;core/src/main/java/com/shatteredpixel/shatteredpixeldungeon/levels/rooms/standard/BurnedRoom.java;core/src/main/java/com/shatteredpixel/shatteredpixeldungeon/levels/rooms/standard/CaveRoom.java;core/src/main/java/com/shatteredpixel/shatteredpixeldungeon/levels/rooms/standard/CavesFissureRoom.java;core/src/main/java/com/shatteredpixel/shatteredpixeldungeon/levels/rooms/standard/CellBlockRoom.java;core/src/main/java/com/shatteredpixel/shatteredpixeldungeon/levels/rooms/standard/ChasmRoom.java;core/src/main/java/com/shatteredpixel/shatteredpixeldungeon/levels/rooms/standard/CircleBasinRoom.java;core/src/main/java/com/shatteredpixel/shatteredpixeldungeon/levels/rooms/standard/CirclePitRoom.java;core/src/main/java/com/shatteredpixel/shatteredpixeldungeon/levels/rooms/standard/EmptyRoom.java;core/src/main/java/com/shatteredpixel/shatteredpixeldungeon/levels/rooms/standard/EntranceRoom.java;core/src/main/java/com/shatteredpixel/shatteredpixeldungeon/levels/rooms/standard/ExitRoom.java;core/src/main/java/com/shatteredpixel/shatteredpixeldungeon/levels/rooms/standard/FissureRoom.java;core/src/main/java/com/shatteredpixel/shatteredpixeldungeon/levels/rooms/standard/GrassyGraveRoom.java;core/src/main/java/com/shatteredpixel/shatteredpixeldungeon/levels/rooms/standard/HallwayRoom.java;core/src/main/java/com/shatteredpixel/shatteredpixeldungeon/levels/rooms/standard/ImpShopRoom.java;core/src/main/java/com/shatteredpixel/shatteredpixeldungeon/levels/rooms/standard/MinefieldRoom.java;core/src/main/java/com/shatteredpixel/shatteredpixeldungeon/levels/rooms/standard/PatchRoom.java;core/src/main/java/com/shatteredpixel/shatteredpixeldungeon/levels/rooms/standard/PillarsRoom.java;core/src/main/java/com/shatteredpixel/shatteredpixeldungeon/levels/rooms/standard/PlantsRoom.java;core/src/main/java/com/shatteredpixel/shatteredpixeldungeon/levels/rooms/standard/PlatformRoom.java;core/src/main/java/com/shatteredpixel/shatteredpixeldungeon/levels/rooms/standard/RingRoom.java;core/src/main/java/com/shatteredpixel/shatteredpixeldungeon/levels/rooms/standard/RuinsRoom.java;core/src/main/java/com/shatteredpixel/shatteredpixeldungeon/levels/rooms/standard/SegmentedLibraryRoom.java;core/src/main/java/com/shatteredpixel/shatteredpixeldungeon/levels/rooms/standard/SegmentedRoom.java;core/src/main/java/com/shatteredpixel/shatteredpixeldungeon/levels/rooms/standard/SewerPipeRoom.java;core/src/main/java/com/shatteredpixel/shatteredpixeldungeon/levels/rooms/standard/SkullsRoom.java;core/src/main/java/com/shatteredpixel/shatteredpixeldungeon/levels/rooms/standard/StandardRoom.java;core/src/main/java/com/shatteredpixel/shatteredpixeldungeon/levels/rooms/standard/StatuesRoom.java;core/src/main/java/com/shatteredpixel/shatteredpixeldungeon/levels/rooms/standard/StripedRoom.java;core/src/main/java/com/shatteredpixel/shatteredpixeldungeon/levels/rooms/standard/StudyRoom.java;core/src/main/java/com/shatteredpixel/shatteredpixeldungeon/levels/rooms/standard/SuspiciousChestRoom.java;core/src/main/java/com/shatteredpixel/shatteredpixeldungeon/levels/SewerBossLevel.java;core/src/main/java/com/shatteredpixel/shatteredpixeldungeon/levels/SewerLevel.java;core/src/main/java/com/shatteredpixel/shatteredpixeldungeon/levels/Terrain.java;core/src/main/java/com/shatteredpixel/shatteredpixeldungeon/levels/traps/AlarmTrap.java;core/src/main/java/com/shatteredpixel/shatteredpixeldungeon/levels/traps/BlazingTrap.java;core/src/main/java/com/shatteredpixel/shatteredpixeldungeon/levels/traps/BurningTrap.java;core/src/main/java/com/shatteredpixel/shatteredpixeldungeon/levels/traps/ChillingTrap.java;core/src/main/java/com/shatteredpixel/shatteredpixeldungeon/levels/traps/ConfusionTrap.java;core/src/main/java/com/shatteredpixel/shatteredpixeldungeon/levels/traps/CorrosionTrap.java;core/src/main/java/com/shatteredpixel/shatteredpixeldungeon/levels/traps/CursingTrap.java;core/src/main/java/com/shatteredpixel/shatteredpixeldungeon/levels/traps/DisarmingTrap.java;core/src/main/java/com/shatteredpixel/shatteredpixeldungeon/levels/traps/DisintegrationTrap.java;core/src/main/java/com/shatteredpixel/shatteredpixeldungeon/levels/traps/DistortionTrap.java;core/src/main/java/com/shatteredpixel/shatteredpixeldungeon/levels/traps/ExplosiveTrap.java;core/src/main/java/com/shatteredpixel/shatteredpixeldungeon/levels/traps/FlashingTrap.java;core/src/main/java/com/shatteredpixel/shatteredpixeldungeon/levels/traps/FlockTrap.java;core/src/main/java/com/shatteredpixel/shatteredpixeldungeon/levels/traps/FrostTrap.java;core/src/main/java/com/shatteredpixel/shatteredpixeldungeon/levels/traps/GatewayTrap.java;core/src/main/java/com/shatteredpixel/shatteredpixeldungeon/levels/traps/GeyserTrap.java;core/src/main/java/com/shatteredpixel/shatteredpixeldungeon/levels/traps/GnollRockfallTrap.java;core/src/main/java/com/shatteredpixel/shatteredpixeldungeon/levels/traps/GrimTrap.java;core/src/main/java/com/shatteredpixel/shatteredpixeldungeon/levels/traps/GrippingTrap.java;core/src/main/java/com/shatteredpixel/shatteredpixeldungeon/levels/traps/GuardianTrap.java;core/src/main/java/com/shatteredpixel/shatteredpixeldungeon/levels/traps/OozeTrap.java;core/src/main/java/com/shatteredpixel/shatteredpixeldungeon/levels/traps/PitfallTrap.java;core/src/main/java/com/shatteredpixel/shatteredpixeldungeon/levels/traps/PoisonDartTrap.java;core/src/main/java/com/shatteredpixel/shatteredpixeldungeon/levels/traps/RockfallTrap.java;core/src/main/java/com/shatteredpixel/shatteredpixeldungeon/levels/traps/ShockingTrap.java;core/src/main/java/com/shatteredpixel/shatteredpixeldungeon/levels/traps/StormTrap.java;core/src/main/java/com/shatteredpixel/shatteredpixeldungeon/levels/traps/SummoningTrap.java;core/src/main/java/com/shatteredpixel/shatteredpixeldungeon/levels/traps/TeleportationTrap.java;core/src/main/java/com/shatteredpixel/shatteredpixeldungeon/levels/traps/TenguDartTrap.java;core/src/main/java/com/shatteredpixel/shatteredpixeldungeon/levels/traps/ToxicTrap.java;core/src/main/java/com/shatteredpixel/shatteredpixeldungeon/levels/traps/Trap.java;core/src/main/java/com/shatteredpixel/shatteredpixeldungeon/levels/traps/WarpingTrap.java;core/src/main/java/com/shatteredpixel/shatteredpixeldungeon/levels/traps/WeakeningTrap.java;core/src/main/java/com/shatteredpixel/shatteredpixeldungeon/levels/traps/WornDartTrap.java;core/src/main/java/com/shatteredpixel/shatteredpixeldungeon/mechanics/Ballistica.java;core/src/main/java/com/shatteredpixel/shatteredpixeldungeon/mechanics/ConeAOE.java;core/src/main/java/com/shatteredpixel/shatteredpixeldungeon/mechanics/ShadowCaster.java;core/src/main/java/com/shatteredpixel/shatteredpixeldungeon/messages/Languages.java;core/src/main/java/com/shatteredpixel/shatteredpixeldungeon/messages/Messages.java;core/src/main/java/com/shatteredpixel/shatteredpixeldungeon/plants/BlandfruitBush.java;core/src/main/java/com/shatteredpixel/shatteredpixeldungeon/plants/Blindweed.java;core/src/main/java/com/shatteredpixel/shatteredpixeldungeon/plants/Earthroot.java;core/src/main/java/com/shatteredpixel/shatteredpixeldungeon/plants/Fadeleaf.java;core/src/main/java/com/shatteredpixel/shatteredpixeldungeon/plants/Firebloom.java;core/src/main/java/com/shatteredpixel/shatteredpixeldungeon/plants/Icecap.java;core/src/main/java/com/shatteredpixel/shatteredpixeldungeon/plants/Mageroyal.java;core/src/main/java/com/shatteredpixel/shatteredpixeldungeon/plants/Plant.java;core/src/main/java/com/shatteredpixel/shatteredpixeldungeon/plants/Rotberry.java;core/src/main/java/com/shatteredpixel/shatteredpixeldungeon/plants/Sorrowmoss.java;core/src/main/java/com/shatteredpixel/shatteredpixeldungeon/plants/Starflower.java;core/src/main/java/com/shatteredpixel/shatteredpixeldungeon/plants/Stormvine.java;core/src/main/java/com/shatteredpixel/shatteredpixeldungeon/plants/Sungrass.java;core/src/main/java/com/shatteredpixel/shatteredpixeldungeon/plants/Swiftthistle.java;core/src/main/java/com/shatteredpixel/shatteredpixeldungeon/QuickSlot.java;core/src/main/java/com/shatteredpixel/shatteredpixeldungeon/Rankings.java;core/src/main/java/com/shatteredpixel/shatteredpixeldungeon/scenes/AboutScene.java;core/src/main/java/com/shatteredpixel/shatteredpixeldungeon/scenes/AlchemyScene.java;core/src/main/java/com/shatteredpixel/shatteredpixeldungeon/scenes/AmuletScene.java;core/src/main/java/com/shatteredpixel/shatteredpixeldungeon/scenes/BadgesScene.java;core/src/main/java/com/shatteredpixel/shatteredpixeldungeon/scenes/CellSelector.java;core/src/main/java/com/shatteredpixel/shatteredpixeldungeon/scenes/ChangesScene.java;core/src/main/java/com/shatteredpixel/shatteredpixeldungeon/scenes/GameScene.java;core/src/main/java/com/shatteredpixel/shatteredpixeldungeon/scenes/HeroSelectScene.java;core/src/main/java/com/shatteredpixel/shatteredpixeldungeon/scenes/InterlevelScene.java;core/src/main/java/com/shatteredpixel/shatteredpixeldungeon/scenes/NewsScene.java;core/src/main/java/com/shatteredpixel/shatteredpixeldungeon/scenes/PixelScene.java;core/src/main/java/com/shatteredpixel/shatteredpixeldungeon/scenes/RankingsScene.java;core/src/main/java/com/shatteredpixel/shatteredpixeldungeon/scenes/StartScene.java;core/src/main/java/com/shatteredpixel/shatteredpixeldungeon/scenes/SupporterScene.java;core/src/main/java/com/shatteredpixel/shatteredpixeldungeon/scenes/SurfaceScene.java;core/src/main/java/com/shatteredpixel/shatteredpixeldungeon/scenes/TitleScene.java;core/src/main/java/com/shatteredpixel/shatteredpixeldungeon/scenes/WelcomeScene.java;core/src/main/java/com/shatteredpixel/shatteredpixeldungeon/services/news/News.java;core/src/main/java/com/shatteredpixel/shatteredpixeldungeon/services/updates/Updates.java;core/src/main/java/com/shatteredpixel/shatteredpixeldungeon/ShatteredPixelDungeon.java;core/src/main/java/com/shatteredpixel/shatteredpixeldungeon/SPDAction.java;core/src/main/java/com/shatteredpixel/shatteredpixeldungeon/SPDSettings.java;core/src/main/java/com/shatteredpixel/shatteredpixeldungeon/sprites/AcidicSprite.java;core/src/main/java/com/shatteredpixel/shatteredpixeldungeon/sprites/AlbinoSprite.java;core/src/main/java/com/shatteredpixel/shatteredpixeldungeon/sprites/BanditSprite.java;core/src/main/java/com/shatteredpixel/shatteredpixeldungeon/sprites/BatSprite.java;core/src/main/java/com/shatteredpixel/shatteredpixeldungeon/sprites/BeeSprite.java;core/src/main/java/com/shatteredpixel/shatteredpixeldungeon/sprites/BlacksmithSprite.java;core/src/main/java/com/shatteredpixel/shatteredpixeldungeon/sprites/BruteSprite.java;core/src/main/java/com/shatteredpixel/shatteredpixeldungeon/sprites/CausticSlimeSprite.java;core/src/main/java/com/shatteredpixel/shatteredpixeldungeon/sprites/CharSprite.java;core/src/main/java/com/shatteredpixel/shatteredpixeldungeon/sprites/CrabSprite.java;core/src/main/java/com/shatteredpixel/shatteredpixeldungeon/sprites/CrystalGuardianSprite.java;core/src/main/java/com/shatteredpixel/shatteredpixeldungeon/sprites/CrystalSpireSprite.java;core/src/main/java/com/shatteredpixel/shatteredpixeldungeon/sprites/CrystalWispSprite.java;core/src/main/java/com/shatteredpixel/shatteredpixeldungeon/sprites/DiscardedItemSprite.java;core/src/main/java/com/shatteredpixel/shatteredpixeldungeon/sprites/DM100Sprite.java;core/src/main/java/com/shatteredpixel/shatteredpixeldungeon/sprites/DM200Sprite.java;core/src/main/java/com/shatteredpixel/shatteredpixeldungeon/sprites/DM201Sprite.java;core/src/main/java/com/shatteredpixel/shatteredpixeldungeon/sprites/DM300Sprite.java;core/src/main/java/com/shatteredpixel/shatteredpixeldungeon/sprites/EarthGuardianSprite.java;core/src/main/java/com/shatteredpixel/shatteredpixeldungeon/sprites/ElementalSprite.java;core/src/main/java/com/shatteredpixel/shatteredpixeldungeon/sprites/EyeSprite.java;core/src/main/java/com/shatteredpixel/shatteredpixeldungeon/sprites/FetidRatSprite.java;core/src/main/java/com/shatteredpixel/shatteredpixeldungeon/sprites/FistSprite.java;core/src/main/java/com/shatteredpixel/shatteredpixeldungeon/sprites/FungalCoreSprite.java;core/src/main/java/com/shatteredpixel/shatteredpixeldungeon/sprites/FungalSentrySprite.java;core/src/main/java/com/shatteredpixel/shatteredpixeldungeon/sprites/FungalSpinnerSprite.java;core/src/main/java/com/shatteredpixel/shatteredpixeldungeon/sprites/GhostSprite.java;core/src/main/java/com/shatteredpixel/shatteredpixeldungeon/sprites/GhoulSprite.java;core/src/main/java/com/shatteredpixel/shatteredpixeldungeon/sprites/GnollGeomancerSprite.java;core/src/main/java/com/shatteredpixel/shatteredpixeldungeon/sprites/GnollGuardSprite.java;core/src/main/java/com/shatteredpixel/shatteredpixeldungeon/sprites/GnollSapperSprite.java;core/src/main/java/com/shatteredpixel/shatteredpixeldungeon/sprites/GnollSprite.java;core/src/main/java/com/shatteredpixel/shatteredpixeldungeon/sprites/GnollTricksterSprite.java;core/src/main/java/com/shatteredpixel/shatteredpixeldungeon/sprites/GolemSprite.java;core/src/main/java/com/shatteredpixel/shatteredpixeldungeon/sprites/GooSprite.java;core/src/main/java/com/shatteredpixel/shatteredpixeldungeon/sprites/GreatCrabSprite.java;core/src/main/java/com/shatteredpixel/shatteredpixeldungeon/sprites/GuardSprite.java;core/src/main/java/com/shatteredpixel/shatteredpixeldungeon/sprites/HeroSprite.java;core/src/main/java/com/shatteredpixel/shatteredpixeldungeon/sprites/ImpSprite.java;core/src/main/java/com/shatteredpixel/shatteredpixeldungeon/sprites/ItemSprite.java;core/src/main/java/com/shatteredpixel/shatteredpixeldungeon/sprites/ItemSpriteSheet.java;core/src/main/java/com/shatteredpixel/shatteredpixeldungeon/sprites/KingSprite.java;core/src/main/java/com/shatteredpixel/shatteredpixeldungeon/sprites/LarvaSprite.java;core/src/main/java/com/shatteredpixel/shatteredpixeldungeon/sprites/LotusSprite.java;core/src/main/java/com/shatteredpixel/shatteredpixeldungeon/sprites/MimicSprite.java;core/src/main/java/com/shatteredpixel/shatteredpixeldungeon/sprites/MirrorSprite.java;core/src/main/java/com/shatteredpixel/shatteredpixeldungeon/sprites/MissileSprite.java;core/src/main/java/com/shatteredpixel/shatteredpixeldungeon/sprites/MobSprite.java;core/src/main/java/com/shatteredpixel/shatteredpixeldungeon/sprites/MonkSprite.java;core/src/main/java/com/shatteredpixel/shatteredpixeldungeon/sprites/NecromancerSprite.java;core/src/main/java/com/shatteredpixel/shatteredpixeldungeon/sprites/NewbornElementalSprite.java;core/src/main/java/com/shatteredpixel/shatteredpixeldungeon/sprites/PhantomPiranhaSprite.java;core/src/main/java/com/shatteredpixel/shatteredpixeldungeon/sprites/PiranhaSprite.java;core/src/main/java/com/shatteredpixel/shatteredpixeldungeon/sprites/PrismaticSprite.java;core/src/main/java/com/shatteredpixel/shatteredpixeldungeon/sprites/PylonSprite.java;core/src/main/java/com/shatteredpixel/shatteredpixeldungeon/sprites/RatKingSprite.java;core/src/main/java/com/shatteredpixel/shatteredpixeldungeon/sprites/RatSprite.java;core/src/main/java/com/shatteredpixel/shatteredpixeldungeon/sprites/RipperSprite.java;core/src/main/java/com/shatteredpixel/shatteredpixeldungeon/sprites/RotHeartSprite.java;core/src/main/java/com/shatteredpixel/shatteredpixeldungeon/sprites/RotLasherSprite.java;core/src/main/java/com/shatteredpixel/shatteredpixeldungeon/sprites/ScorpioSprite.java;core/src/main/java/com/shatteredpixel/shatteredpixeldungeon/sprites/SeniorSprite.java;core/src/main/java/com/shatteredpixel/shatteredpixeldungeon/sprites/ShamanSprite.java;core/src/main/java/com/shatteredpixel/shatteredpixeldungeon/sprites/SheepSprite.java;core/src/main/java/com/shatteredpixel/shatteredpixeldungeon/sprites/ShieldedSprite.java;core/src/main/java/com/shatteredpixel/shatteredpixeldungeon/sprites/ShopkeeperSprite.java;core/src/main/java/com/shatteredpixel/shatteredpixeldungeon/sprites/SkeletonSprite.java;core/src/main/java/com/shatteredpixel/shatteredpixeldungeon/sprites/SlimeSprite.java;core/src/main/java/com/shatteredpixel/shatteredpixeldungeon/sprites/SnakeSprite.java;core/src/main/java/com/shatteredpixel/shatteredpixeldungeon/sprites/SpawnerSprite.java;core/src/main/java/com/shatteredpixel/shatteredpixeldungeon/sprites/SpectralNecromancerSprite.java;core/src/main/java/com/shatteredpixel/shatteredpixeldungeon/sprites/SpinnerSprite.java;core/src/main/java/com/shatteredpixel/shatteredpixeldungeon/sprites/StatueSprite.java;core/src/main/java/com/shatteredpixel/shatteredpixeldungeon/sprites/SuccubusSprite.java;core/src/main/java/com/shatteredpixel/shatteredpixeldungeon/sprites/SwarmSprite.java;core/src/main/java/com/shatteredpixel/shatteredpixeldungeon/sprites/TenguSprite.java;core/src/main/java/com/shatteredpixel/shatteredpixeldungeon/sprites/ThiefSprite.java;core/src/main/java/com/shatteredpixel/shatteredpixeldungeon/sprites/TormentedSpiritSprite.java;core/src/main/java/com/shatteredpixel/shatteredpixeldungeon/sprites/UndeadSprite.java;core/src/main/java/com/shatteredpixel/shatteredpixeldungeon/sprites/WandmakerSprite.java;core/src/main/java/com/shatteredpixel/shatteredpixeldungeon/sprites/WardSprite.java;core/src/main/java/com/shatteredpixel/shatteredpixeldungeon/sprites/WarlockSprite.java;core/src/main/java/com/shatteredpixel/shatteredpixeldungeon/sprites/WraithSprite.java;core/src/main/java/com/shatteredpixel/shatteredpixeldungeon/sprites/YogSprite.java;core/src/main/java/com/shatteredpixel/shatteredpixeldungeon/Statistics.java;core/src/main/java/com/shatteredpixel/shatteredpixeldungeon/tiles/CustomTilemap.java;core/src/main/java/com/shatteredpixel/shatteredpixeldungeon/tiles/DungeonTerrainTilemap.java;core/src/main/java/com/shatteredpixel/shatteredpixeldungeon/tiles/DungeonTilemap.java;core/src/main/java/com/shatteredpixel/shatteredpixeldungeon/tiles/DungeonTileSheet.java;core/src/main/java/com/shatteredpixel/shatteredpixeldungeon/tiles/DungeonWallsTilemap.java;core/src/main/java/com/shatteredpixel/shatteredpixeldungeon/tiles/FogOfWar.java;core/src/main/java/com/shatteredpixel/shatteredpixeldungeon/tiles/GridTileMap.java;core/src/main/java/com/shatteredpixel/shatteredpixeldungeon/tiles/RaisedTerrainTilemap.java;core/src/main/java/com/shatteredpixel/shatteredpixeldungeon/tiles/TerrainFeaturesTilemap.java;core/src/main/java/com/shatteredpixel/shatteredpixeldungeon/tiles/WallBlockingTilemap.java;core/src/main/java/com/shatteredpixel/shatteredpixeldungeon/ui/ActionIndicator.java;core/src/main/java/com/shatteredpixel/shatteredpixeldungeon/ui/Archs.java;core/src/main/java/com/shatteredpixel/shatteredpixeldungeon/ui/AttackIndicator.java;core/src/main/java/com/shatteredpixel/shatteredpixeldungeon/ui/BadgesGrid.java;core/src/main/java/com/shatteredpixel/shatteredpixeldungeon/ui/BadgesList.java;core/src/main/java/com/shatteredpixel/shatteredpixeldungeon/ui/Banner.java;core/src/main/java/com/shatteredpixel/shatteredpixeldungeon/ui/BossHealthBar.java;core/src/main/java/com/shatteredpixel/shatteredpixeldungeon/ui/BuffIcon.java;core/src/main/java/com/shatteredpixel/shatteredpixeldungeon/ui/BuffIndicator.java;core/src/main/java/com/shatteredpixel/shatteredpixeldungeon/ui/BusyIndicator.java;core/src/main/java/com/shatteredpixel/shatteredpixeldungeon/ui/Button.java;core/src/main/java/com/shatteredpixel/shatteredpixeldungeon/ui/changelist/ChangeButton.java;core/src/main/java/com/shatteredpixel/shatteredpixeldungeon/ui/changelist/ChangeInfo.java;core/src/main/java/com/shatteredpixel/shatteredpixeldungeon/ui/changelist/v0_1_X_Changes.java;core/src/main/java/com/shatteredpixel/shatteredpixeldungeon/ui/changelist/v0_2_X_Changes.java;core/src/main/java/com/shatteredpixel/shatteredpixeldungeon/ui/changelist/v0_3_X_Changes.java;core/src/main/java/com/shatteredpixel/shatteredpixeldungeon/ui/changelist/v0_4_X_Changes.java;core/src/main/java/com/shatteredpixel/shatteredpixeldungeon/ui/changelist/v0_5_X_Changes.java;core/src/main/java/com/shatteredpixel/shatteredpixeldungeon/ui/changelist/v0_6_X_Changes.java;core/src/main/java/com/shatteredpixel/shatteredpixeldungeon/ui/changelist/v0_7_X_Changes.java;core/src/main/java/com/shatteredpixel/shatteredpixeldungeon/ui/changelist/v0_8_X_Changes.java;core/src/main/java/com/shatteredpixel/shatteredpixeldungeon/ui/changelist/v0_9_X_Changes.java;core/src/main/java/com/shatteredpixel/shatteredpixeldungeon/ui/changelist/v1_X_Changes.java;core/src/main/java/com/shatteredpixel/shatteredpixeldungeon/ui/changelist/v2_X_Changes.java;core/src/main/java/com/shatteredpixel/shatteredpixeldungeon/ui/changelist/WndChanges.java;core/src/main/java/com/shatteredpixel/shatteredpixeldungeon/ui/changelist/WndChangesTabbed.java;core/src/main/java/com/shatteredpixel/shatteredpixeldungeon/ui/CharHealthIndicator.java;core/src/main/java/com/shatteredpixel/shatteredpixeldungeon/ui/CheckBox.java;core/src/main/java/com/shatteredpixel/shatteredpixeldungeon/ui/Compass.java;core/src/main/java/com/shatteredpixel/shatteredpixeldungeon/ui/CurrencyIndicator.java;core/src/main/java/com/shatteredpixel/shatteredpixeldungeon/ui/DangerIndicator.java;core/src/main/java/com/shatteredpixel/shatteredpixeldungeon/ui/ExitButton.java;core/src/main/java/com/shatteredpixel/shatteredpixeldungeon/ui/GameLog.java;core/src/main/java/com/shatteredpixel/shatteredpixeldungeon/ui/HealthBar.java;core/src/main/java/com/shatteredpixel/shatteredpixeldungeon/ui/HeroIcon.java;core/src/main/java/com/shatteredpixel/shatteredpixeldungeon/ui/IconButton.java;core/src/main/java/com/shatteredpixel/shatteredpixeldungeon/ui/Icons.java;core/src/main/java/com/shatteredpixel/shatteredpixeldungeon/ui/InventoryPane.java;core/src/main/java/com/shatteredpixel/shatteredpixeldungeon/ui/InventorySlot.java;core/src/main/java/com/shatteredpixel/shatteredpixeldungeon/ui/ItemButton.java;core/src/main/java/com/shatteredpixel/shatteredpixeldungeon/ui/ItemSlot.java;core/src/main/java/com/shatteredpixel/shatteredpixeldungeon/ui/KeyDisplay.java;core/src/main/java/com/shatteredpixel/shatteredpixeldungeon/ui/LootIndicator.java;core/src/main/java/com/shatteredpixel/shatteredpixeldungeon/ui/MenuPane.java;core/src/main/java/com/shatteredpixel/shatteredpixeldungeon/ui/OptionSlider.java;core/src/main/java/com/shatteredpixel/shatteredpixeldungeon/ui/QuickRecipe.java;core/src/main/java/com/shatteredpixel/shatteredpixeldungeon/ui/QuickSlotButton.java;core/src/main/java/com/shatteredpixel/shatteredpixeldungeon/ui/RadialMenu.java;core/src/main/java/com/shatteredpixel/shatteredpixeldungeon/ui/RedButton.java;core/src/main/java/com/shatteredpixel/shatteredpixeldungeon/ui/RenderedTextBlock.java;core/src/main/java/com/shatteredpixel/shatteredpixeldungeon/ui/ResumeIndicator.java;core/src/main/java/com/shatteredpixel/shatteredpixeldungeon/ui/RightClickMenu.java;core/src/main/java/com/shatteredpixel/shatteredpixeldungeon/ui/ScrollingListPane.java;core/src/main/java/com/shatteredpixel/shatteredpixeldungeon/ui/ScrollPane.java;core/src/main/java/com/shatteredpixel/shatteredpixeldungeon/ui/StatusPane.java;core/src/main/java/com/shatteredpixel/shatteredpixeldungeon/ui/StyledButton.java;core/src/main/java/com/shatteredpixel/shatteredpixeldungeon/ui/Tag.java;core/src/main/java/com/shatteredpixel/shatteredpixeldungeon/ui/TalentButton.java;core/src/main/java/com/shatteredpixel/shatteredpixeldungeon/ui/TalentIcon.java;core/src/main/java/com/shatteredpixel/shatteredpixeldungeon/ui/TalentsPane.java;core/src/main/java/com/shatteredpixel/shatteredpixeldungeon/ui/TargetHealthIndicator.java;core/src/main/java/com/shatteredpixel/shatteredpixeldungeon/ui/Toast.java;core/src/main/java/com/shatteredpixel/shatteredpixeldungeon/ui/Toolbar.java;core/src/main/java/com/shatteredpixel/shatteredpixeldungeon/ui/Tooltip.java;core/src/main/java/com/shatteredpixel/shatteredpixeldungeon/ui/Window.java;core/src/main/java/com/shatteredpixel/shatteredpixeldungeon/utils/DungeonSeed.java;core/src/main/java/com/shatteredpixel/shatteredpixeldungeon/utils/GLog.java;core/src/main/java/com/shatteredpixel/shatteredpixeldungeon/utils/Holiday.java;core/src/main/java/com/shatteredpixel/shatteredpixeldungeon/windows/IconTitle.java;core/src/main/java/com/shatteredpixel/shatteredpixeldungeon/windows/WndBadge.java;core/src/main/java/com/shatteredpixel/shatteredpixeldungeon/windows/WndBag.java;core/src/main/java/com/shatteredpixel/shatteredpixeldungeon/windows/WndBlacksmith.java;core/src/main/java/com/shatteredpixel/shatteredpixeldungeon/windows/WndChallenges.java;core/src/main/java/com/shatteredpixel/shatteredpixeldungeon/windows/WndChooseAbility.java;core/src/main/java/com/shatteredpixel/shatteredpixeldungeon/windows/WndChooseSubclass.java;core/src/main/java/com/shatteredpixel/shatteredpixeldungeon/windows/WndCombo.java;core/src/main/java/com/shatteredpixel/shatteredpixeldungeon/windows/WndDailies.java;core/src/main/java/com/shatteredpixel/shatteredpixeldungeon/windows/WndDocument.java;core/src/main/java/com/shatteredpixel/shatteredpixeldungeon/windows/WndEnergizeItem.java;core/src/main/java/com/shatteredpixel/shatteredpixeldungeon/windows/WndError.java;core/src/main/java/com/shatteredpixel/shatteredpixeldungeon/windows/WndGame.java;core/src/main/java/com/shatteredpixel/shatteredpixeldungeon/windows/WndGameInProgress.java;core/src/main/java/com/shatteredpixel/shatteredpixeldungeon/windows/WndHardNotification.java;core/src/main/java/com/shatteredpixel/shatteredpixeldungeon/windows/WndHero.java;core/src/main/java/com/shatteredpixel/shatteredpixeldungeon/windows/WndHeroInfo.java;core/src/main/java/com/shatteredpixel/shatteredpixeldungeon/windows/WndImp.java;core/src/main/java/com/shatteredpixel/shatteredpixeldungeon/windows/WndInfoArmorAbility.java;core/src/main/java/com/shatteredpixel/shatteredpixeldungeon/windows/WndInfoBuff.java;core/src/main/java/com/shatteredpixel/shatteredpixeldungeon/windows/WndInfoCell.java;core/src/main/java/com/shatteredpixel/shatteredpixeldungeon/windows/WndInfoItem.java;core/src/main/java/com/shatteredpixel/shatteredpixeldungeon/windows/WndInfoMob.java;core/src/main/java/com/shatteredpixel/shatteredpixeldungeon/windows/WndInfoPlant.java;core/src/main/java/com/shatteredpixel/shatteredpixeldungeon/windows/WndInfoSubclass.java;core/src/main/java/com/shatteredpixel/shatteredpixeldungeon/windows/WndInfoTalent.java;core/src/main/java/com/shatteredpixel/shatteredpixeldungeon/windows/WndInfoTrap.java;core/src/main/java/com/shatteredpixel/shatteredpixeldungeon/windows/WndJournal.java;core/src/main/java/com/shatteredpixel/shatteredpixeldungeon/windows/WndKeyBindings.java;core/src/main/java/com/shatteredpixel/shatteredpixeldungeon/windows/WndList.java;core/src/main/java/com/shatteredpixel/shatteredpixeldungeon/windows/WndMessage.java;core/src/main/java/com/shatteredpixel/shatteredpixeldungeon/windows/WndMonkAbilities.java;core/src/main/java/com/shatteredpixel/shatteredpixeldungeon/windows/WndOptions.java;core/src/main/java/com/shatteredpixel/shatteredpixeldungeon/windows/WndOptionsCondensed.java;core/src/main/java/com/shatteredpixel/shatteredpixeldungeon/windows/WndQuest.java;core/src/main/java/com/shatteredpixel/shatteredpixeldungeon/windows/WndQuickBag.java;core/src/main/java/com/shatteredpixel/shatteredpixeldungeon/windows/WndRanking.java;core/src/main/java/com/shatteredpixel/shatteredpixeldungeon/windows/WndResurrect.java;core/src/main/java/com/shatteredpixel/shatteredpixeldungeon/windows/WndSadGhost.java;core/src/main/java/com/shatteredpixel/shatteredpixeldungeon/windows/WndScoreBreakdown.java;core/src/main/java/com/shatteredpixel/shatteredpixeldungeon/windows/WndSettings.java;core/src/main/java/com/shatteredpixel/shatteredpixeldungeon/windows/WndStory.java;core/src/main/java/com/shatteredpixel/shatteredpixeldungeon/windows/WndSupportPrompt.java;core/src/main/java/com/shatteredpixel/shatteredpixeldungeon/windows/WndTabbed.java;core/src/main/java/com/shatteredpixel/shatteredpixeldungeon/windows/WndTextInput.java;core/src/main/java/com/shatteredpixel/shatteredpixeldungeon/windows/WndTitledMessage.java;core/src/main/java/com/shatteredpixel/shatteredpixeldungeon/windows/WndTradeItem.java;core/src/main/java/com/shatteredpixel/shatteredpixeldungeon/windows/WndUseItem.java;core/src/main/java/com/shatteredpixel/shatteredpixeldungeon/windows/WndWandmaker.java;desktop/src/main/java/com/shatteredpixel/shatteredpixeldungeon/desktop/DesktopLauncher.java;desktop/src/main/java/com/shatteredpixel/shatteredpixeldungeon/desktop/DesktopLaunchValidator.java;desktop/src/main/java/com/shatteredpixel/shatteredpixeldungeon/desktop/DesktopPlatformSupport.java;desktop/src/main/java/com/shatteredpixel/shatteredpixeldungeon/desktop/DesktopWindowListener.java;ios/src/main/java/com/shatteredpixel/shatteredpixeldungeon/ios/IOSLauncher.java;ios/src/main/java/com/shatteredpixel/shatteredpixeldungeon/ios/IOSPlatformSupport.java;services/news/debugNews/src/main/java/com/shatteredpixel/shatteredpixeldungeon/services/news/DebugNews.java;services/news/debugNews/src/main/java/com/shatteredpixel/shatteredpixeldungeon/services/news/NewsImpl.java;services/news/shatteredNews/src/main/java/com/shatteredpixel/shatteredpixeldungeon/services/news/NewsImpl.java;services/news/shatteredNews/src/main/java/com/shatteredpixel/shatteredpixeldungeon/services/news/ShatteredNews.java;services/src/main/java/com/shatteredpixel/shatteredpixeldungeon/services/news/NewsArticle.java;services/src/main/java/com/shatteredpixel/shatteredpixeldungeon/services/news/NewsService.java;services/src/main/java/com/shatteredpixel/shatteredpixeldungeon/services/updates/AvailableUpdateData.java;services/src/main/java/com/shatteredpixel/shatteredpixeldungeon/services/updates/UpdateService.java;services/updates/debugUpdates/src/main/java/com/shatteredpixel/shatteredpixeldungeon/services/updates/DebugUpdates.java;services/updates/debugUpdates/src/main/java/com/shatteredpixel/shatteredpixeldungeon/services/updates/UpdateImpl.java;services/updates/githubUpdates/src/main/java/com/shatteredpixel/shatteredpixeldungeon/services/updates/GitHubUpdates.java;services/updates/githubUpdates/src/main/java/com/shatteredpixel/shatteredpixeldungeon/services/updates/UpdateImpl.java;SPD-classes/src/main/java/com/watabou/glscripts/Script.java;SPD-classes/src/main/java/com/watabou/gltextures/Atlas.java;SPD-classes/src/main/java/com/watabou/gltextures/SmartTexture.java;SPD-classes/src/main/java/com/watabou/gltextures/TextureCache.java;SPD-classes/src/main/java/com/watabou/glwrap/Attribute.java;SPD-classes/src/main/java/com/watabou/glwrap/Blending.java;SPD-classes/src/main/java/com/watabou/glwrap/Framebuffer.java;SPD-classes/src/main/java/com/watabou/glwrap/Matrix.java;SPD-classes/src/main/java/com/watabou/glwrap/Program.java;SPD-classes/src/main/java/com/watabou/glwrap/Quad.java;SPD-classes/src/main/java/com/watabou/glwrap/Renderbuffer.java;SPD-classes/src/main/java/com/watabou/glwrap/Shader.java;SPD-classes/src/main/java/com/watabou/glwrap/Texture.java;SPD-classes/src/main/java/com/watabou/glwrap/Uniform.java;SPD-classes/src/main/java/com/watabou/glwrap/Vertexbuffer.java;SPD-classes/src/main/java/com/watabou/input/ControllerHandler.java;SPD-classes/src/main/java/com/watabou/input/GameAction.java;SPD-classes/src/main/java/com/watabou/input/InputHandler.java;SPD-classes/src/main/java/com/watabou/input/KeyBindings.java;SPD-classes/src/main/java/com/watabou/input/KeyEvent.java;SPD-classes/src/main/java/com/watabou/input/PointerEvent.java;SPD-classes/src/main/java/com/watabou/input/ScrollEvent.java;SPD-classes/src/main/java/com/watabou/noosa/audio/Music.java;SPD-classes/src/main/java/com/watabou/noosa/audio/Sample.java;SPD-classes/src/main/java/com/watabou/noosa/BitmapText.java;SPD-classes/src/main/java/com/watabou/noosa/Camera.java;SPD-classes/src/main/java/com/watabou/noosa/ColorBlock.java;SPD-classes/src/main/java/com/watabou/noosa/Game.java;SPD-classes/src/main/java/com/watabou/noosa/Gizmo.java;SPD-classes/src/main/java/com/watabou/noosa/Group.java;SPD-classes/src/main/java/com/watabou/noosa/Halo.java;SPD-classes/src/main/java/com/watabou/noosa/Image.java;SPD-classes/src/main/java/com/watabou/noosa/MovieClip.java;SPD-classes/src/main/java/com/watabou/noosa/NinePatch.java;SPD-classes/src/main/java/com/watabou/noosa/NoosaScript.java;SPD-classes/src/main/java/com/watabou/noosa/NoosaScriptNoLighting.java;SPD-classes/src/main/java/com/watabou/noosa/particles/BitmaskEmitter.java;SPD-classes/src/main/java/com/watabou/noosa/particles/Emitter.java;SPD-classes/src/main/java/com/watabou/noosa/particles/PixelParticle.java;SPD-classes/src/main/java/com/watabou/noosa/PointerArea.java;SPD-classes/src/main/java/com/watabou/noosa/PseudoPixel.java;SPD-classes/src/main/java/com/watabou/noosa/RenderedText.java;SPD-classes/src/main/java/com/watabou/noosa/Resizable.java;SPD-classes/src/main/java/com/watabou/noosa/Scene.java;SPD-classes/src/main/java/com/watabou/noosa/ScrollArea.java;SPD-classes/src/main/java/com/watabou/noosa/SkinnedBlock.java;SPD-classes/src/main/java/com/watabou/noosa/TextInput.java;SPD-classes/src/main/java/com/watabou/noosa/TextureFilm.java;SPD-classes/src/main/java/com/watabou/noosa/Tilemap.java;SPD-classes/src/main/java/com/watabou/noosa/tweeners/AlphaTweener.java;SPD-classes/src/main/java/com/watabou/noosa/tweeners/CameraScrollTweener.java;SPD-classes/src/main/java/com/watabou/noosa/tweeners/Delayer.java;SPD-classes/src/main/java/com/watabou/noosa/tweeners/PosTweener.java;SPD-classes/src/main/java/com/watabou/noosa/tweeners/ScaleTweener.java;SPD-classes/src/main/java/com/watabou/noosa/tweeners/Tweener.java;SPD-classes/src/main/java/com/watabou/noosa/ui/Component.java;SPD-classes/src/main/java/com/watabou/noosa/ui/Cursor.java;SPD-classes/src/main/java/com/watabou/noosa/Visual.java;SPD-classes/src/main/java/com/watabou/utils/BArray.java;SPD-classes/src/main/java/com/watabou/utils/BitmapCache.java;SPD-classes/src/main/java/com/watabou/utils/BitmapFilm.java;SPD-classes/src/main/java/com/watabou/utils/Bundlable.java;SPD-classes/src/main/java/com/watabou/utils/Bundle.java;SPD-classes/src/main/java/com/watabou/utils/Callback.java;SPD-classes/src/main/java/com/watabou/utils/ColorMath.java;SPD-classes/src/main/java/com/watabou/utils/DeviceCompat.java;SPD-classes/src/main/java/com/watabou/utils/FileUtils.java;SPD-classes/src/main/java/com/watabou/utils/GameMath.java;SPD-classes/src/main/java/com/watabou/utils/GameSettings.java;SPD-classes/src/main/java/com/watabou/utils/Graph.java;SPD-classes/src/main/java/com/watabou/utils/PathFinder.java;SPD-classes/src/main/java/com/watabou/utils/PlatformSupport.java;SPD-classes/src/main/java/com/watabou/utils/Point.java;SPD-classes/src/main/java/com/watabou/utils/PointF.java;SPD-classes/src/main/java/com/watabou/utils/Random.java;SPD-classes/src/main/java/com/watabou/utils/Rect.java;SPD-classes/src/main/java/com/watabou/utils/RectF.java;SPD-classes/src/main/java/com/watabou/utils/Reflection.java;SPD-classes/src/main/java/com/watabou/utils/Signal.java;SPD-classes/src/main/java/com/watabou/utils/SparseArray.java	slice2-candidate
e1ba53b710652e0fd218058f2eae8688d4f6b4c6	v2.2.1..v2.3.2	v2.3.0: fixed particle issues caused by gnoll earth armor	SPD-classes/src/main/java/com/watabou/noosa/particles/Emitter.java	general
1c9d21f1e85f2cb80f6f53d52a489b753873f8c8	v2.2.1..v2.3.2	v2.3.0: fixed cases where picking up bags could result in multiple quickslot placeholders	core/src/main/java/com/shatteredpixel/shatteredpixeldungeon/items/bags/Bag.java	general
ef51aede8375c1c971b7362df45ae5434193f0c3	v2.2.1..v2.3.2	v2.3.0: excess charge talent now uses new shielding floating text	core/src/main/java/com/shatteredpixel/shatteredpixeldungeon/items/wands/Wand.java	general
efde9c998b49e7847b03761cc9457cfb3db6399d	v2.2.1..v2.3.2	v2.3.0: fixed rotting fist healing much more than intended in water	core/src/main/java/com/shatteredpixel/shatteredpixeldungeon/actors/mobs/YogFist.java	general
b6fbc3e45d08cb949f0fd176dee4dfae73b26bef	v2.2.1..v2.3.2	v2.3.0: updated translations, version, and changelog for BETA-1.4	build.gradle;core/src/main/assets/messages/actors/actors_be.properties;core/src/main/assets/messages/actors/actors_cs.properties;core/src/main/assets/messages/actors/actors_de.properties;core/src/main/assets/messages/actors/actors_el.properties;core/src/main/assets/messages/actors/actors_es.properties;core/src/main/assets/messages/actors/actors_fr.properties;core/src/main/assets/messages/actors/actors_hu.properties;core/src/main/assets/messages/actors/actors_in.properties;core/src/main/assets/messages/actors/actors_it.properties;core/src/main/assets/messages/actors/actors_ja.properties;core/src/main/assets/messages/actors/actors_ko.properties;core/src/main/assets/messages/actors/actors_nl.properties;core/src/main/assets/messages/actors/actors_pl.properties;core/src/main/assets/messages/actors/actors_pt.properties;core/src/main/assets/messages/actors/actors_ru.properties;core/src/main/assets/messages/actors/actors_tr.properties;core/src/main/assets/messages/actors/actors_uk.properties;core/src/main/assets/messages/actors/actors_vi.properties;core/src/main/assets/messages/actors/actors_zh.properties;core/src/main/assets/messages/items/items_cs.properties;core/src/main/assets/messages/items/items_de.properties;core/src/main/assets/messages/items/items_el.properties;core/src/main/assets/messages/items/items_es.properties;core/src/main/assets/messages/items/items_hu.properties;core/src/main/assets/messages/items/items_in.properties;core/src/main/assets/messages/items/items_it.properties;core/src/main/assets/messages/items/items_ja.properties;core/src/main/assets/messages/items/items_ko.properties;core/src/main/assets/messages/items/items_pl.properties;core/src/main/assets/messages/items/items_pt.properties;core/src/main/assets/messages/items/items_ru.properties;core/src/main/assets/messages/items/items_tr.properties;core/src/main/assets/messages/items/items_uk.properties;core/src/main/assets/messages/items/items_vi.properties;core/src/main/assets/messages/items/items_zh.properties;core/src/main/assets/messages/journal/journal_ko.properties;core/src/main/assets/messages/levels/levels_be.properties;core/src/main/assets/messages/levels/levels_cs.properties;core/src/main/assets/messages/levels/levels_de.properties;core/src/main/assets/messages/levels/levels_el.properties;core/src/main/assets/messages/levels/levels_es.properties;core/src/main/assets/messages/levels/levels_fr.properties;core/src/main/assets/messages/levels/levels_hu.properties;core/src/main/assets/messages/levels/levels_in.properties;core/src/main/assets/messages/levels/levels_it.properties;core/src/main/assets/messages/levels/levels_ja.properties;core/src/main/assets/messages/levels/levels_ko.properties;core/src/main/assets/messages/levels/levels_nl.properties;core/src/main/assets/messages/levels/levels_pl.properties;core/src/main/assets/messages/levels/levels_pt.properties;core/src/main/assets/messages/levels/levels_ru.properties;core/src/main/assets/messages/levels/levels_tr.properties;core/src/main/assets/messages/levels/levels_uk.properties;core/src/main/assets/messages/levels/levels_vi.properties;core/src/main/assets/messages/levels/levels_zh.properties;core/src/main/assets/messages/misc/misc_in.properties;core/src/main/assets/messages/misc/misc_it.properties;core/src/main/assets/messages/misc/misc_pt.properties;core/src/main/assets/messages/misc/misc_vi.properties;core/src/main/assets/messages/scenes/scenes_cs.properties;core/src/main/assets/messages/scenes/scenes_de.properties;core/src/main/assets/messages/scenes/scenes_el.properties;core/src/main/assets/messages/scenes/scenes_es.properties;core/src/main/assets/messages/scenes/scenes_hu.properties;core/src/main/assets/messages/scenes/scenes_in.properties;core/src/main/assets/messages/scenes/scenes_it.properties;core/src/main/assets/messages/scenes/scenes_ja.properties;core/src/main/assets/messages/scenes/scenes_pl.properties;core/src/main/assets/messages/scenes/scenes_pt.properties;core/src/main/assets/messages/scenes/scenes_ru.properties;core/src/main/assets/messages/scenes/scenes_tr.properties;core/src/main/assets/messages/scenes/scenes_uk.properties;core/src/main/assets/messages/scenes/scenes_vi.properties;core/src/main/assets/messages/scenes/scenes_zh.properties;core/src/main/assets/messages/scenes/scenes.properties;core/src/main/assets/messages/windows/windows_be.properties;core/src/main/assets/messages/windows/windows_cs.properties;core/src/main/assets/messages/windows/windows_de.properties;core/src/main/assets/messages/windows/windows_el.properties;core/src/main/assets/messages/windows/windows_es.properties;core/src/main/assets/messages/windows/windows_fr.properties;core/src/main/assets/messages/windows/windows_hu.properties;core/src/main/assets/messages/windows/windows_in.properties;core/src/main/assets/messages/windows/windows_it.properties;core/src/main/assets/messages/windows/windows_ja.properties;core/src/main/assets/messages/windows/windows_ko.properties;core/src/main/assets/messages/windows/windows_pl.properties;core/src/main/assets/messages/windows/windows_pt.properties;core/src/main/assets/messages/windows/windows_ru.properties;core/src/main/assets/messages/windows/windows_tr.properties;core/src/main/assets/messages/windows/windows_uk.properties;core/src/main/assets/messages/windows/windows_vi.properties;core/src/main/assets/messages/windows/windows_zh.properties;core/src/main/java/com/shatteredpixel/shatteredpixeldungeon/messages/Languages.java;core/src/main/java/com/shatteredpixel/shatteredpixeldungeon/scenes/WelcomeScene.java;core/src/main/java/com/shatteredpixel/shatteredpixeldungeon/ui/changelist/v2_X_Changes.java	slice2-candidate
a6b057ea8240a349869d2c84c798989fbca9bea7	v2.2.1..v2.3.2	v2.3.0: crystal and gnoll quests now have 50/50 spawn chances	core/src/main/java/com/shatteredpixel/shatteredpixeldungeon/actors/mobs/npcs/Blacksmith.java	general
6d96498075cf99e36340cc0d7bf86d3ee14926b7	v2.2.1..v2.3.2	v2.3.0: adjusted out-of-screen touch rejection	SPD-classes/src/main/java/com/watabou/input/InputHandler.java	general
928deaf646dc2faa7f7ff61c99bda43426e341f1	v2.2.1..v2.3.2	v2.3.0: removed a TODO from fungal core desc	core/src/main/assets/messages/actors/actors.properties	localization
d29db6669498a78711f221d6e82ce96e53f0c5a9	v2.2.1..v2.3.2	v2.3.0: fixed rippers not losing leap pos if state is set to wandering	core/src/main/java/com/shatteredpixel/shatteredpixeldungeon/actors/mobs/RipperDemon.java	general
38eb17421af5052a532606d06898029bd4a64ab8	v2.2.1..v2.3.2	v2.3.0: fixed antimagic glyph reducing magic dmg below 0	core/src/main/java/com/shatteredpixel/shatteredpixeldungeon/actors/hero/abilities/rogue/ShadowClone.java;core/src/main/java/com/shatteredpixel/shatteredpixeldungeon/actors/hero/Hero.java;core/src/main/java/com/shatteredpixel/shatteredpixeldungeon/actors/mobs/ArmoredStatue.java;core/src/main/java/com/shatteredpixel/shatteredpixeldungeon/actors/mobs/npcs/PrismaticImage.java;core/src/main/java/com/shatteredpixel/shatteredpixeldungeon/items/artifacts/DriedRose.java	hotspot
cb98b8863786af83336af7ff9655ca0e44e37cde	v2.2.1..v2.3.2	v2.3.0: further improvements to rot garden layouts in rare cases	core/src/main/java/com/shatteredpixel/shatteredpixeldungeon/levels/rooms/quest/RotGardenRoom.java	general
71856bee8c067365c14a64b8131b98b9a30f1ada	v2.2.1..v2.3.2	v2.3.0: ghosts and shadow clone are now considered inorganic	core/src/main/java/com/shatteredpixel/shatteredpixeldungeon/actors/hero/abilities/rogue/ShadowClone.java;core/src/main/java/com/shatteredpixel/shatteredpixeldungeon/actors/mobs/Wraith.java;core/src/main/java/com/shatteredpixel/shatteredpixeldungeon/items/artifacts/DriedRose.java	general
250c76b7c12ece2398dc3f03f2e4750c26babac6	v2.2.1..v2.3.2	v2.3.0: added a few more cases for healing floating text, and removed lots of now unnecessary singular heal particles	core/src/main/java/com/shatteredpixel/shatteredpixeldungeon/actors/hero/abilities/duelist/ElementalStrike.java;core/src/main/java/com/shatteredpixel/shatteredpixeldungeon/actors/hero/Talent.java;core/src/main/java/com/shatteredpixel/shatteredpixeldungeon/actors/mobs/Bat.java;core/src/main/java/com/shatteredpixel/shatteredpixeldungeon/actors/mobs/CrystalGuardian.java;core/src/main/java/com/shatteredpixel/shatteredpixeldungeon/actors/mobs/Goo.java;core/src/main/java/com/shatteredpixel/shatteredpixeldungeon/actors/mobs/Necromancer.java;core/src/main/java/com/shatteredpixel/shatteredpixeldungeon/actors/mobs/Succubus.java;core/src/main/java/com/shatteredpixel/shatteredpixeldungeon/actors/mobs/YogFist.java;core/src/main/java/com/shatteredpixel/shatteredpixeldungeon/items/armor/curses/Metabolism.java;core/src/main/java/com/shatteredpixel/shatteredpixeldungeon/items/food/FrozenCarpaccio.java;core/src/main/java/com/shatteredpixel/shatteredpixeldungeon/items/food/Pasty.java;core/src/main/java/com/shatteredpixel/shatteredpixeldungeon/items/food/PhantomMeat.java;core/src/main/java/com/shatteredpixel/shatteredpixeldungeon/items/potions/elixirs/ElixirOfAquaticRejuvenation.java;core/src/main/java/com/shatteredpixel/shatteredpixeldungeon/items/scrolls/exotic/ScrollOfPrismaticImage.java;core/src/main/java/com/shatteredpixel/shatteredpixeldungeon/items/wands/CursedWand.java;core/src/main/java/com/shatteredpixel/shatteredpixeldungeon/items/weapon/enchantments/Vampiric.java	slice2-candidate
7ca03c54d2955290f82f6b9a7a9382389a06b729	v2.2.1..v2.3.2	v2.3.0: added a sync check to some gamescene recycle functions	core/src/main/java/com/shatteredpixel/shatteredpixeldungeon/scenes/GameScene.java	general
4760bd5ad47aa7be335368541a207a3969364183	v2.2.1..v2.3.2	v2.3.0: fixed an extra space in lethal momentum desc	core/src/main/assets/messages/actors/actors.properties	localization
822cf82b6abc0e416081495141f54774e41c02d5	v2.2.1..v2.3.2	v2.3.0: fixed cloak not losing charge if dispelled right after activate	core/src/main/java/com/shatteredpixel/shatteredpixeldungeon/items/artifacts/CloakOfShadows.java	general
0854a6fd94af0e3cb9777e78b5dcb01141e6fd8d	v2.2.1..v2.3.2	v2.3.0: fixed geomancer being pullable by chains	core/src/main/java/com/shatteredpixel/shatteredpixeldungeon/actors/mobs/GnollGeomancer.java	general
cdb66d61424621f726ecdfa2876cb6cd5857ecdb	v2.2.1..v2.3.2	v2.3.0: fixed gnoll sappers telling their partner to attack themselves	core/src/main/java/com/shatteredpixel/shatteredpixeldungeon/actors/mobs/GnollSapper.java	general
ad1161efe484ed828b53ca01f07b6ebce3af2a45	v2.2.1..v2.3.2	v2.3.0: improved DM-201 target selection when shooting gas	core/src/main/java/com/shatteredpixel/shatteredpixeldungeon/actors/mobs/DM201.java	general
f9e6fbc94229863db33771e61af8f9a9bc1c8d05	v2.2.1..v2.3.2	v2.3.0: fixed rounding errors in tipped dart durability	core/src/main/java/com/shatteredpixel/shatteredpixeldungeon/items/weapon/missiles/darts/RotDart.java;core/src/main/java/com/shatteredpixel/shatteredpixeldungeon/items/weapon/missiles/darts/TippedDart.java;core/src/main/java/com/shatteredpixel/shatteredpixeldungeon/items/weapon/missiles/MissileWeapon.java	general
cfedb7aaf2476bc9a52e538ee0ff20f005d6b248	v2.2.1..v2.3.2	v2.3.0: fixed char swapping and ally warp working on immobile allies	core/src/main/java/com/shatteredpixel/shatteredpixeldungeon/actors/Char.java	hotspot
878e24975dd85fef8a4ebf17ad0d888f612dd2dc	v2.2.1..v2.3.2	v2.3.0: fixed errors/inconsistencies with combined ring descs	core/src/main/java/com/shatteredpixel/shatteredpixeldungeon/items/rings/Ring.java;core/src/main/java/com/shatteredpixel/shatteredpixeldungeon/items/rings/RingOfAccuracy.java;core/src/main/java/com/shatteredpixel/shatteredpixeldungeon/items/rings/RingOfArcana.java;core/src/main/java/com/shatteredpixel/shatteredpixeldungeon/items/rings/RingOfElements.java;core/src/main/java/com/shatteredpixel/shatteredpixeldungeon/items/rings/RingOfEnergy.java;core/src/main/java/com/shatteredpixel/shatteredpixeldungeon/items/rings/RingOfEvasion.java;core/src/main/java/com/shatteredpixel/shatteredpixeldungeon/items/rings/RingOfForce.java;core/src/main/java/com/shatteredpixel/shatteredpixeldungeon/items/rings/RingOfFuror.java;core/src/main/java/com/shatteredpixel/shatteredpixeldungeon/items/rings/RingOfHaste.java;core/src/main/java/com/shatteredpixel/shatteredpixeldungeon/items/rings/RingOfMight.java;core/src/main/java/com/shatteredpixel/shatteredpixeldungeon/items/rings/RingOfSharpshooting.java;core/src/main/java/com/shatteredpixel/shatteredpixeldungeon/items/rings/RingOfTenacity.java;core/src/main/java/com/shatteredpixel/shatteredpixeldungeon/items/rings/RingOfWealth.java	general
13c16951a9598eb5de4fb56cb0bdae8e79db69b2	v2.2.1..v2.3.2	v2.3.0: fixed a few typos in seal shard desc	core/src/main/assets/messages/items/items.properties	localization
eb641ac1f8af48ff830cf3b1478a34e899810897	v2.2.1..v2.3.2	v2.3.0: fixed betas checkbox affecting the wrong setting	core/src/main/java/com/shatteredpixel/shatteredpixeldungeon/windows/WndSettings.java	hotspot
765d72be19c13ee4ccaa3d026844450097800fd4	v2.2.1..v2.3.2	v2.3.0: fixed held allies potentially spawning on traps or chasms	core/src/main/java/com/shatteredpixel/shatteredpixeldungeon/actors/mobs/Mob.java	general
e25d77def298646228e702da52ae4a60b3d585e3	v2.2.1..v2.3.2	v2.3.0: added long-press for quickslot functionality to inventory pane	core/src/main/java/com/shatteredpixel/shatteredpixeldungeon/ui/InventoryPane.java	general
cf6961169e141d548e0c709f0fab26984319599e	v2.2.1..v2.3.2	v2.3.0: fixed items being assignable to non-visible quickslots	core/src/main/java/com/shatteredpixel/shatteredpixeldungeon/ui/QuickSlotButton.java;core/src/main/java/com/shatteredpixel/shatteredpixeldungeon/ui/Toolbar.java	general
95fb84bd7511b7a24f6f515f4ef3a1987b872354	v2.2.1..v2.3.2	v2.3.0: fixed mimics not dropping loot if ally buffed from hiding	core/src/main/java/com/shatteredpixel/shatteredpixeldungeon/actors/buffs/AllyBuff.java	general
025ba0e12d7272ae978df997153afb956c009859	v2.2.1..v2.3.2	v2.3.0: retrib and psi blast now compute targets first before damaging	core/src/main/java/com/shatteredpixel/shatteredpixeldungeon/items/scrolls/exotic/ScrollOfPsionicBlast.java;core/src/main/java/com/shatteredpixel/shatteredpixeldungeon/items/scrolls/ScrollOfRetribution.java	general
eb7a86451d32d2eb9dee84510d18215787a954d8	v2.2.1..v2.3.2	v2.3.0: fixed duelist's sneak ability working while rooted	core/src/main/java/com/shatteredpixel/shatteredpixeldungeon/items/weapon/melee/Dagger.java	general
d1a158a961036f005c31bb64433058629b7679b5	v2.2.1..v2.3.2	v2.3.0: gave the blacksmith some proper quest reminder text	core/src/main/assets/messages/actors/actors.properties;core/src/main/java/com/shatteredpixel/shatteredpixeldungeon/actors/mobs/npcs/Blacksmith.java	general
08e36c724c8c0dc9373793e5509941b474ce34c3	v2.2.1..v2.3.2	v2.3.0: fixed unintended change to reforge order, and clarified it	core/src/main/assets/messages/windows/windows.properties;core/src/main/java/com/shatteredpixel/shatteredpixeldungeon/windows/WndBlacksmith.java	general
7ef2a8629a94e398245f6fbbfe01f0cec7fd46b0	v2.2.1..v2.3.2	v2.3.0: fixed monk abilities possibly DQing for no weapons badge	core/src/main/java/com/shatteredpixel/shatteredpixeldungeon/actors/mobs/DwarfKing.java	general
c0f6627fcbdad0edca32a33eeb728afba70a4d96	v2.2.1..v2.3.2	v2.3.0: fixed prismatic images appearing and fading to invuln enemies	core/src/main/java/com/shatteredpixel/shatteredpixeldungeon/actors/buffs/PrismaticGuard.java	general
da1e844e03eaf499205ec43b415e0b3fc1639dad	v2.2.1..v2.3.2	v2.3.0: fixed various cases where tutorial could become stuck	core/src/main/java/com/shatteredpixel/shatteredpixeldungeon/levels/rooms/standard/EntranceRoom.java;core/src/main/java/com/shatteredpixel/shatteredpixeldungeon/scenes/GameScene.java	general
c581d6a7bd7f08fa57c32eea5f714574a38d667a	v2.2.1..v2.3.2	v2.3.0: updated a translator's credit entry on request	core/src/main/java/com/shatteredpixel/shatteredpixeldungeon/messages/Languages.java	general
29d3e07ab70b719ce16e6641a08ddb6450d02900	v2.2.1..v2.3.2	v2.3.0: updated changelog, version, and translations for BETA-1.3	build.gradle;core/src/main/assets/messages/actors/actors_be.properties;core/src/main/assets/messages/actors/actors_cs.properties;core/src/main/assets/messages/actors/actors_de.properties;core/src/main/assets/messages/actors/actors_el.properties;core/src/main/assets/messages/actors/actors_es.properties;core/src/main/assets/messages/actors/actors_fr.properties;core/src/main/assets/messages/actors/actors_hu.properties;core/src/main/assets/messages/actors/actors_in.properties;core/src/main/assets/messages/actors/actors_it.properties;core/src/main/assets/messages/actors/actors_ja.properties;core/src/main/assets/messages/actors/actors_ko.properties;core/src/main/assets/messages/actors/actors_nl.properties;core/src/main/assets/messages/actors/actors_pl.properties;core/src/main/assets/messages/actors/actors_pt.properties;core/src/main/assets/messages/actors/actors_ru.properties;core/src/main/assets/messages/actors/actors_tr.properties;core/src/main/assets/messages/actors/actors_uk.properties;core/src/main/assets/messages/actors/actors_vi.properties;core/src/main/assets/messages/actors/actors_zh.properties;core/src/main/assets/messages/items/items_de.properties;core/src/main/assets/messages/items/items_el.properties;core/src/main/assets/messages/items/items_es.properties;core/src/main/assets/messages/items/items_hu.properties;core/src/main/assets/messages/items/items_pl.properties;core/src/main/assets/messages/items/items_pt.properties;core/src/main/assets/messages/items/items_tr.properties;core/src/main/assets/messages/items/items_uk.properties;core/src/main/assets/messages/items/items_vi.properties;core/src/main/assets/messages/levels/levels_pl.properties;core/src/main/assets/messages/levels/levels_uk.properties;core/src/main/assets/messages/misc/misc_pl.properties;core/src/main/assets/messages/misc/misc_uk.properties;core/src/main/assets/messages/misc/misc_zh.properties;core/src/main/assets/messages/scenes/scenes_pl.properties;core/src/main/assets/messages/scenes/scenes_uk.properties;core/src/main/assets/messages/windows/windows_de.properties;core/src/main/assets/messages/windows/windows_pl.properties;core/src/main/assets/messages/windows/windows_pt.properties;core/src/main/assets/messages/windows/windows_tr.properties;core/src/main/assets/messages/windows/windows_uk.properties;core/src/main/java/com/shatteredpixel/shatteredpixeldungeon/ui/changelist/v2_X_Changes.java	docs
7a464b0a29682a910224dd0ca8fd330a5ea20bd8	v2.2.1..v2.3.2	v2.3.0: clarity improvements to the DM-300 fight: - removed ability use logspam - increased pylon spark speed by 50% - sparks are now more highly concentrated closer to the pylon	core/src/main/assets/messages/actors/actors.properties;core/src/main/assets/messages/levels/levels.properties;core/src/main/java/com/shatteredpixel/shatteredpixeldungeon/actors/mobs/DM300.java;core/src/main/java/com/shatteredpixel/shatteredpixeldungeon/effects/particles/SparkParticle.java;core/src/main/java/com/shatteredpixel/shatteredpixeldungeon/levels/CavesBossLevel.java	hotspot
207e0540c3241ef57199dd44dd8ca58b678b92d0	v2.2.1..v2.3.2	v2.3.0: fixed freezes caused by recent pylon change	core/src/main/java/com/shatteredpixel/shatteredpixeldungeon/actors/mobs/Pylon.java	general
eeeb4363728e126a00360b2f1f98a8d2e99cf41a	v2.2.1..v2.3.2	v2.3.0: fixed gnoll guards not showing alert when waking in all cases	core/src/main/java/com/shatteredpixel/shatteredpixeldungeon/actors/mobs/GnollSapper.java	general
d3aab9e1620996a05cef7cef254b6a80601ca635	v2.2.1..v2.3.2	v2.3.0: added a warning for spear gnoll range	core/src/main/assets/messages/actors/actors.properties;core/src/main/java/com/shatteredpixel/shatteredpixeldungeon/actors/mobs/GnollGuard.java	general
777eb1b4376bc296b0c2f8746e99830e549ae2a6	v2.2.1..v2.3.2	v2.3.0: fixed incorrect emitter use in gnoll guards & geomancer	core/src/main/java/com/shatteredpixel/shatteredpixeldungeon/sprites/GnollGeomancerSprite.java;core/src/main/java/com/shatteredpixel/shatteredpixeldungeon/sprites/GnollGuardSprite.java	general
5cf4ad950b54d579db63e60907c360ab7f67951a	v2.2.1..v2.3.2	v2.3.0: re-enabled crystal quest, but gnoll is 2x as likely for now	core/src/main/java/com/shatteredpixel/shatteredpixeldungeon/actors/mobs/npcs/Blacksmith.java	general
0272fa22d174e86f55dae59da280e5922eed25f7	v2.2.1..v2.3.2	v2.3.0: fixed crystal spire dmg vs. guardians using wrong dmg source	core/src/main/java/com/shatteredpixel/shatteredpixeldungeon/actors/mobs/CrystalSpire.java	general
002d0bccdd83c3b1a70d5d625f0b99bb9e5e6e5b	v2.2.1..v2.3.2	v2.3.0: standardized rockfall gnoll behaviour: - all gnoll rockfall effects now deal 8-12 dmg - all gnoll rockfall effects now ignore armor	core/src/main/assets/messages/actors/actors.properties;core/src/main/assets/messages/levels/levels.properties;core/src/main/java/com/shatteredpixel/shatteredpixeldungeon/actors/Char.java;core/src/main/java/com/shatteredpixel/shatteredpixeldungeon/actors/mobs/GnollGeomancer.java;core/src/main/java/com/shatteredpixel/shatteredpixeldungeon/levels/traps/GnollRockfallTrap.java	hotspot
7c094a6b34d55cc529a0d5aea3672cc411a04110	v2.2.1..v2.3.2	v2.3.0: gnoll quest balance changes, general increase to difficulty: - guard short range damage up 20%, long range up 40% - boulder toss dmg up 33% - geomancer HP up to 150 from 120 - geomancer ability uptime up ~11%	core/src/main/java/com/shatteredpixel/shatteredpixeldungeon/actors/mobs/GnollGeomancer.java;core/src/main/java/com/shatteredpixel/shatteredpixeldungeon/actors/mobs/GnollGuard.java	general
87703dbc4e7d932e6560dc3551a99f5445f5ba2f	v2.2.1..v2.3.2	v2.3.0: added basic no-functionality fungal core, and a few fungi fixes	core/src/main/assets/messages/actors/actors.properties;core/src/main/assets/sprites/fungal_core.png;core/src/main/java/com/shatteredpixel/shatteredpixeldungeon/actors/mobs/FungalCore.java;core/src/main/java/com/shatteredpixel/shatteredpixeldungeon/actors/mobs/FungalSentry.java;core/src/main/java/com/shatteredpixel/shatteredpixeldungeon/Assets.java;core/src/main/java/com/shatteredpixel/shatteredpixeldungeon/levels/features/HighGrass.java;core/src/main/java/com/shatteredpixel/shatteredpixeldungeon/levels/rooms/quest/MineGiantRoom.java;core/src/main/java/com/shatteredpixel/shatteredpixeldungeon/sprites/FungalCoreSprite.java;core/src/main/java/com/shatteredpixel/shatteredpixeldungeon/sprites/FungalSentrySprite.java	assets
b5007169d103a7fb8dbc5cd6eed809b4f49cb151	v2.2.1..v2.3.2	v2.3.0: fixed sapper and geomancer not having 0 spawn weight	core/src/main/java/com/shatteredpixel/shatteredpixeldungeon/actors/mobs/GnollGeomancer.java;core/src/main/java/com/shatteredpixel/shatteredpixeldungeon/actors/mobs/GnollSapper.java	general
e37ab84b2dd1844faac06f455b9ed454fb10bf6b	v2.2.1..v2.3.2	v2.3.0: removed unnecessary cursor allocation attempts on mobile	SPD-classes/src/main/java/com/watabou/noosa/ui/Cursor.java	general
be29c81ef3c5997141ee9bd0a01be4a4905291ae	v2.2.1..v2.3.2	v2.3.0: added fungal sentries, with WIP visuals and bare mechanics	core/src/main/assets/messages/actors/actors.properties;core/src/main/assets/sprites/fungal_sentry.png;core/src/main/java/com/shatteredpixel/shatteredpixeldungeon/actors/mobs/FungalSentry.java;core/src/main/java/com/shatteredpixel/shatteredpixeldungeon/Assets.java;core/src/main/java/com/shatteredpixel/shatteredpixeldungeon/effects/MagicMissile.java;core/src/main/java/com/shatteredpixel/shatteredpixeldungeon/levels/rooms/quest/MineLargeRoom.java;core/src/main/java/com/shatteredpixel/shatteredpixeldungeon/sprites/FungalSentrySprite.java	assets
bc4663e81dada5eb15d9bb52999cc58881fe8a6f	v2.2.1..v2.3.2	v2.3.0: added fungal spinners, with WIP visuals and bare mechanics	core/src/main/assets/messages/actors/actors.properties;core/src/main/assets/sprites/fungal_spinner.png;core/src/main/java/com/shatteredpixel/shatteredpixeldungeon/actors/mobs/FungalSpinner.java;core/src/main/java/com/shatteredpixel/shatteredpixeldungeon/actors/mobs/Spinner.java;core/src/main/java/com/shatteredpixel/shatteredpixeldungeon/Assets.java;core/src/main/java/com/shatteredpixel/shatteredpixeldungeon/levels/MiningLevel.java;core/src/main/java/com/shatteredpixel/shatteredpixeldungeon/sprites/FungalSpinnerSprite.java	assets
8b96d29e8a5402cda8232aa6c83c9bc782b2ac2f	v2.2.1..v2.3.2	v2.3.0: fixed boss HP bar retaining bleed value when not assigned	core/src/main/java/com/shatteredpixel/shatteredpixeldungeon/ui/BossHealthBar.java	general
a1ffee39493f28044b6b97cee5be9d4dee72764c	v2.2.1..v2.3.2	v2.3.0: fixed thrown weapons not being affected by degrade when thrown	core/src/main/java/com/shatteredpixel/shatteredpixeldungeon/items/weapon/missiles/MissileWeapon.java	general
c1ee0a370e95a48670226d551542b05489dd7fd8	v2.2.1..v2.3.2	v2.3.0: fixed gnoll geomancer being wakeable in some cases it shouldn't	core/src/main/java/com/shatteredpixel/shatteredpixeldungeon/actors/mobs/GnollGeomancer.java	general
929d48999d6e4b5054cff1a7cdb5dabf7cae9dc5	v2.2.1..v2.3.2	v2.3.0: adjusted DM pylons so dumb allies can atk them again when active	core/src/main/java/com/shatteredpixel/shatteredpixeldungeon/actors/mobs/Pylon.java	general
7d595da2754e5a5c3ead165722f89c976fd30b1e	v2.2.1..v2.3.2	v2.3.0: cave rooms now have a 5x5 min size, prevents tunnel-like looks	core/src/main/java/com/shatteredpixel/shatteredpixeldungeon/levels/rooms/standard/CaveRoom.java	general
a2fac80a424dc52297b505dacdef98b78615c13e	v2.2.1..v2.3.2	v2.3.0: fixed healing still showing status text when HP is full	core/src/main/java/com/shatteredpixel/shatteredpixeldungeon/actors/buffs/Healing.java	general
c0867ffaaf1aded484f9874df0e221a0885d83be	v2.2.1..v2.3.2	v2.3.0: changed harvest bleed announce to use warning text as intended	core/src/main/java/com/shatteredpixel/shatteredpixeldungeon/actors/Char.java	hotspot
23153483bd65096f8645e70f5cc07b7568618509	v2.2.1..v2.3.2	v2.3.0: updated version, changelog, and translations for BETA-1.2	build.gradle;core/src/main/assets/messages/actors/actors_de.properties;core/src/main/assets/messages/actors/actors_el.properties;core/src/main/assets/messages/actors/actors_pt.properties;core/src/main/assets/messages/actors/actors_uk.properties;core/src/main/assets/messages/actors/actors_zh.properties;core/src/main/assets/messages/items/items_de.properties;core/src/main/assets/messages/items/items_el.properties;core/src/main/assets/messages/items/items_pt.properties;core/src/main/assets/messages/items/items_ru.properties;core/src/main/assets/messages/items/items_zh.properties;core/src/main/assets/messages/levels/levels_de.properties;core/src/main/assets/messages/levels/levels_el.properties;core/src/main/assets/messages/levels/levels_pt.properties;core/src/main/assets/messages/levels/levels_ru.properties;core/src/main/assets/messages/misc/misc_de.properties;core/src/main/assets/messages/misc/misc_el.properties;core/src/main/assets/messages/misc/misc_pt.properties;core/src/main/assets/messages/misc/misc_ru.properties;core/src/main/assets/messages/scenes/scenes_de.properties;core/src/main/assets/messages/scenes/scenes_pt.properties;core/src/main/assets/messages/scenes/scenes_ru.properties;core/src/main/assets/messages/windows/windows_de.properties;core/src/main/assets/messages/windows/windows_pt.properties;core/src/main/assets/messages/windows/windows_ru.properties;core/src/main/java/com/shatteredpixel/shatteredpixeldungeon/ui/changelist/v2_X_Changes.java	docs
b5d69ec3b6fcd0b9855ea2ea922d1400ceaac5a8	v2.2.1..v2.3.2	v2.3.0: fixed current holiday not actually being cached	core/src/main/java/com/shatteredpixel/shatteredpixeldungeon/utils/Holiday.java	general
7cb955ff041b3b0f1fc10d0d12f531fcf14c691d	v2.2.1..v2.3.2	v2.3.0: adjusted use of orange and red in floating text: - orange is now used for all cases of warning/negative text - red is now used in all cases of damage and death effects	core/src/main/java/com/shatteredpixel/shatteredpixeldungeon/actors/Char.java;core/src/main/java/com/shatteredpixel/shatteredpixeldungeon/actors/mobs/ArmoredBrute.java;core/src/main/java/com/shatteredpixel/shatteredpixeldungeon/actors/mobs/Goo.java;core/src/main/java/com/shatteredpixel/shatteredpixeldungeon/actors/mobs/Mob.java;core/src/main/java/com/shatteredpixel/shatteredpixeldungeon/actors/mobs/Tengu.java;core/src/main/java/com/shatteredpixel/shatteredpixeldungeon/items/weapon/curses/Explosive.java	hotspot
ebb384affde3dc9d2503c50ace2df7eab247e915	v2.2.1..v2.3.2	v2.3.0: fixed rotberry being deleted by time freeze + stairs	core/src/main/java/com/shatteredpixel/shatteredpixeldungeon/items/artifacts/TimekeepersHourglass.java;core/src/main/java/com/shatteredpixel/shatteredpixeldungeon/plants/Swiftthistle.java	general
92d2920d113a503331b5c261beefa094b866b9b7	v2.2.1..v2.3.2	v2.3.0: added conversion to changed magical bomb class name	core/src/main/java/com/shatteredpixel/shatteredpixeldungeon/ShatteredPixelDungeon.java	hotspot
8695eeb66b0a0b26a023b4cfa978b424e88028ec	v2.2.1..v2.3.2	v2.3.0: fixed track looping interfering with fade behaviour	SPD-classes/src/main/java/com/watabou/noosa/audio/Music.java	general
6c92861d99d8be242f5b50e547c7bc8e98321b51	v2.2.1..v2.3.2	v2.3.0: fixed a small typo in readme	README.md	docs
9515ad729ca8d61cffa98af37a0c87d792442ec6	v2.2.1..v2.3.2	v2.3.0: fixed remains not correctly storing hero class	core/src/main/java/com/shatteredpixel/shatteredpixeldungeon/Bones.java	general
29436043857fa788be921e2a0f4ada7e28e1bda2	v2.2.1..v2.3.2	v2.3.0: fixed a few small typos	core/src/main/assets/messages/actors/actors.properties;core/src/main/assets/messages/items/items.properties	localization
a0bed3901924228ae386c30d5d4f4bfe73577454	v2.2.1..v2.3.2	v2.3.0: fixed freeze errors when rock throw attacks fail	core/src/main/java/com/shatteredpixel/shatteredpixeldungeon/actors/mobs/GnollGeomancer.java;core/src/main/java/com/shatteredpixel/shatteredpixeldungeon/actors/mobs/GnollSapper.java	general
4f4f1b2f354521e5f6f50619ab16831cc06eab09	v2.2.1..v2.3.2	v2.3.0: updated changelog, version, and translations for BETA-1.1	build.gradle;core/src/main/assets/messages/actors/actors_cs.properties;core/src/main/assets/messages/actors/actors_de.properties;core/src/main/assets/messages/actors/actors_el.properties;core/src/main/assets/messages/actors/actors_es.properties;core/src/main/assets/messages/actors/actors_hu.properties;core/src/main/assets/messages/actors/actors_ja.properties;core/src/main/assets/messages/actors/actors_ko.properties;core/src/main/assets/messages/actors/actors_pl.properties;core/src/main/assets/messages/actors/actors_pt.properties;core/src/main/assets/messages/actors/actors_ru.properties;core/src/main/assets/messages/actors/actors_tr.properties;core/src/main/assets/messages/actors/actors_vi.properties;core/src/main/assets/messages/actors/actors_zh.properties;core/src/main/assets/messages/items/items_cs.properties;core/src/main/assets/messages/items/items_de.properties;core/src/main/assets/messages/items/items_el.properties;core/src/main/assets/messages/items/items_es.properties;core/src/main/assets/messages/items/items_hu.properties;core/src/main/assets/messages/items/items_ja.properties;core/src/main/assets/messages/items/items_pt.properties;core/src/main/assets/messages/items/items_ru.properties;core/src/main/assets/messages/items/items_tr.properties;core/src/main/assets/messages/items/items_zh.properties;core/src/main/assets/messages/levels/levels_cs.properties;core/src/main/assets/messages/levels/levels_es.properties;core/src/main/assets/messages/levels/levels_hu.properties;core/src/main/assets/messages/levels/levels_ja.properties;core/src/main/assets/messages/levels/levels_pt.properties;core/src/main/assets/messages/levels/levels_tr.properties;core/src/main/assets/messages/levels/levels_zh.properties;core/src/main/assets/messages/misc/misc_cs.properties;core/src/main/assets/messages/misc/misc_el.properties;core/src/main/assets/messages/misc/misc_es.properties;core/src/main/assets/messages/misc/misc_hu.properties;core/src/main/assets/messages/misc/misc_ja.properties;core/src/main/assets/messages/misc/misc_tr.properties;core/src/main/assets/messages/misc/misc_zh.properties;core/src/main/assets/messages/scenes/scenes_cs.properties;core/src/main/assets/messages/scenes/scenes_el.properties;core/src/main/assets/messages/scenes/scenes_es.properties;core/src/main/assets/messages/scenes/scenes_hu.properties;core/src/main/assets/messages/scenes/scenes_ja.properties;core/src/main/assets/messages/scenes/scenes_ru.properties;core/src/main/assets/messages/scenes/scenes_tr.properties;core/src/main/assets/messages/scenes/scenes_zh.properties;core/src/main/assets/messages/windows/windows_cs.properties;core/src/main/assets/messages/windows/windows_el.properties;core/src/main/assets/messages/windows/windows_es.properties;core/src/main/assets/messages/windows/windows_hu.properties;core/src/main/assets/messages/windows/windows_ja.properties;core/src/main/assets/messages/windows/windows_pt.properties;core/src/main/assets/messages/windows/windows_ru.properties;core/src/main/assets/messages/windows/windows_tr.properties;core/src/main/assets/messages/windows/windows_zh.properties;core/src/main/java/com/shatteredpixel/shatteredpixeldungeon/ui/changelist/v2_X_Changes.java	docs
5e075d80abed5562e54dae81d95d1b4b9b3854c5	v2.2.1..v2.3.2	v2.3.0: fixed frost dmg icon using enchant instead of debuff	core/src/main/java/com/shatteredpixel/shatteredpixeldungeon/actors/Char.java	hotspot
34e192af7d34142e6bf8ed6f901e5d1dea5364cc	v2.2.1..v2.3.2	v2.3.0: hero now spends time before thrown interactions resolve	core/src/main/java/com/shatteredpixel/shatteredpixeldungeon/items/Item.java	general
86c00aba6a7eb65925a3854fee74b0d5f9fc415a	v2.2.1..v2.3.2	v2.3.0: fixed remains items being upgradeable	core/src/main/java/com/shatteredpixel/shatteredpixeldungeon/items/remains/RemainsItem.java	general
11e526df04a2b9affcb3109a0298b841686eb8f6	v2.2.1..v2.3.2	v2.3.0: fixed wrong damage icon when sniper ranges an adjacent target	core/src/main/java/com/shatteredpixel/shatteredpixeldungeon/actors/Char.java	hotspot
bfd365a2b08fe33f58eaf07289746583b453f735	v2.2.1..v2.3.2	v2.3.0: fixed soul mark not showing new healing text	core/src/main/java/com/shatteredpixel/shatteredpixeldungeon/actors/mobs/Mob.java	general
d3d472925426a92bafdcdb1f71d90b18c955668d	v2.2.1..v2.3.2	v2.3.0: adjusted magic bomb behaviour slightly: - magically conjured explosions deal physical damage, not magic damage - they still count for the friendly magic death badge however - arcane bombs and the extra effect of holy bombs do deal magic damage	core/src/main/java/com/shatteredpixel/shatteredpixeldungeon/actors/hero/abilities/duelist/ElementalStrike.java;core/src/main/java/com/shatteredpixel/shatteredpixeldungeon/items/armor/glyphs/AntiMagic.java;core/src/main/java/com/shatteredpixel/shatteredpixeldungeon/items/bombs/ArcaneBomb.java;core/src/main/java/com/shatteredpixel/shatteredpixeldungeon/items/bombs/Bomb.java;core/src/main/java/com/shatteredpixel/shatteredpixeldungeon/items/bombs/HolyBomb.java;core/src/main/java/com/shatteredpixel/shatteredpixeldungeon/items/stones/StoneOfBlast.java;core/src/main/java/com/shatteredpixel/shatteredpixeldungeon/items/wands/CursedWand.java;core/src/main/java/com/shatteredpixel/shatteredpixeldungeon/items/weapon/curses/Explosive.java	slice2-candidate
55956e36bb0c2a1fb6281be07a6cddf55b3cb940	v2.2.1..v2.3.2	v2.3.0: fixed gnoll sapper and geomancer being cleared by ankh revive	core/src/main/java/com/shatteredpixel/shatteredpixeldungeon/actors/mobs/GnollGeomancer.java;core/src/main/java/com/shatteredpixel/shatteredpixeldungeon/actors/mobs/GnollSapper.java	general
f2955ebf7ea845c7e3071f4fc136c669d2312fad	v2.2.1..v2.3.2	v2.3.0: fixed unintentionally committed debug code in wand of corruption	core/src/main/java/com/shatteredpixel/shatteredpixeldungeon/items/wands/WandOfCorruption.java	general
b4794c462b0bbb05cde077133e9b9e9c29007892	v2.2.1..v2.3.2	v2.3.0: updated translations, changelog, and version for BETA-1.0	build.gradle;core/src/main/assets/messages/actors/actors_be.properties;core/src/main/assets/messages/actors/actors_cs.properties;core/src/main/assets/messages/actors/actors_de.properties;core/src/main/assets/messages/actors/actors_el.properties;core/src/main/assets/messages/actors/actors_es.properties;core/src/main/assets/messages/actors/actors_fr.properties;core/src/main/assets/messages/actors/actors_hu.properties;core/src/main/assets/messages/actors/actors_in.properties;core/src/main/assets/messages/actors/actors_it.properties;core/src/main/assets/messages/actors/actors_ja.properties;core/src/main/assets/messages/actors/actors_ko.properties;core/src/main/assets/messages/actors/actors_nl.properties;core/src/main/assets/messages/actors/actors_pl.properties;core/src/main/assets/messages/actors/actors_pt.properties;core/src/main/assets/messages/actors/actors_ru.properties;core/src/main/assets/messages/actors/actors_tr.properties;core/src/main/assets/messages/actors/actors_uk.properties;core/src/main/assets/messages/actors/actors_vi.properties;core/src/main/assets/messages/actors/actors_zh.properties;core/src/main/assets/messages/items/items_be.properties;core/src/main/assets/messages/items/items_cs.properties;core/src/main/assets/messages/items/items_de.properties;core/src/main/assets/messages/items/items_el.properties;core/src/main/assets/messages/items/items_es.properties;core/src/main/assets/messages/items/items_fr.properties;core/src/main/assets/messages/items/items_hu.properties;core/src/main/assets/messages/items/items_in.properties;core/src/main/assets/messages/items/items_it.properties;core/src/main/assets/messages/items/items_ja.properties;core/src/main/assets/messages/items/items_ko.properties;core/src/main/assets/messages/items/items_nl.properties;core/src/main/assets/messages/items/items_pl.properties;core/src/main/assets/messages/items/items_pt.properties;core/src/main/assets/messages/items/items_ru.properties;core/src/main/assets/messages/items/items_tr.properties;core/src/main/assets/messages/items/items_uk.properties;core/src/main/assets/messages/items/items_vi.properties;core/src/main/assets/messages/items/items_zh.properties;core/src/main/assets/messages/journal/journal_cs.properties;core/src/main/assets/messages/journal/journal_el.properties;core/src/main/assets/messages/journal/journal_in.properties;core/src/main/assets/messages/journal/journal_pl.properties;core/src/main/assets/messages/levels/levels_el.properties;core/src/main/assets/messages/levels/levels_in.properties;core/src/main/assets/messages/levels/levels_pl.properties;core/src/main/assets/messages/misc/misc_in.properties;core/src/main/assets/messages/misc/misc_pl.properties;core/src/main/assets/messages/plants/plants_el.properties;core/src/main/assets/messages/plants/plants_in.properties;core/src/main/assets/messages/plants/plants_pl.properties;core/src/main/assets/messages/scenes/scenes_be.properties;core/src/main/assets/messages/scenes/scenes_cs.properties;core/src/main/assets/messages/scenes/scenes_de.properties;core/src/main/assets/messages/scenes/scenes_el.properties;core/src/main/assets/messages/scenes/scenes_es.properties;core/src/main/assets/messages/scenes/scenes_fr.properties;core/src/main/assets/messages/scenes/scenes_hu.properties;core/src/main/assets/messages/scenes/scenes_in.properties;core/src/main/assets/messages/scenes/scenes_it.properties;core/src/main/assets/messages/scenes/scenes_ja.properties;core/src/main/assets/messages/scenes/scenes_ko.properties;core/src/main/assets/messages/scenes/scenes_nl.properties;core/src/main/assets/messages/scenes/scenes_pl.properties;core/src/main/assets/messages/scenes/scenes_pt.properties;core/src/main/assets/messages/scenes/scenes_ru.properties;core/src/main/assets/messages/scenes/scenes_tr.properties;core/src/main/assets/messages/scenes/scenes_uk.properties;core/src/main/assets/messages/scenes/scenes_vi.properties;core/src/main/assets/messages/scenes/scenes_zh.properties;core/src/main/assets/messages/windows/windows_be.properties;core/src/main/assets/messages/windows/windows_cs.properties;core/src/main/assets/messages/windows/windows_de.properties;core/src/main/assets/messages/windows/windows_el.properties;core/src/main/assets/messages/windows/windows_es.properties;core/src/main/assets/messages/windows/windows_fr.properties;core/src/main/assets/messages/windows/windows_hu.properties;core/src/main/assets/messages/windows/windows_in.properties;core/src/main/assets/messages/windows/windows_it.properties;core/src/main/assets/messages/windows/windows_ja.properties;core/src/main/assets/messages/windows/windows_ko.properties;core/src/main/assets/messages/windows/windows_nl.properties;core/src/main/assets/messages/windows/windows_pl.properties;core/src/main/assets/messages/windows/windows_pt.properties;core/src/main/assets/messages/windows/windows_ru.properties;core/src/main/assets/messages/windows/windows_tr.properties;core/src/main/assets/messages/windows/windows_uk.properties;core/src/main/assets/messages/windows/windows_vi.properties;core/src/main/assets/messages/windows/windows_zh.properties;core/src/main/java/com/shatteredpixel/shatteredpixeldungeon/scenes/WelcomeScene.java;core/src/main/java/com/shatteredpixel/shatteredpixeldungeon/ui/changelist/v2_X_Changes.java	slice2-candidate
d8d8c8484f9df5e3bf29dc6f6326e5bc80a80b21	v2.2.1..v2.3.2	v2.3.0: made a few improvements to fungi quest layouts and terrain logic	core/src/main/java/com/shatteredpixel/shatteredpixeldungeon/levels/features/HighGrass.java;core/src/main/java/com/shatteredpixel/shatteredpixeldungeon/levels/Level.java;core/src/main/java/com/shatteredpixel/shatteredpixeldungeon/levels/rooms/quest/MineGiantRoom.java;core/src/main/java/com/shatteredpixel/shatteredpixeldungeon/levels/rooms/quest/MineLargeRoom.java	hotspot
a16e2d848df7ecd5371a8c2b752e151e831fbdae	v2.2.1..v2.3.2	v2.3.0: fixed exploits where high grass or fog would stop geomancer atks	core/src/main/java/com/shatteredpixel/shatteredpixeldungeon/actors/mobs/GnollGeomancer.java;core/src/main/java/com/shatteredpixel/shatteredpixeldungeon/levels/Level.java	hotspot
c4f2ad5ce51d8e4a13c7d2483379e2f7a264e5da	v2.2.1..v2.3.2	v2.3.0: cleaned up remains item descriptions a bit	core/src/main/assets/messages/items/items.properties	localization
68a5fb829a94ca390365278af2c3aae231ff70db	v2.2.1..v2.3.2	v2.3.0: buffed the rogue's foresight talent	core/src/main/assets/messages/actors/actors.properties;core/src/main/java/com/shatteredpixel/shatteredpixeldungeon/scenes/GameScene.java	general
b34bf4d9a17a9f2a91e9930303ac5861a807705c	v2.2.1..v2.3.2	v2.3.0: buffed elemental strike's base range to 4 from 3	core/src/main/assets/messages/actors/actors.properties;core/src/main/java/com/shatteredpixel/shatteredpixeldungeon/actors/hero/abilities/duelist/ElementalStrike.java	general
4500f2b877a7b9eef7bbe4c49f5f36b7527062e3	v2.2.1..v2.3.2	v2.3.0: fixed new shielding text not appearing in two cases	core/src/main/java/com/shatteredpixel/shatteredpixeldungeon/actors/hero/Hero.java;core/src/main/java/com/shatteredpixel/shatteredpixeldungeon/items/wands/WandOfTransfusion.java	hotspot
076e13ee08ad8bc91d4f8e8bea2ea04dc98ff18b	v2.2.1..v2.3.2	v2.3.0: spirit hawk now interrupts the hero when it expires	core/src/main/java/com/shatteredpixel/shatteredpixeldungeon/actors/hero/abilities/huntress/SpiritHawk.java	general
fef3ea87d583dedae6d06d7b431e61a1c52ec33d	v2.2.1..v2.3.2	v2.3.0: fixed errors in crystal path rooms caused by new generator probs	core/src/main/java/com/shatteredpixel/shatteredpixeldungeon/levels/rooms/special/CrystalPathRoom.java	general
3ae042f3ac9619438549d0b7b85e89683495b504	v2.2.1..v2.3.2	v2.3.0: standardized healing over time buff behaviours: - only show healing when healing occurs - only interrupt hero when they reach HT or when buff expires	core/src/main/java/com/shatteredpixel/shatteredpixeldungeon/actors/buffs/Healing.java;core/src/main/java/com/shatteredpixel/shatteredpixeldungeon/actors/buffs/WellFed.java;core/src/main/java/com/shatteredpixel/shatteredpixeldungeon/items/artifacts/ChaliceOfBlood.java;core/src/main/java/com/shatteredpixel/shatteredpixeldungeon/items/artifacts/DriedRose.java;core/src/main/java/com/shatteredpixel/shatteredpixeldungeon/items/potions/elixirs/ElixirOfAquaticRejuvenation.java;core/src/main/java/com/shatteredpixel/shatteredpixeldungeon/plants/Sungrass.java	general
0c27cc8b6f1cd21d71fe7a1075d4dd32f8eb2785	v2.2.1..v2.3.2	v2.3.0: fixed lunge to empty space spending speed() instead of 1/speed()	core/src/main/java/com/shatteredpixel/shatteredpixeldungeon/items/weapon/melee/Rapier.java	general
b859b7a9ea168883e161c8c5019bf861602d478f	v2.2.1..v2.3.2	v2.3.0: replaced recent uses of String.valueOf with Integer.toString	core/src/main/java/com/shatteredpixel/shatteredpixeldungeon/actors/blobs/WaterOfHealth.java;core/src/main/java/com/shatteredpixel/shatteredpixeldungeon/actors/buffs/AllyBuff.java;core/src/main/java/com/shatteredpixel/shatteredpixeldungeon/actors/buffs/Berserk.java;core/src/main/java/com/shatteredpixel/shatteredpixeldungeon/actors/buffs/Combo.java;core/src/main/java/com/shatteredpixel/shatteredpixeldungeon/actors/buffs/Corruption.java;core/src/main/java/com/shatteredpixel/shatteredpixeldungeon/actors/buffs/Healing.java;core/src/main/java/com/shatteredpixel/shatteredpixeldungeon/actors/hero/abilities/duelist/Challenge.java;core/src/main/java/com/shatteredpixel/shatteredpixeldungeon/actors/hero/abilities/duelist/ElementalStrike.java;core/src/main/java/com/shatteredpixel/shatteredpixeldungeon/actors/hero/abilities/mage/ElementalBlast.java;core/src/main/java/com/shatteredpixel/shatteredpixeldungeon/actors/hero/abilities/rogue/DeathMark.java;core/src/main/java/com/shatteredpixel/shatteredpixeldungeon/actors/hero/Talent.java;core/src/main/java/com/shatteredpixel/shatteredpixeldungeon/actors/mobs/ArmoredBrute.java;core/src/main/java/com/shatteredpixel/shatteredpixeldungeon/actors/mobs/Bat.java;core/src/main/java/com/shatteredpixel/shatteredpixeldungeon/actors/mobs/Brute.java;core/src/main/java/com/shatteredpixel/shatteredpixeldungeon/actors/mobs/DM300.java;core/src/main/java/com/shatteredpixel/shatteredpixeldungeon/actors/mobs/Ghoul.java;core/src/main/java/com/shatteredpixel/shatteredpixeldungeon/actors/mobs/Goo.java;core/src/main/java/com/shatteredpixel/shatteredpixeldungeon/actors/mobs/Mob.java;core/src/main/java/com/shatteredpixel/shatteredpixeldungeon/actors/mobs/RotLasher.java;core/src/main/java/com/shatteredpixel/shatteredpixeldungeon/actors/mobs/Succubus.java;core/src/main/java/com/shatteredpixel/shatteredpixeldungeon/items/artifacts/ChaliceOfBlood.java;core/src/main/java/com/shatteredpixel/shatteredpixeldungeon/items/artifacts/DriedRose.java;core/src/main/java/com/shatteredpixel/shatteredpixeldungeon/items/Dewdrop.java;core/src/main/java/com/shatteredpixel/shatteredpixeldungeon/items/EnergyCrystal.java;core/src/main/java/com/shatteredpixel/shatteredpixeldungeon/items/food/FrozenCarpaccio.java;core/src/main/java/com/shatteredpixel/shatteredpixeldungeon/items/food/Pasty.java;core/src/main/java/com/shatteredpixel/shatteredpixeldungeon/items/food/PhantomMeat.java;core/src/main/java/com/shatteredpixel/shatteredpixeldungeon/items/Gold.java;core/src/main/java/com/shatteredpixel/shatteredpixeldungeon/items/potions/exotic/PotionOfShielding.java;core/src/main/java/com/shatteredpixel/shatteredpixeldungeon/items/potions/PotionOfExperience.java;core/src/main/java/com/shatteredpixel/shatteredpixeldungeon/items/remains/SealShard.java;core/src/main/java/com/shatteredpixel/shatteredpixeldungeon/items/wands/Wand.java;core/src/main/java/com/shatteredpixel/shatteredpixeldungeon/items/wands/WandOfLivingEarth.java;core/src/main/java/com/shatteredpixel/shatteredpixeldungeon/items/wands/WandOfTransfusion.java;core/src/main/java/com/shatteredpixel/shatteredpixeldungeon/items/weapon/enchantments/Blocking.java	general
85ed79cd1f7db03743d23c322f1acfe3d051d100	v2.2.1..v2.3.2	v2.3.0: improved some hero remains item sprites	core/src/main/assets/messages/items/items.properties;core/src/main/assets/sprites/items.png;core/src/main/java/com/shatteredpixel/shatteredpixeldungeon/sprites/ItemSpriteSheet.java	assets
9fec4b31f54e78789402296a25c0de0b591194f8	v2.2.1..v2.3.2	v2.3.0: made some improvements to new holiday sprites	core/src/main/assets/messages/items/items.properties;core/src/main/assets/sprites/items.png;core/src/main/java/com/shatteredpixel/shatteredpixeldungeon/sprites/ItemSpriteSheet.java	assets
313e15a91133b233914652570306f940b08ab369	v2.2.1..v2.3.2	v2.3.0: updated changelog and version for ALPHA-0.3	build.gradle;core/src/main/java/com/shatteredpixel/shatteredpixeldungeon/scenes/WelcomeScene.java;core/src/main/java/com/shatteredpixel/shatteredpixeldungeon/ui/changelist/v2_X_Changes.java	docs
a11604c72048750639080b25f1ca285d866d7379	v2.2.1..v2.3.2	v2.3.0: clarified conditions in fixed rot lasher healing text	core/src/main/java/com/shatteredpixel/shatteredpixeldungeon/actors/mobs/RotLasher.java	general
3dc39de06132133a24cb7edf2bae2bda1780d86e	v2.2.1..v2.3.2	v2.3.0: added more icons, in particular for misc dmg that ignores armor	core/src/main/assets/effects/text_icons.png;core/src/main/assets/messages/actors/actors.properties;core/src/main/java/com/shatteredpixel/shatteredpixeldungeon/actors/Char.java;core/src/main/java/com/shatteredpixel/shatteredpixeldungeon/actors/mobs/DwarfKing.java;core/src/main/java/com/shatteredpixel/shatteredpixeldungeon/actors/mobs/Necromancer.java;core/src/main/java/com/shatteredpixel/shatteredpixeldungeon/actors/mobs/Skeleton.java;core/src/main/java/com/shatteredpixel/shatteredpixeldungeon/actors/mobs/SpectralNecromancer.java;core/src/main/java/com/shatteredpixel/shatteredpixeldungeon/effects/FloatingText.java;core/src/main/java/com/shatteredpixel/shatteredpixeldungeon/items/armor/glyphs/AntiMagic.java;core/src/main/java/com/shatteredpixel/shatteredpixeldungeon/items/artifacts/DriedRose.java;core/src/main/java/com/shatteredpixel/shatteredpixeldungeon/items/potions/elixirs/ElixirOfMight.java;core/src/main/java/com/shatteredpixel/shatteredpixeldungeon/items/potions/PotionOfStrength.java;core/src/main/java/com/shatteredpixel/shatteredpixeldungeon/items/wands/WandOfBlastWave.java;core/src/main/java/com/shatteredpixel/shatteredpixeldungeon/items/weapon/missiles/darts/ShockingDart.java	assets
24823e31bcfae93b199797e8860d4a759cfd8ba1	v2.2.1..v2.3.2	v2.3.0: fixed body slam damage ignoring enemy armor	core/src/main/java/com/shatteredpixel/shatteredpixeldungeon/actors/hero/abilities/warrior/HeroicLeap.java	general
5bdc77b31cd6361cd971290eeb25ebd4e4acfcdc	v2.2.1..v2.3.2	v2.3.0: fixed a few cases of misattributed damage from specific bosses	core/src/main/java/com/shatteredpixel/shatteredpixeldungeon/actors/mobs/CrystalSpire.java;core/src/main/java/com/shatteredpixel/shatteredpixeldungeon/actors/mobs/GnollGeomancer.java;core/src/main/java/com/shatteredpixel/shatteredpixeldungeon/levels/CavesBossLevel.java	hotspot
77366a402e168fc8810409a59a45bab2435812cf	v2.2.1..v2.3.2	v2.3.0: fixed healing floating text spam on rot lashers	core/src/main/java/com/shatteredpixel/shatteredpixeldungeon/actors/mobs/RotLasher.java	general
18311e138b544579359782b71345d9d4eaffa32d	v2.2.1..v2.3.2	v2.3.0: fixed incorrect floating text when gaining exp via corruption	core/src/main/java/com/shatteredpixel/shatteredpixeldungeon/actors/buffs/AllyBuff.java	general
6be58ffc70be06a1a20af005dbcd4dbe95c21ae2	v2.2.1..v2.3.2	v2.3.0: fixed incorrect floating text when healing from test subject	core/src/main/java/com/shatteredpixel/shatteredpixeldungeon/actors/hero/Talent.java	general
1c946607e4400951826568f840d93f86a1f5abff	v2.2.1..v2.3.2	v2.3.0: fixed hearty meal only triggering below 1/4 HP	core/src/main/java/com/shatteredpixel/shatteredpixeldungeon/actors/hero/Talent.java	general
44a0ac283b0afa4afe3e50b5627235ef5ba29cf0	v2.2.1..v2.3.2	v2.3.0: updated changelog and version for ALPHA-0.2	build.gradle;core/src/main/java/com/shatteredpixel/shatteredpixeldungeon/scenes/WelcomeScene.java;core/src/main/java/com/shatteredpixel/shatteredpixeldungeon/ui/changelist/v2_X_Changes.java	docs
d7bd161f2d7a223c2e616a0618fd090b90c91842	v2.2.1..v2.3.2	v2.3.0: fixed potions of strength no longer increasing STR (whoops!)	core/src/main/java/com/shatteredpixel/shatteredpixeldungeon/items/potions/PotionOfStrength.java	general
af7e26e23949caaf009100557ab47e63b828518a	v2.2.1..v2.3.2	v2.3.0: updated changelog and version for ALPHA-0.1	build.gradle;core/src/main/java/com/shatteredpixel/shatteredpixeldungeon/scenes/WelcomeScene.java;core/src/main/java/com/shatteredpixel/shatteredpixeldungeon/ui/changelist/v2_X_Changes.java	docs
9e4755b066d7e33db6c4daab91964789337d89bd	v2.2.1..v2.3.2	v2.3.0: blackmisth no longer works with cursed items	core/src/main/assets/messages/windows/windows.properties;core/src/main/java/com/shatteredpixel/shatteredpixeldungeon/windows/WndBlacksmith.java	general
396581f80d322696cec0637931b1a4a8644f7e54	v2.2.1..v2.3.2	v2.3.0: fixed spirit bow using different enchant desc logic than weapons	core/src/main/java/com/shatteredpixel/shatteredpixeldungeon/items/weapon/SpiritBow.java	general
0115c8db2e0c286550bb9e058de935416dc75f8d	v2.2.1..v2.3.2	v2.3.0: improved holiday sprites. lunar and easter still need work	core/src/main/assets/sprites/items.png;core/src/main/java/com/shatteredpixel/shatteredpixeldungeon/sprites/ItemSpriteSheet.java	assets
88847737839d2e7a8b790900ee83a82965b00428	v2.2.1..v2.3.2	v2.3.0: added a cap of 5 floating texts at a time per tile	core/src/main/java/com/shatteredpixel/shatteredpixeldungeon/effects/FloatingText.java	general
34b5035e75e779a6de0476b22b44f30762a773d5	v2.2.1..v2.3.2	v2.3.0: added floating text + icons for loads more heal/shield cases	core/src/main/java/com/shatteredpixel/shatteredpixeldungeon/actors/blobs/WaterOfHealth.java;core/src/main/java/com/shatteredpixel/shatteredpixeldungeon/actors/buffs/Combo.java;core/src/main/java/com/shatteredpixel/shatteredpixeldungeon/actors/buffs/Corruption.java;core/src/main/java/com/shatteredpixel/shatteredpixeldungeon/actors/buffs/WellFed.java;core/src/main/java/com/shatteredpixel/shatteredpixeldungeon/actors/hero/abilities/duelist/Challenge.java;core/src/main/java/com/shatteredpixel/shatteredpixeldungeon/actors/hero/abilities/duelist/ElementalStrike.java;core/src/main/java/com/shatteredpixel/shatteredpixeldungeon/actors/hero/abilities/mage/ElementalBlast.java;core/src/main/java/com/shatteredpixel/shatteredpixeldungeon/actors/hero/abilities/rogue/DeathMark.java;core/src/main/java/com/shatteredpixel/shatteredpixeldungeon/actors/hero/Talent.java;core/src/main/java/com/shatteredpixel/shatteredpixeldungeon/actors/mobs/Bat.java;core/src/main/java/com/shatteredpixel/shatteredpixeldungeon/actors/mobs/CrystalGuardian.java;core/src/main/java/com/shatteredpixel/shatteredpixeldungeon/actors/mobs/Ghoul.java;core/src/main/java/com/shatteredpixel/shatteredpixeldungeon/actors/mobs/Goo.java;core/src/main/java/com/shatteredpixel/shatteredpixeldungeon/actors/mobs/Necromancer.java;core/src/main/java/com/shatteredpixel/shatteredpixeldungeon/actors/mobs/RotLasher.java;core/src/main/java/com/shatteredpixel/shatteredpixeldungeon/actors/mobs/Succubus.java;core/src/main/java/com/shatteredpixel/shatteredpixeldungeon/items/artifacts/ChaliceOfBlood.java;core/src/main/java/com/shatteredpixel/shatteredpixeldungeon/items/artifacts/DriedRose.java;core/src/main/java/com/shatteredpixel/shatteredpixeldungeon/items/food/FrozenCarpaccio.java;core/src/main/java/com/shatteredpixel/shatteredpixeldungeon/items/food/Pasty.java;core/src/main/java/com/shatteredpixel/shatteredpixeldungeon/items/food/PhantomMeat.java;core/src/main/java/com/shatteredpixel/shatteredpixeldungeon/items/potions/elixirs/ElixirOfAquaticRejuvenation.java;core/src/main/java/com/shatteredpixel/shatteredpixeldungeon/items/remains/SealShard.java;core/src/main/java/com/shatteredpixel/shatteredpixeldungeon/items/wands/Wand.java;core/src/main/java/com/shatteredpixel/shatteredpixeldungeon/items/wands/WandOfLivingEarth.java;core/src/main/java/com/shatteredpixel/shatteredpixeldungeon/items/weapon/enchantments/Blocking.java;core/src/main/java/com/shatteredpixel/shatteredpixeldungeon/items/weapon/melee/MeleeWeapon.java	general
9e32c18807f8b3a17dd8caeb2d136c5260aa97b0	v2.2.1..v2.3.2	v2.3.0: added damage icons for frost and water (for fiery enemies)	core/src/main/assets/effects/text_icons.png;core/src/main/java/com/shatteredpixel/shatteredpixeldungeon/actors/Char.java;core/src/main/java/com/shatteredpixel/shatteredpixeldungeon/effects/FloatingText.java	assets
1c8b13fa62f8cb2e3c186ed5de923f376b2b6118	v2.2.1..v2.3.2	v2.3.0: added icons to floating text for dmg, DOTs, healing, & currency	core/src/main/assets/effects/text_icons.png;core/src/main/assets/messages/actors/actors.properties;core/src/main/assets/messages/items/items.properties;core/src/main/java/com/shatteredpixel/shatteredpixeldungeon/actors/buffs/Berserk.java;core/src/main/java/com/shatteredpixel/shatteredpixeldungeon/actors/buffs/Healing.java;core/src/main/java/com/shatteredpixel/shatteredpixeldungeon/actors/Char.java;core/src/main/java/com/shatteredpixel/shatteredpixeldungeon/actors/hero/abilities/duelist/ElementalStrike.java;core/src/main/java/com/shatteredpixel/shatteredpixeldungeon/actors/hero/abilities/mage/ElementalBlast.java;core/src/main/java/com/shatteredpixel/shatteredpixeldungeon/actors/mobs/ArmoredBrute.java;core/src/main/java/com/shatteredpixel/shatteredpixeldungeon/actors/mobs/Brute.java;core/src/main/java/com/shatteredpixel/shatteredpixeldungeon/actors/mobs/DM300.java;core/src/main/java/com/shatteredpixel/shatteredpixeldungeon/actors/mobs/Mob.java;core/src/main/java/com/shatteredpixel/shatteredpixeldungeon/Assets.java;core/src/main/java/com/shatteredpixel/shatteredpixeldungeon/effects/FloatingText.java;core/src/main/java/com/shatteredpixel/shatteredpixeldungeon/items/armor/curses/Metabolism.java;core/src/main/java/com/shatteredpixel/shatteredpixeldungeon/items/Dewdrop.java;core/src/main/java/com/shatteredpixel/shatteredpixeldungeon/items/EnergyCrystal.java;core/src/main/java/com/shatteredpixel/shatteredpixeldungeon/items/Gold.java;core/src/main/java/com/shatteredpixel/shatteredpixeldungeon/items/potions/elixirs/ElixirOfMight.java;core/src/main/java/com/shatteredpixel/shatteredpixeldungeon/items/potions/exotic/PotionOfShielding.java;core/src/main/java/com/shatteredpixel/shatteredpixeldungeon/items/potions/PotionOfExperience.java;core/src/main/java/com/shatteredpixel/shatteredpixeldungeon/items/potions/PotionOfStrength.java;core/src/main/java/com/shatteredpixel/shatteredpixeldungeon/items/wands/WandOfTransfusion.java;core/src/main/java/com/shatteredpixel/shatteredpixeldungeon/items/wands/WandOfWarding.java;core/src/main/java/com/shatteredpixel/shatteredpixeldungeon/items/weapon/enchantments/Vampiric.java;core/src/main/java/com/shatteredpixel/shatteredpixeldungeon/plants/Sungrass.java;core/src/main/java/com/shatteredpixel/shatteredpixeldungeon/sprites/CharSprite.java	assets
4f8f576794f3fbf6803af600dd653d38edef4ffc	v2.2.1..v2.3.2	v2.3.0: changed which quest blacksmith spawns for now	core/src/main/java/com/shatteredpixel/shatteredpixeldungeon/actors/mobs/npcs/Blacksmith.java	general
e06d9a9187b9748e0b31883a0beb8b8712cda19c	v2.2.1..v2.3.2	v2.3.0: added a default case for pasty sprites	core/src/main/java/com/shatteredpixel/shatteredpixeldungeon/items/food/Pasty.java	general
2794f4f4578e7aac6f12c619aec5f2526119da32	v2.2.1..v2.3.2	v2.3.0: increased danger when fighting geomancer with sappers + polish	core/src/main/assets/messages/actors/actors.properties;core/src/main/java/com/shatteredpixel/shatteredpixeldungeon/actors/mobs/GnollGeomancer.java	general
3495520547b62bfbc130c24215549b877bf2f102	v2.2.1..v2.3.2	v2.3.0: extended support for multiple splash effects at once	core/src/main/java/com/shatteredpixel/shatteredpixeldungeon/actors/hero/Hero.java;core/src/main/java/com/shatteredpixel/shatteredpixeldungeon/actors/mobs/GnollGeomancer.java;core/src/main/java/com/shatteredpixel/shatteredpixeldungeon/effects/Splash.java;core/src/main/java/com/shatteredpixel/shatteredpixeldungeon/sprites/GnollGeomancerSprite.java	hotspot
64be5ec538c9d74665749108a342d48990bd2cc1	v2.2.1..v2.3.2	v2.3.0: balance adjustment to gnoll area: - sapper HP down to 45 from 50 - guard damage range tightened a bit - geomancer HP down to 120 from 200 - geomancer avg attack CD up by 12.5% - thrown rock dmg reverted to 5-10 - geomancer no longer melees	core/src/main/assets/messages/actors/actors.properties;core/src/main/java/com/shatteredpixel/shatteredpixeldungeon/actors/mobs/GnollGeomancer.java;core/src/main/java/com/shatteredpixel/shatteredpixeldungeon/actors/mobs/GnollGuard.java;core/src/main/java/com/shatteredpixel/shatteredpixeldungeon/actors/mobs/GnollSapper.java	general
4a6b65a567490ecf04ba291c20e21573fa849ea9	v2.2.1..v2.3.2	v2.3.0: adjust geomancer ability cooldown	core/src/main/java/com/shatteredpixel/shatteredpixeldungeon/actors/mobs/GnollGeomancer.java	general
6d27ab80250501f11ff9bafd256715d3d39cccc8	v2.2.1..v2.3.2	v2.3.0: loads more geomancer impl, fight is a bit rough but complete atm	core/src/main/assets/messages/actors/actors.properties;core/src/main/java/com/shatteredpixel/shatteredpixeldungeon/actors/mobs/GnollGeomancer.java;core/src/main/java/com/shatteredpixel/shatteredpixeldungeon/actors/mobs/GnollSapper.java	general
21b05f3cf311e89dbbc88f87c54436377a938069	v2.2.1..v2.3.2	v2.3.0: fixed some bugs with remains variable storing	core/src/main/java/com/shatteredpixel/shatteredpixeldungeon/Bones.java	general
c3c4cc9f543c5d82ab6f3f07e18ca0896b756069	v2.2.1..v2.3.2	v2.3.0: implemented gnoll geomancer's interaction with living sappers	core/src/main/java/com/shatteredpixel/shatteredpixeldungeon/actors/mobs/GnollGeomancer.java;core/src/main/java/com/shatteredpixel/shatteredpixeldungeon/actors/mobs/GnollSapper.java;core/src/main/java/com/shatteredpixel/shatteredpixeldungeon/effects/particles/EarthParticle.java;core/src/main/java/com/shatteredpixel/shatteredpixeldungeon/levels/rooms/quest/MineLargeRoom.java;core/src/main/java/com/shatteredpixel/shatteredpixeldungeon/levels/traps/GnollRockfallTrap.java;core/src/main/java/com/shatteredpixel/shatteredpixeldungeon/sprites/GnollGeomancerSprite.java;core/src/main/java/com/shatteredpixel/shatteredpixeldungeon/sprites/GnollGuardSprite.java	general
3694bc666db773703226047cee41a760eada9d4b	v2.2.1..v2.3.2	v2.3.0: implemented new holiday items for feb-april, minus sprites	core/src/main/assets/messages/items/items.properties;core/src/main/assets/sprites/items.png;core/src/main/java/com/shatteredpixel/shatteredpixeldungeon/actors/buffs/ArtifactRecharge.java;core/src/main/java/com/shatteredpixel/shatteredpixeldungeon/items/food/Pasty.java;core/src/main/java/com/shatteredpixel/shatteredpixeldungeon/items/remains/CloakScrap.java;core/src/main/java/com/shatteredpixel/shatteredpixeldungeon/items/spells/WildEnergy.java;core/src/main/java/com/shatteredpixel/shatteredpixeldungeon/items/weapon/melee/MagesStaff.java;core/src/main/java/com/shatteredpixel/shatteredpixeldungeon/sprites/ItemSpriteSheet.java	assets
1a9bb229688fc83b43add858438cdc935b1b6365	v2.2.1..v2.3.2	v2.3.0: lots more rough implementation work on gnoll geomancer	core/src/main/java/com/shatteredpixel/shatteredpixeldungeon/actors/mobs/GnollGeomancer.java;core/src/main/java/com/shatteredpixel/shatteredpixeldungeon/sprites/GnollGeomancerSprite.java;core/src/main/java/com/shatteredpixel/shatteredpixeldungeon/sprites/GnollSapperSprite.java	general
9fa8f123eebe2dd4e35da6f9a03ef18f94fe7e4c	v2.2.1..v2.3.2	v2.3.0: crystal spire health bar now bleeds at less than 100 HP	core/src/main/java/com/shatteredpixel/shatteredpixeldungeon/actors/mobs/CrystalSpire.java	general
c221387115dc80ce8f241e070339362a698ace99	v2.2.1..v2.3.2	v2.3.0: fixed Tengu not quite handling taking massive damage correctly	core/src/main/java/com/shatteredpixel/shatteredpixeldungeon/actors/mobs/Tengu.java	general
59f37cb4c03b44b770408d7ab2745b08f048d841	v2.2.1..v2.3.2	v2.3.0: slightly improved rot garden room layouts	core/src/main/java/com/shatteredpixel/shatteredpixeldungeon/levels/rooms/quest/RotGardenRoom.java	general
a96375385857c585ed051c92092b8bad3636a44a	v2.2.1..v2.3.2	v2.3.0: dumb allies (e.g. corrupted) no longer atk passive enemies	core/src/main/java/com/shatteredpixel/shatteredpixeldungeon/actors/mobs/Mob.java	general
ae5c7f65eed28845a5437f1e20fcc797fa5c2d2c	v2.2.1..v2.3.2	v2.3.0: added years up to 2100 for Lunar New Year	core/src/main/java/com/shatteredpixel/shatteredpixeldungeon/utils/Holiday.java	general
15cd9f3306b55b25a150cb619a512558d61590f1	v2.2.1..v2.3.2	v2.3.0: added two badges for hero remains items	core/src/main/assets/interfaces/badges.png;core/src/main/assets/interfaces/surface.png;core/src/main/assets/messages/misc/misc.properties;core/src/main/java/com/shatteredpixel/shatteredpixeldungeon/Badges.java;core/src/main/java/com/shatteredpixel/shatteredpixeldungeon/Bones.java;core/src/main/java/com/shatteredpixel/shatteredpixeldungeon/Dungeon.java;core/src/main/java/com/shatteredpixel/shatteredpixeldungeon/scenes/SurfaceScene.java;core/src/main/java/com/shatteredpixel/shatteredpixeldungeon/Statistics.java	assets
5f8185c3ddfe4680e0e9607a14ae29a26f60eb2c	v2.2.1..v2.3.2	v2.3.0: condensed v2.2's changelog	core/src/main/java/com/shatteredpixel/shatteredpixeldungeon/ui/changelist/v2_X_Changes.java	docs
a7440afe2fe7c7acfbe41194ba861995152fa5f6	v2.2.1..v2.3.2	v2.3.0: lots of coding and ability implementation for geomancer/sappers	core/src/main/assets/messages/actors/actors.properties;core/src/main/java/com/shatteredpixel/shatteredpixeldungeon/actors/mobs/GnollGeomancer.java;core/src/main/java/com/shatteredpixel/shatteredpixeldungeon/actors/mobs/GnollSapper.java;core/src/main/java/com/shatteredpixel/shatteredpixeldungeon/sprites/MissileSprite.java	general
c6794ccb09d8c8ec8ba7460446984284b1d6694a	v2.2.1..v2.3.2	v2.3.0: added commentary for v1.2.0	core/src/main/java/com/shatteredpixel/shatteredpixeldungeon/ui/changelist/v0_3_X_Changes.java;core/src/main/java/com/shatteredpixel/shatteredpixeldungeon/ui/changelist/v1_X_Changes.java	general
f6054cc8967532f208c9003d5fe6841d13acd80f	v2.2.1..v2.3.2	v2.3.0: remains changes: - remains now include an extra item based on the class of the hero who died, these either appear on their own instead of gold drops, or in addition to a regular remains drop - capped the quantity scaling of consumable items left by remains at 3 - fixed extremely rare cases of remains affecting small parts of levelgen	core/src/main/assets/messages/items/items.properties;core/src/main/assets/sprites/items.png;core/src/main/java/com/shatteredpixel/shatteredpixeldungeon/Bones.java;core/src/main/java/com/shatteredpixel/shatteredpixeldungeon/items/remains/BowFragment.java;core/src/main/java/com/shatteredpixel/shatteredpixeldungeon/items/remains/BrokenHilt.java;core/src/main/java/com/shatteredpixel/shatteredpixeldungeon/items/remains/BrokenStaff.java;core/src/main/java/com/shatteredpixel/shatteredpixeldungeon/items/remains/CloakScrap.java;core/src/main/java/com/shatteredpixel/shatteredpixeldungeon/items/remains/RemainsItem.java;core/src/main/java/com/shatteredpixel/shatteredpixeldungeon/items/remains/SealShard.java;core/src/main/java/com/shatteredpixel/shatteredpixeldungeon/levels/CavesBossLevel.java;core/src/main/java/com/shatteredpixel/shatteredpixeldungeon/levels/CityBossLevel.java;core/src/main/java/com/shatteredpixel/shatteredpixeldungeon/levels/DeadEndLevel.java;core/src/main/java/com/shatteredpixel/shatteredpixeldungeon/levels/HallsBossLevel.java;core/src/main/java/com/shatteredpixel/shatteredpixeldungeon/levels/LastShopLevel.java;core/src/main/java/com/shatteredpixel/shatteredpixeldungeon/levels/MiningLevel.java;core/src/main/java/com/shatteredpixel/shatteredpixeldungeon/levels/PrisonBossLevel.java;core/src/main/java/com/shatteredpixel/shatteredpixeldungeon/levels/RegularLevel.java;core/src/main/java/com/shatteredpixel/shatteredpixeldungeon/levels/SewerBossLevel.java;core/src/main/java/com/shatteredpixel/shatteredpixeldungeon/sprites/ItemSpriteSheet.java	assets
4537498afe246625417bde67591f2d10cf3ff8a3	v2.2.1..v2.3.2	v2.3.0: adjusted use of calendars, and when surface scene shows night	core/src/main/java/com/shatteredpixel/shatteredpixeldungeon/scenes/NewsScene.java;core/src/main/java/com/shatteredpixel/shatteredpixeldungeon/scenes/SurfaceScene.java;core/src/main/java/com/shatteredpixel/shatteredpixeldungeon/services/news/News.java	platform
1dae6f108f150a00d002e2f1348540acadcae9a0	v2.2.1..v2.3.2	v2.3.0: rewrote internal holiday logic	core/src/main/java/com/shatteredpixel/shatteredpixeldungeon/actors/mobs/npcs/RatKing.java;core/src/main/java/com/shatteredpixel/shatteredpixeldungeon/items/food/Pasty.java;core/src/main/java/com/shatteredpixel/shatteredpixeldungeon/scenes/PixelScene.java;core/src/main/java/com/shatteredpixel/shatteredpixeldungeon/sprites/RatKingSprite.java;core/src/main/java/com/shatteredpixel/shatteredpixeldungeon/utils/Holiday.java	general
3d7b25e7e566cfe99353d0cd9e4ab5eb5a1ba5a7	v2.2.1..v2.3.2	v2.3.0: fixed missile projecting not working on chars in solid terrain	core/src/main/java/com/shatteredpixel/shatteredpixeldungeon/items/weapon/missiles/MissileWeapon.java	general
e58bd78e00fbc278b22e680296efea5b1af0a4d8	v2.2.1..v2.3.2	v2.3.0: fixed berserker able to rage with seal buff but no seal equipped	core/src/main/java/com/shatteredpixel/shatteredpixeldungeon/actors/buffs/Berserk.java	general
f0c4e6be0c0da34cee973d53cba257fa684bfdc1	v2.2.1..v2.3.2	v2.3.0: fixed cursed wand of warding having different collision props	core/src/main/java/com/shatteredpixel/shatteredpixeldungeon/items/wands/WandOfWarding.java	slice2-candidate
9127dfff9b7e49e5612c58cb58c7d70fec810768	v2.2.1..v2.3.2	v2.3.0: fixed wrong hero sprite if hero armor transfer unequips armor	core/src/main/java/com/shatteredpixel/shatteredpixeldungeon/items/armor/ClassArmor.java	general
a82cf874da55e60aadbf49d551b67d9720c79f46	v2.2.1..v2.3.2	v2.3.0: updated pickaxe description to clarity no need to equip it	core/src/main/assets/messages/items/items.properties	localization
ba14fda19a6c72e4c3921f91db7eee280dffdd07	v2.2.1..v2.3.2	v2.3.0: implemented very rough early logic for geomancer fight stages	core/src/main/assets/messages/actors/actors.properties;core/src/main/java/com/shatteredpixel/shatteredpixeldungeon/actors/hero/Hero.java;core/src/main/java/com/shatteredpixel/shatteredpixeldungeon/actors/mobs/CrystalSpire.java;core/src/main/java/com/shatteredpixel/shatteredpixeldungeon/actors/mobs/GnollGeomancer.java;core/src/main/java/com/shatteredpixel/shatteredpixeldungeon/actors/mobs/Mob.java;core/src/main/java/com/shatteredpixel/shatteredpixeldungeon/levels/rooms/quest/MineGiantRoom.java;core/src/main/java/com/shatteredpixel/shatteredpixeldungeon/sprites/GnollGeomancerSprite.java	hotspot
cd2244f54543dfc0dcb48b35a3c560a44e4e71be	v2.2.1..v2.3.2	v2.3.0: fixed damage negated by invuln still waking up sleeping mobs	core/src/main/java/com/shatteredpixel/shatteredpixeldungeon/actors/mobs/Mob.java	general
ec9da9b04e8058245c669930975acdb01c8e70a2	v2.2.1..v2.3.2	v2.3.0: extremely early geomancer impl, no fight logic atm	core/src/main/assets/messages/actors/actors.properties;core/src/main/assets/sprites/gnoll_geomancer.png;core/src/main/java/com/shatteredpixel/shatteredpixeldungeon/actors/mobs/GnollGeomancer.java;core/src/main/java/com/shatteredpixel/shatteredpixeldungeon/levels/rooms/quest/MineGiantRoom.java;core/src/main/java/com/shatteredpixel/shatteredpixeldungeon/levels/rooms/quest/MineLargeRoom.java;core/src/main/java/com/shatteredpixel/shatteredpixeldungeon/sprites/GnollGeomancerSprite.java	assets
90a22ab5beb9217df3838d8028d6284fb3a681ac	v2.2.1..v2.3.2	v2.3.0: fixed crystal spire being incorrectly set as a miniboss	core/src/main/java/com/shatteredpixel/shatteredpixeldungeon/actors/mobs/CrystalSpire.java	general
162107ae677c27ddc7b097917bb36e3cfc141380	v2.2.1..v2.3.2	v2.3.0: added text for sappers and reduced their melee damage	core/src/main/assets/messages/actors/actors.properties;core/src/main/java/com/shatteredpixel/shatteredpixeldungeon/actors/mobs/GnollSapper.java;core/src/main/java/com/shatteredpixel/shatteredpixeldungeon/levels/MiningLevel.java	hotspot
7dc73f01f6934e445b54fd4e0d64a25225dd452c	v2.2.1..v2.3.2	v2.3.0: made a gnoll rockfall trap class, gave them text, nerfed them	core/src/main/assets/messages/levels/levels.properties;core/src/main/java/com/shatteredpixel/shatteredpixeldungeon/levels/MiningLevel.java;core/src/main/java/com/shatteredpixel/shatteredpixeldungeon/levels/rooms/quest/MineLargeRoom.java;core/src/main/java/com/shatteredpixel/shatteredpixeldungeon/levels/traps/GnollRockfallTrap.java;core/src/main/java/com/shatteredpixel/shatteredpixeldungeon/levels/traps/RockfallTrap.java	hotspot
ab8ca6b6facdfe2c0016c8df21588484d8625a7a	v2.2.1..v2.3.2	v2.3.0: fixed gnoll sappers something moving too far from starting poa	core/src/main/java/com/shatteredpixel/shatteredpixeldungeon/actors/mobs/GnollSapper.java;core/src/main/java/com/shatteredpixel/shatteredpixeldungeon/actors/mobs/Mob.java	general
d2920face3fbd6262264ffd8004f2064d2f9a62b	v2.2.1..v2.3.2	v2.3.0: made rockfall abilities no longer trigger rockfall traps	core/src/main/java/com/shatteredpixel/shatteredpixeldungeon/actors/mobs/DM300.java;core/src/main/java/com/shatteredpixel/shatteredpixeldungeon/actors/mobs/GnollSapper.java	general
3273ab0cd1502038ba87a0a9f96b9be017df5891	v2.2.1..v2.3.2	v2.3.0: adjusted levelgen boulder and rubble positioning slightly	core/src/main/java/com/shatteredpixel/shatteredpixeldungeon/levels/rooms/quest/MineEntrance.java;core/src/main/java/com/shatteredpixel/shatteredpixeldungeon/levels/rooms/quest/MineGiantRoom.java;core/src/main/java/com/shatteredpixel/shatteredpixeldungeon/levels/rooms/quest/MineLargeRoom.java;core/src/main/java/com/shatteredpixel/shatteredpixeldungeon/levels/rooms/quest/MineSmallRoom.java	general
9b73449586be93910f096ee28aba292fd852b69d	v2.2.1..v2.3.2	v2.3.0: fixed new scroll and potion decks affecting non-deck generation	core/src/main/java/com/shatteredpixel/shatteredpixeldungeon/items/Generator.java	general
b8fb2cb02ddeb1a383b715b4d007ec4db0e0ec79	v2.2.1..v2.3.2	v2.3.0: made DM-201 sprites more distinct from DM-200	core/src/main/assets/sprites/dm200.png	assets
bc1ee348bc50a33e67d9e122c9538a0ed6328a62	v2.2.1..v2.3.2	v2.3.0: blacksmith landmark entry now clears after rewards are finished	core/src/main/java/com/shatteredpixel/shatteredpixeldungeon/actors/mobs/npcs/Blacksmith.java;core/src/main/java/com/shatteredpixel/shatteredpixeldungeon/windows/WndBlacksmith.java	slice2-candidate
b94425b2c4af882aa900c52194118f6e11bb3dc0	v2.2.1..v2.3.2	v2.3.0: refactored transmute usable on item code, added a pickace check	core/src/main/java/com/shatteredpixel/shatteredpixeldungeon/items/scrolls/ScrollOfTransmutation.java	general
b0f37db830413d37a95dcd4b26cdba4e3ebae0f2	v2.2.1..v2.3.2	v2.3.0: fixed Yog's visibility update not checking existing viewDistance	core/src/main/java/com/shatteredpixel/shatteredpixeldungeon/actors/mobs/YogDzewa.java	general
ff2239e67ae7d718fad7892ffff00d2741f4097b	v2.2.1..v2.3.2	v2.3.0: phantom piranhas now die on land if there is no open water	core/src/main/java/com/shatteredpixel/shatteredpixeldungeon/actors/mobs/PhantomPiranha.java	general
98438cf9ae590cdc5585293e27d4b19845e0ef30	v2.2.1..v2.3.2	v2.3.0: sappers no longer drop rocks next to the entrance tile	core/src/main/java/com/shatteredpixel/shatteredpixeldungeon/actors/mobs/GnollSapper.java	general
9ecf0447f3517a4fde4a4347f2c205128919c808	v2.2.1..v2.3.2	v2.3.0: fixed changed curse infusion not applying curse glyphs to armor	core/src/main/java/com/shatteredpixel/shatteredpixeldungeon/items/spells/CurseInfusion.java	general
7b7ecb36090507b10e61efa30b3b4a80d73e504f	v2.2.1..v2.3.2	v2.3.0: lots more impl and refinement for gnoll sappers and quest	core/src/main/java/com/shatteredpixel/shatteredpixeldungeon/actors/mobs/DM300.java;core/src/main/java/com/shatteredpixel/shatteredpixeldungeon/actors/mobs/GnollGuard.java;core/src/main/java/com/shatteredpixel/shatteredpixeldungeon/actors/mobs/GnollSapper.java;core/src/main/java/com/shatteredpixel/shatteredpixeldungeon/levels/MiningLevel.java;core/src/main/java/com/shatteredpixel/shatteredpixeldungeon/levels/rooms/quest/MineLargeRoom.java	hotspot
c7d9d696194300b150af55f1b70266897f50ac6d	v2.2.1..v2.3.2	v2.3.0: improve details on guard's shield and trickster's strap	core/src/main/assets/sprites/gnoll_guard.png;core/src/main/assets/sprites/gnoll.png	assets
fa1b1b7d9fa7a7eada8e3a20d60de232204b4cb2	v2.2.1..v2.3.2	v2.3.0: externalized the delayed rock fall buff from DM-300	core/src/main/java/com/shatteredpixel/shatteredpixeldungeon/actors/mobs/DelayedRockFall.java;core/src/main/java/com/shatteredpixel/shatteredpixeldungeon/actors/mobs/DM300.java;core/src/main/java/com/shatteredpixel/shatteredpixeldungeon/actors/mobs/GnollSapper.java	general
7a49a1b887768c156b8b4bcd4929558c387f5505	v2.2.1..v2.3.2	v2.3.0: updated version info, removed support for saves prior to v1.4.3	core/src/main/java/com/shatteredpixel/shatteredpixeldungeon/actors/hero/Talent.java;core/src/main/java/com/shatteredpixel/shatteredpixeldungeon/Badges.java;core/src/main/java/com/shatteredpixel/shatteredpixeldungeon/GamesInProgress.java;core/src/main/java/com/shatteredpixel/shatteredpixeldungeon/items/ItemStatusHandler.java;core/src/main/java/com/shatteredpixel/shatteredpixeldungeon/levels/CavesBossLevel.java;core/src/main/java/com/shatteredpixel/shatteredpixeldungeon/levels/CityBossLevel.java;core/src/main/java/com/shatteredpixel/shatteredpixeldungeon/levels/features/HighGrass.java;core/src/main/java/com/shatteredpixel/shatteredpixeldungeon/levels/HallsBossLevel.java;core/src/main/java/com/shatteredpixel/shatteredpixeldungeon/levels/LastLevel.java;core/src/main/java/com/shatteredpixel/shatteredpixeldungeon/levels/Level.java;core/src/main/java/com/shatteredpixel/shatteredpixeldungeon/levels/PrisonBossLevel.java;core/src/main/java/com/shatteredpixel/shatteredpixeldungeon/levels/SewerBossLevel.java;core/src/main/java/com/shatteredpixel/shatteredpixeldungeon/scenes/HeroSelectScene.java;core/src/main/java/com/shatteredpixel/shatteredpixeldungeon/scenes/WelcomeScene.java;core/src/main/java/com/shatteredpixel/shatteredpixeldungeon/ShatteredPixelDungeon.java;SPD-classes/src/main/java/com/watabou/utils/Bundle.java	hotspot
aded03d7a62948ba773768391215f19529b3f10e	v2.2.1..v2.3.2	v2.3.0: armored brutes now have visual armor, instead of a shield	core/src/main/assets/sprites/brute.png	assets
df91e7751d69985a514a8d69b0bb1e6c25eae299	v2.2.1..v2.3.2	v2.3.0: rough early implementation of gnoll sapper attacks	core/src/main/assets/sprites/items.png;core/src/main/java/com/shatteredpixel/shatteredpixeldungeon/actors/mobs/DM300.java;core/src/main/java/com/shatteredpixel/shatteredpixeldungeon/actors/mobs/GnollSapper.java;core/src/main/java/com/shatteredpixel/shatteredpixeldungeon/sprites/ItemSpriteSheet.java;core/src/main/java/com/shatteredpixel/shatteredpixeldungeon/sprites/MissileSprite.java	assets
dfc9cd7b9096eef5ceaa65078fd4be5ba0234d34	v2.2.1..v2.3.2	v2.3.0: DM-300 now uses target cell indicators with his rockfall attack	core/src/main/java/com/shatteredpixel/shatteredpixeldungeon/actors/mobs/DM300.java	general
3a153161d214968b88ae8d27cc7e3261a6615b4c	v2.2.1..v2.3.2	v2.3.0: gnoll rockfall traps now ignore cells next to barricades	core/src/main/java/com/shatteredpixel/shatteredpixeldungeon/levels/traps/RockfallTrap.java	general
9e59f6598af3f367458e37b93200edd845524754	v2.2.1..v2.3.2	v2.3.0: one more crack at iOS gestures, think this one fixes everything	ios/src/main/java/com/shatteredpixel/shatteredpixeldungeon/ios/IOSLauncher.java;SPD-classes/src/main/java/com/watabou/noosa/Game.java	platform
f00acdc182c469ee74da0efb43649da97d00bbff	v2.2.1..v2.3.2	v2.3.0: updated iOS device definitions	ios/src/main/java/com/shatteredpixel/shatteredpixeldungeon/ios/IOSLauncher.java	platform
6d1590bfdd17fde808f4792509e8c534499646af	v2.2.1..v2.3.2	v2.3.0: long-pressing in ghost equip window now shows item info	core/src/main/java/com/shatteredpixel/shatteredpixeldungeon/items/artifacts/DriedRose.java;core/src/main/java/com/shatteredpixel/shatteredpixeldungeon/ui/ItemButton.java	general
f9e346b2ca391603fc9edbb0f9f9babe8cdcf6f5	v2.2.1..v2.3.2	v2.3.0: curse infusion now only replaces existing curses after first use	core/src/main/assets/messages/items/items.properties;core/src/main/java/com/shatteredpixel/shatteredpixeldungeon/items/spells/CurseInfusion.java	general
fae73101aaa70ac5b51ea577a9389809a91fdafe	v2.2.1..v2.3.2	v2.3.0: improved foresight buffs on level load and at high movespeed	core/src/main/java/com/shatteredpixel/shatteredpixeldungeon/actors/hero/Hero.java;core/src/main/java/com/shatteredpixel/shatteredpixeldungeon/items/artifacts/TalismanOfForesight.java	hotspot
27312460f09be47d10c590834156b63e9cd3578d	v2.2.1..v2.3.2	v2.3.0: improved consistency of several consumable drop types	core/src/main/java/com/shatteredpixel/shatteredpixeldungeon/items/Generator.java	general
268b804ac6d76620bd596921c83df1710cb71801	v2.2.1..v2.3.2	v2.3.0: code refactoring and improved enemy spawn spread in caves quest	core/src/main/java/com/shatteredpixel/shatteredpixeldungeon/levels/builders/RegularBuilder.java;core/src/main/java/com/shatteredpixel/shatteredpixeldungeon/levels/RegularLevel.java;core/src/main/java/com/shatteredpixel/shatteredpixeldungeon/levels/rooms/quest/MineGiantRoom.java;core/src/main/java/com/shatteredpixel/shatteredpixeldungeon/levels/rooms/quest/MineLargeRoom.java;core/src/main/java/com/shatteredpixel/shatteredpixeldungeon/levels/rooms/standard/CavesFissureRoom.java;core/src/main/java/com/shatteredpixel/shatteredpixeldungeon/levels/rooms/standard/StandardRoom.java	hotspot
e3b72f12730002564c26365d991ce5e448e66e6f	v2.2.1..v2.3.2	v2.3.0: re-ordered text definitions to match new internal quest order	core/src/main/assets/messages/actors/actors.properties	localization
d521534368d36590f48dc8afdd849626adf5dc9e	v2.2.1..v2.3.2	v2.3.0: added new behaviour for rockfall traps for the gnoll quest	core/src/main/java/com/shatteredpixel/shatteredpixeldungeon/levels/traps/RockfallTrap.java	general
649d89bd320627838c0e1a8be7241e16c44bbc50	v2.2.1..v2.3.2	v2.3.0: switched internal quest order for fungi and gnoll quests	core/src/main/java/com/shatteredpixel/shatteredpixeldungeon/actors/mobs/Mob.java;core/src/main/java/com/shatteredpixel/shatteredpixeldungeon/actors/mobs/npcs/Blacksmith.java;core/src/main/java/com/shatteredpixel/shatteredpixeldungeon/levels/CavesLevel.java;core/src/main/java/com/shatteredpixel/shatteredpixeldungeon/levels/MiningLevel.java;core/src/main/java/com/shatteredpixel/shatteredpixeldungeon/levels/rooms/quest/MineGiantRoom.java;core/src/main/java/com/shatteredpixel/shatteredpixeldungeon/levels/rooms/quest/MineLargeRoom.java;core/src/main/java/com/shatteredpixel/shatteredpixeldungeon/levels/rooms/quest/MineSecretRoom.java	hotspot
e7501654130ebc49a54c4e36f50594332c2f98d5	v2.2.1..v2.3.2	v2.3.0: various small improvements to gnoll quest levelgen	core/src/main/java/com/shatteredpixel/shatteredpixeldungeon/actors/hero/Hero.java;core/src/main/java/com/shatteredpixel/shatteredpixeldungeon/levels/rooms/quest/MineEntrance.java;core/src/main/java/com/shatteredpixel/shatteredpixeldungeon/levels/rooms/quest/MineGiantRoom.java;core/src/main/java/com/shatteredpixel/shatteredpixeldungeon/levels/rooms/quest/MineLargeRoom.java;core/src/main/java/com/shatteredpixel/shatteredpixeldungeon/levels/rooms/quest/MineSmallRoom.java	hotspot
412539b4f0ec24a15f58efda50e62494022a327f	v2.2.1..v2.3.2	v2.3.0: changed up game sample loading to occur on main thread	SPD-classes/src/main/java/com/watabou/noosa/audio/Sample.java	general
c5908c1849a086775978dc07b1d6153a594eaa33	v2.2.1..v2.3.2	v2.3.0: added some very basic early gnoll sapper and guard interactions	core/src/main/assets/messages/actors/actors.properties;core/src/main/java/com/shatteredpixel/shatteredpixeldungeon/actors/mobs/GnollGuard.java;core/src/main/java/com/shatteredpixel/shatteredpixeldungeon/actors/mobs/GnollSapper.java;core/src/main/java/com/shatteredpixel/shatteredpixeldungeon/effects/particles/EarthParticle.java;core/src/main/java/com/shatteredpixel/shatteredpixeldungeon/levels/rooms/quest/MineLargeRoom.java;core/src/main/java/com/shatteredpixel/shatteredpixeldungeon/sprites/GnollGuardSprite.java	general
9bc886dd8a9efe4d451baf583383f802e76b5353	v2.2.1..v2.3.2	v2.3.0: improved game log entries when picking up dark gold	core/src/main/java/com/shatteredpixel/shatteredpixeldungeon/actors/hero/Hero.java	hotspot
27640fb0bf419f453e7e5af040e39f1d6a200562	v2.2.1..v2.3.2	v2.3.0: implemented some early gnoll sapper and geomancer sprites	core/src/main/assets/sprites/gnoll_geomancer.png;core/src/main/assets/sprites/gnoll_sapper.png;core/src/main/java/com/shatteredpixel/shatteredpixeldungeon/Assets.java;core/src/main/java/com/shatteredpixel/shatteredpixeldungeon/sprites/GnollGeomancerSprite.java;core/src/main/java/com/shatteredpixel/shatteredpixeldungeon/sprites/GnollSapperSprite.java	assets
b1348dcf72d9a78db3351066c7b5849681d1a453	v2.2.1..v2.3.2	v2.3.0: fixed a few cases of error message spam	core/src/main/java/com/shatteredpixel/shatteredpixeldungeon/scenes/InterlevelScene.java;SPD-classes/src/main/java/com/watabou/utils/FileUtils.java	general
5f9926e3ea2f801da9f614517657c19f42e059ec	v2.2.1..v2.3.2	v2.3.0: fixed inter-floor teleports working in mining level	core/src/main/java/com/shatteredpixel/shatteredpixeldungeon/Dungeon.java	hotspot
5c3a143fce8e44f4726016fa27400df81ec634d4	v2.2.1..v2.3.2	v2.3.0: fixed amok not properly resetting aggro in some cases	core/src/main/java/com/shatteredpixel/shatteredpixeldungeon/actors/buffs/Amok.java;core/src/main/java/com/shatteredpixel/shatteredpixeldungeon/items/stones/StoneOfAggression.java	general
cdec9a68bf85d13b34ede72760937e53606b6d04	v2.2.1..v2.3.2	v2.3.0: made wraith classes more flexible, and added one for corpse dust	core/src/main/java/com/shatteredpixel/shatteredpixeldungeon/actors/mobs/Mob.java;core/src/main/java/com/shatteredpixel/shatteredpixeldungeon/actors/mobs/SpectralNecromancer.java;core/src/main/java/com/shatteredpixel/shatteredpixeldungeon/actors/mobs/Wraith.java;core/src/main/java/com/shatteredpixel/shatteredpixeldungeon/items/artifacts/DriedRose.java;core/src/main/java/com/shatteredpixel/shatteredpixeldungeon/items/Heap.java;core/src/main/java/com/shatteredpixel/shatteredpixeldungeon/items/quest/CorpseDust.java;core/src/main/java/com/shatteredpixel/shatteredpixeldungeon/items/wands/WandOfCorruption.java;core/src/main/java/com/shatteredpixel/shatteredpixeldungeon/levels/traps/DistortionTrap.java	general
052715a694d6ee9b9dc9771fe73bbab4d056c622	v2.2.1..v2.3.2	v2.3.0: added support for android themed icons	android/src/debug/res/mipmap-anydpi-v26/ic_launcher.xml;android/src/debug/res/mipmap-hdpi/ic_launcher_monochrome.png;android/src/debug/res/mipmap-mdpi/ic_launcher_monochrome.png;android/src/debug/res/mipmap-xhdpi/ic_launcher_monochrome.png;android/src/debug/res/mipmap-xxhdpi/ic_launcher_monochrome.png;android/src/debug/res/mipmap-xxxhdpi/ic_launcher_monochrome.png;android/src/main/res/mipmap-anydpi-v26/ic_launcher.xml;android/src/main/res/mipmap-hdpi/ic_launcher_monochrome.png;android/src/main/res/mipmap-mdpi/ic_launcher_monochrome.png;android/src/main/res/mipmap-xhdpi/ic_launcher_monochrome.png;android/src/main/res/mipmap-xxhdpi/ic_launcher_monochrome.png;android/src/main/res/mipmap-xxxhdpi/ic_launcher_monochrome.png	platform
cf8e53f9aadf0dc9caa07afc2c9f5e45fe6c34c9	v2.2.1..v2.3.2	v2.3.0: fixed potion shatters not cleansing fire/ooze outside of FOV	core/src/main/java/com/shatteredpixel/shatteredpixeldungeon/items/potions/brews/BlizzardBrew.java;core/src/main/java/com/shatteredpixel/shatteredpixeldungeon/items/potions/brews/CausticBrew.java;core/src/main/java/com/shatteredpixel/shatteredpixeldungeon/items/potions/brews/InfernalBrew.java;core/src/main/java/com/shatteredpixel/shatteredpixeldungeon/items/potions/brews/ShockingBrew.java;core/src/main/java/com/shatteredpixel/shatteredpixeldungeon/items/potions/elixirs/ElixirOfHoneyedHealing.java;core/src/main/java/com/shatteredpixel/shatteredpixeldungeon/items/potions/exotic/PotionOfCleansing.java;core/src/main/java/com/shatteredpixel/shatteredpixeldungeon/items/potions/exotic/PotionOfCorrosiveGas.java;core/src/main/java/com/shatteredpixel/shatteredpixeldungeon/items/potions/exotic/PotionOfShroudingFog.java;core/src/main/java/com/shatteredpixel/shatteredpixeldungeon/items/potions/exotic/PotionOfSnapFreeze.java;core/src/main/java/com/shatteredpixel/shatteredpixeldungeon/items/potions/exotic/PotionOfStormClouds.java;core/src/main/java/com/shatteredpixel/shatteredpixeldungeon/items/potions/Potion.java;core/src/main/java/com/shatteredpixel/shatteredpixeldungeon/items/potions/PotionOfFrost.java;core/src/main/java/com/shatteredpixel/shatteredpixeldungeon/items/potions/PotionOfLevitation.java;core/src/main/java/com/shatteredpixel/shatteredpixeldungeon/items/potions/PotionOfLiquidFlame.java;core/src/main/java/com/shatteredpixel/shatteredpixeldungeon/items/potions/PotionOfParalyticGas.java;core/src/main/java/com/shatteredpixel/shatteredpixeldungeon/items/potions/PotionOfPurity.java;core/src/main/java/com/shatteredpixel/shatteredpixeldungeon/items/potions/PotionOfToxicGas.java	general
008a65140a2fb922a716aa9a07fdb62921ce91f9	v2.2.1..v2.3.2	v2.3.0: added a warning when stealing from shops	core/src/main/assets/messages/items/items.properties;core/src/main/assets/messages/windows/windows.properties;core/src/main/java/com/shatteredpixel/shatteredpixeldungeon/windows/WndTradeItem.java	general
9aea6b3e0e878c01faad293b3181587f72214955	v2.2.1..v2.3.2	v2.3.0: consistency pass on variable delays for telegraphed attacks	core/src/main/java/com/shatteredpixel/shatteredpixeldungeon/actors/mobs/DM300.java;core/src/main/java/com/shatteredpixel/shatteredpixeldungeon/actors/mobs/Elemental.java;core/src/main/java/com/shatteredpixel/shatteredpixeldungeon/actors/mobs/Goo.java;core/src/main/java/com/shatteredpixel/shatteredpixeldungeon/actors/mobs/RipperDemon.java;core/src/main/java/com/shatteredpixel/shatteredpixeldungeon/actors/mobs/YogDzewa.java	general
a7ded9be41e2bb92ebbc54552098b6c8d7ad3750	v2.2.1..v2.3.2	v2.3.0: added key bindings to tutorial text on desktop	core/src/main/assets/messages/scenes/scenes.properties;core/src/main/java/com/shatteredpixel/shatteredpixeldungeon/items/journal/Guidebook.java;core/src/main/java/com/shatteredpixel/shatteredpixeldungeon/scenes/GameScene.java	slice2-candidate
632e1f6d5d9c026a44d911e1a573a2ed70b7d6d7	v2.2.1..v2.3.2	v2.3.0: fixed an outdated part of potion of invis description	core/src/main/assets/messages/items/items.properties	localization
52b216371231b65d513b028139ad363de61600ea	v2.2.1..v2.3.2	v2.3.0: hero can now self-trample plants on level transitions	core/src/main/java/com/shatteredpixel/shatteredpixeldungeon/actors/hero/Hero.java	hotspot
ce6d400ec914e301f937917cae0a34763f0d7fb6	v2.1.4..v2.2.1	v2.2.1: updated translations, version, and changelog for v2.2.1 release!	build.gradle;core/src/main/assets/messages/actors/actors_cs.properties;core/src/main/assets/messages/actors/actors_hu.properties;core/src/main/assets/messages/actors/actors_in.properties;core/src/main/assets/messages/actors/actors_it.properties;core/src/main/assets/messages/actors/actors_ja.properties;core/src/main/assets/messages/actors/actors_ko.properties;core/src/main/assets/messages/actors/actors_pl.properties;core/src/main/assets/messages/actors/actors_pt.properties;core/src/main/assets/messages/actors/actors_ru.properties;core/src/main/assets/messages/actors/actors_tr.properties;core/src/main/assets/messages/actors/actors_uk.properties;core/src/main/assets/messages/actors/actors_zh.properties;core/src/main/assets/messages/items/items_hu.properties;core/src/main/assets/messages/items/items_pl.properties;core/src/main/assets/messages/items/items_pt.properties;core/src/main/assets/messages/items/items_uk.properties;core/src/main/assets/messages/journal/journal_in.properties;core/src/main/assets/messages/levels/levels_el.properties;core/src/main/assets/messages/levels/levels_hu.properties;core/src/main/assets/messages/levels/levels_pl.properties;core/src/main/assets/messages/levels/levels_zh.properties;core/src/main/assets/messages/misc/misc_hu.properties;core/src/main/assets/messages/misc/misc_in.properties;core/src/main/assets/messages/misc/misc_zh.properties;core/src/main/assets/messages/plants/plants_pt.properties;core/src/main/assets/messages/scenes/scenes_be.properties;core/src/main/assets/messages/scenes/scenes_hu.properties;core/src/main/assets/messages/scenes/scenes_in.properties;core/src/main/assets/messages/scenes/scenes_pl.properties;core/src/main/assets/messages/windows/windows_hu.properties;core/src/main/assets/messages/windows/windows_pl.properties;core/src/main/java/com/shatteredpixel/shatteredpixeldungeon/scenes/WelcomeScene.java;core/src/main/java/com/shatteredpixel/shatteredpixeldungeon/ui/changelist/v2_X_Changes.java	slice2-candidate
1fca4c4f88205b09a7bafcb522d0472211984b1f	v2.1.4..v2.2.1	v2.2.1: increased the toxic gas that can spread from the rot heart	core/src/main/java/com/shatteredpixel/shatteredpixeldungeon/actors/mobs/RotHeart.java	general
9ca4c6121fb60a803ab0c848ffa86567ec0f8a00	v2.1.4..v2.2.1	v2.2.1: some balance changes to blacksmith rewards: - cost for second reforge/harden up to 1500 from 1000 - upgrade now caps at +2, down from +3 - chance for smith to produce a +0 item up to 30%, from 20% - chance for smith to produce a +1 item down to 45%, from 55%	core/src/main/assets/messages/windows/windows_be.properties;core/src/main/assets/messages/windows/windows_cs.properties;core/src/main/assets/messages/windows/windows_de.properties;core/src/main/assets/messages/windows/windows_el.properties;core/src/main/assets/messages/windows/windows_es.properties;core/src/main/assets/messages/windows/windows_fr.properties;core/src/main/assets/messages/windows/windows_hu.properties;core/src/main/assets/messages/windows/windows_in.properties;core/src/main/assets/messages/windows/windows_it.properties;core/src/main/assets/messages/windows/windows_ja.properties;core/src/main/assets/messages/windows/windows_ko.properties;core/src/main/assets/messages/windows/windows_nl.properties;core/src/main/assets/messages/windows/windows_pl.properties;core/src/main/assets/messages/windows/windows_pt.properties;core/src/main/assets/messages/windows/windows_ru.properties;core/src/main/assets/messages/windows/windows_tr.properties;core/src/main/assets/messages/windows/windows_uk.properties;core/src/main/assets/messages/windows/windows_vi.properties;core/src/main/assets/messages/windows/windows_zh.properties;core/src/main/assets/messages/windows/windows.properties;core/src/main/java/com/shatteredpixel/shatteredpixeldungeon/actors/mobs/npcs/Blacksmith.java;core/src/main/java/com/shatteredpixel/shatteredpixeldungeon/windows/WndBlacksmith.java	general
936d6a014bdabe1ece107aa0c59e416150200fe5	v2.1.4..v2.2.1	v2.2.1: fixed some game actions being possible while meditating.	core/src/main/java/com/shatteredpixel/shatteredpixeldungeon/actors/buffs/MonkEnergy.java	general
73b3dcb92cd431e8af75fb7d93d7172c89c21f27	v2.1.4..v2.2.1	v2.2.1: fixed copyAndroidNatives task not automatically running	android/build.gradle	platform
8473bc27ef2ab293b8f722370da3b736bcb55360	v2.1.4..v2.2.1	v2.2.1: new quest bosses now interrupt hero when telepgraphing attacks	core/src/main/java/com/shatteredpixel/shatteredpixeldungeon/actors/mobs/CrystalSpire.java;core/src/main/java/com/shatteredpixel/shatteredpixeldungeon/actors/mobs/Elemental.java	general
735515df65a693f4dae7acb44a40a3e0448af0d9	v2.1.4..v2.2.1	v2.2.1: fixed level load failsafe logic wrongly triggering in new quest	core/src/main/java/com/shatteredpixel/shatteredpixeldungeon/Dungeon.java	hotspot
37a4dc6361a6ad84fd17f381ad7ef3db11f1cbaa	v2.1.4..v2.2.1	v2.2.1: fixed crashes if spire is killed right after loading game	core/src/main/java/com/shatteredpixel/shatteredpixeldungeon/actors/mobs/CrystalSpire.java	general
f3f6106730c1905a983cedb594b1647e469c68ef	v2.1.4..v2.2.1	v2.2.1: changing inventory pane bags now cancels cell selectors	core/src/main/java/com/shatteredpixel/shatteredpixeldungeon/ui/InventoryPane.java	general
c166cc9e02abd061b09c2f8030e79589be1d50a6	v2.1.4..v2.2.1	v2.2.1: adjusted the grouping order for indicators to be bottom -> top	core/src/main/java/com/shatteredpixel/shatteredpixeldungeon/scenes/GameScene.java	general
5410353c02bd4111875c1c1672881f5b3673c8d1	v2.1.4..v2.2.1	v2.2.1: fixed minor errors in crystal spire sprite	core/src/main/assets/sprites/crystal_spire.png	assets
7a05cdb4195daa946435974640b8607256047c2b	v2.1.4..v2.2.1	v2.2.1: fixed mage's staff melee benefiting from wand boosts	core/src/main/assets/messages/actors/actors.properties;core/src/main/java/com/shatteredpixel/shatteredpixeldungeon/items/weapon/melee/MagesStaff.java	general
544a435c0aff6659a62b57320a9efdf081a7f108	v2.1.4..v2.2.1	v2.2.1: crystal spire now gives 20 exp	core/src/main/java/com/shatteredpixel/shatteredpixeldungeon/actors/mobs/CrystalSpire.java	general
e4b704e6aa54af13f68105570568d4fc4b5f3dc0	v2.1.4..v2.2.1	v2.2.1: fixed various blink effects working over magical fire	core/src/main/java/com/shatteredpixel/shatteredpixeldungeon/actors/buffs/Preparation.java;core/src/main/java/com/shatteredpixel/shatteredpixeldungeon/actors/hero/abilities/duelist/Challenge.java;core/src/main/java/com/shatteredpixel/shatteredpixeldungeon/actors/hero/abilities/rogue/SmokeBomb.java;core/src/main/java/com/shatteredpixel/shatteredpixeldungeon/items/weapon/melee/Dagger.java	general
54928eb660772173807f1df28bbc737a9d803ac3	v2.1.4..v2.2.1	v2.2.1: slightly improved the wording in heavy blow's description	core/src/main/assets/messages/items/items.properties	localization
897b7f1ed01e7ee60373e70271a67de8cf6267a5	v2.1.4..v2.2.1	v2.2.1: updated armored statues to use new statue generation logic	core/src/main/java/com/shatteredpixel/shatteredpixeldungeon/actors/mobs/ArmoredStatue.java	general
738724e664ce64764add8edfc48a1c2d0a79b860	v2.1.4..v2.2.1	v2.2.1: updated translator credits and language order	core/src/main/java/com/shatteredpixel/shatteredpixeldungeon/messages/Languages.java	general
7fa9f076b4340f8c65fd54878f0127b492a089e3	v2.1.4..v2.2.1	v2.2.1: fixed animation errors when vertigoed character were teleported	core/src/main/java/com/shatteredpixel/shatteredpixeldungeon/items/scrolls/ScrollOfTeleportation.java	general
e4b8f3107f2658d11235376915f2e34c2e7d4edd	v2.1.4..v2.2.1	v2.2.1: fixed various issues with iOS gestures (actually hopefully)	ios/src/main/java/com/shatteredpixel/shatteredpixeldungeon/ios/IOSLauncher.java;SPD-classes/src/main/java/com/watabou/input/InputHandler.java	platform
e0d703dc588c512ed95b5bb3313e0f687d8afcd8	v2.1.4..v2.2.1	v2.2.1: fixed dragon kick stun applying to down ghouls	core/src/main/java/com/shatteredpixel/shatteredpixeldungeon/actors/buffs/MonkEnergy.java	general
9101edc0ac9635794287358dc7d00d93947ef59d	v2.1.4..v2.2.1	v2.2.1: fixed crystal spire being vulernable to certain specific effects	core/src/main/java/com/shatteredpixel/shatteredpixeldungeon/actors/mobs/CrystalSpire.java	general
4b24abb7090e6e4980b11ec2b64ea5302724104a	v2.1.4..v2.2.1	v2.2.1: fixed light vfx occasionally lingering from wisp sprites	core/src/main/java/com/shatteredpixel/shatteredpixeldungeon/sprites/CrystalWispSprite.java	general
efdd4675fb58d8706edd124769d4af21aef29b61	v2.1.4..v2.2.1	v2.2.1: fixed weapon transmutation not preserving hardening	core/src/main/java/com/shatteredpixel/shatteredpixeldungeon/items/scrolls/ScrollOfTransmutation.java	general
ad669880fc48acd703087c71ed352f4fb272d7b1	v2.1.4..v2.2.1	v2.2.1: added some safety checks to crystal guardians and newborn fire	core/src/main/java/com/shatteredpixel/shatteredpixeldungeon/actors/mobs/CrystalGuardian.java;core/src/main/java/com/shatteredpixel/shatteredpixeldungeon/actors/mobs/Elemental.java	general
26ca3549aabf8a5b37fbe46c94bd04530eb18186	v2.1.4..v2.2.1	v2.2.1: fixed locked chests rarely spawning on caves quest entrance	core/src/main/java/com/shatteredpixel/shatteredpixeldungeon/levels/rooms/quest/BlacksmithRoom.java	general
b0a77799ec8d8fa17079aa22af58c2faf9a0dd2b	v2.1.4..v2.2.1	v2.2.1: fixed visual bugs with endure, and fixed re-using it	core/src/main/java/com/shatteredpixel/shatteredpixeldungeon/actors/hero/abilities/warrior/Endure.java	general
ef4ff6ae84c230798ef080d2b268d20feb0e8928	v2.1.4..v2.2.1	v2.2.0: updated version code for actual v2.2.0 release!	build.gradle;core/src/main/java/com/shatteredpixel/shatteredpixeldungeon/ShatteredPixelDungeon.java	build
5383932e4a72785e0cb0f438209287f568dd6b76	v2.1.4..v2.2.1	v2.2.0: updated boss low hp music with better looping	core/src/main/assets/music/caves_boss_finale.ogg;core/src/main/assets/music/city_boss_finale.ogg;core/src/main/assets/music/halls_boss_finale.ogg;ios/assets/music/caves_boss_finale.mp3;ios/assets/music/city_boss_finale.mp3;ios/assets/music/halls_boss_finale.mp3	platform
fac949aa507b2968bddd9b45f92f1ada33aa1942	v2.1.4..v2.2.1	v2.2.0: updated version, translations, and changelog for v2.2.0 release!	build.gradle;core/src/main/assets/messages/actors/actors_cs.properties;core/src/main/assets/messages/actors/actors_el.properties;core/src/main/assets/messages/actors/actors_uk.properties;core/src/main/assets/messages/actors/actors_vi.properties;core/src/main/assets/messages/actors/actors_zh.properties;core/src/main/assets/messages/items/items_vi.properties;core/src/main/assets/messages/items/items_zh.properties;core/src/main/assets/messages/scenes/scenes.properties;core/src/main/assets/messages/windows/windows_el.properties;core/src/main/assets/messages/windows/windows_ja.properties;core/src/main/assets/messages/windows/windows_vi.properties;core/src/main/java/com/shatteredpixel/shatteredpixeldungeon/scenes/WelcomeScene.java;core/src/main/java/com/shatteredpixel/shatteredpixeldungeon/ShatteredPixelDungeon.java;core/src/main/java/com/shatteredpixel/shatteredpixeldungeon/ui/changelist/v2_X_Changes.java	docs
3eba0fec2f7e5e9cab0a9439424bfb9f61e0e634	v2.1.4..v2.2.1	v2.2.0: more modest improvements to the crystal spire sprite	core/src/main/assets/sprites/crystal_spire.png	assets
427bb58e6d0758484d5767bd4e3b8f69f3d7b9c4	v2.1.4..v2.2.1	v2.2.0: fixed crystal guardians being woken by swarm intelligence	core/src/main/java/com/shatteredpixel/shatteredpixeldungeon/actors/mobs/CrystalGuardian.java;core/src/main/java/com/shatteredpixel/shatteredpixeldungeon/actors/mobs/CrystalSpire.java	general
c6117bac424c0b56174526c9dfdb7abdea8d6b06	v2.1.4..v2.2.1	v2.2.0: added some temporary scaling to crystal guardian sprites	core/src/main/java/com/shatteredpixel/shatteredpixeldungeon/sprites/CrystalGuardianSprite.java	general
0be5b51d69004812c957347294832c5c909802b8	v2.1.4..v2.2.1	v2.2.0: fixed red crystal wisps shooting green rays of light	core/src/main/java/com/shatteredpixel/shatteredpixeldungeon/sprites/CrystalWispSprite.java	general
7a0399e3cca6336b32c2221165c1da9d3b84e858	v2.1.4..v2.2.1	v2.2.0: crystal wisp light rays are now colored	core/src/main/java/com/shatteredpixel/shatteredpixeldungeon/sprites/CrystalWispSprite.java	general
c5fac25ed644e6012913f881d5bdca984c558f11	v2.1.4..v2.2.1	v2.2.0: fixed crystal spire and sentry visually turning	core/src/main/java/com/shatteredpixel/shatteredpixeldungeon/levels/rooms/special/SentryRoom.java;core/src/main/java/com/shatteredpixel/shatteredpixeldungeon/sprites/CrystalSpireSprite.java	general
386e086130a435a13b55839b38f0f69a88673ac1	v2.1.4..v2.2.1	v2.2.0: substantially improved crystal wisp visuals	core/src/main/assets/sprites/crystal_wisp.png;core/src/main/java/com/shatteredpixel/shatteredpixeldungeon/sprites/CrystalWispSprite.java;SPD-classes/src/main/java/com/watabou/noosa/Halo.java	assets
120c7dc24a3a0d1ce05ab3e0a9213a235240bd03	v2.1.4..v2.2.1	v2.2.0: fixed some edge cases with combined ring descriptions	core/src/main/assets/messages/items/items.properties;core/src/main/java/com/shatteredpixel/shatteredpixeldungeon/items/rings/Ring.java;core/src/main/java/com/shatteredpixel/shatteredpixeldungeon/items/rings/RingOfAccuracy.java;core/src/main/java/com/shatteredpixel/shatteredpixeldungeon/items/rings/RingOfArcana.java;core/src/main/java/com/shatteredpixel/shatteredpixeldungeon/items/rings/RingOfElements.java;core/src/main/java/com/shatteredpixel/shatteredpixeldungeon/items/rings/RingOfEnergy.java;core/src/main/java/com/shatteredpixel/shatteredpixeldungeon/items/rings/RingOfEvasion.java;core/src/main/java/com/shatteredpixel/shatteredpixeldungeon/items/rings/RingOfForce.java;core/src/main/java/com/shatteredpixel/shatteredpixeldungeon/items/rings/RingOfFuror.java;core/src/main/java/com/shatteredpixel/shatteredpixeldungeon/items/rings/RingOfHaste.java;core/src/main/java/com/shatteredpixel/shatteredpixeldungeon/items/rings/RingOfMight.java;core/src/main/java/com/shatteredpixel/shatteredpixeldungeon/items/rings/RingOfSharpshooting.java;core/src/main/java/com/shatteredpixel/shatteredpixeldungeon/items/rings/RingOfTenacity.java;core/src/main/java/com/shatteredpixel/shatteredpixeldungeon/items/rings/RingOfWealth.java	general
0589242ca1fbff4e15a3d766c91e90556796911d	v2.1.4..v2.2.1	v2.2.0: updated version, changelog, and translations for RC-1	build.gradle;core/src/main/assets/messages/actors/actors_el.properties;core/src/main/assets/messages/actors/actors_es.properties;core/src/main/assets/messages/actors/actors_in.properties;core/src/main/assets/messages/actors/actors_ko.properties;core/src/main/assets/messages/actors/actors_pl.properties;core/src/main/assets/messages/actors/actors_tr.properties;core/src/main/assets/messages/actors/actors_vi.properties;core/src/main/assets/messages/items/items_de.properties;core/src/main/assets/messages/items/items_el.properties;core/src/main/assets/messages/items/items_es.properties;core/src/main/assets/messages/items/items_ko.properties;core/src/main/assets/messages/items/items_vi.properties;core/src/main/assets/messages/levels/levels_el.properties;core/src/main/assets/messages/levels/levels_es.properties;core/src/main/assets/messages/levels/levels_ko.properties;core/src/main/assets/messages/levels/levels_vi.properties;core/src/main/assets/messages/misc/misc_in.properties;core/src/main/assets/messages/misc/misc_ja.properties;core/src/main/assets/messages/plants/plants_vi.properties;core/src/main/assets/messages/scenes/scenes_el.properties;core/src/main/assets/messages/scenes/scenes_es.properties;core/src/main/assets/messages/scenes/scenes_it.properties;core/src/main/assets/messages/scenes/scenes_vi.properties;core/src/main/assets/messages/windows/windows_el.properties;core/src/main/assets/messages/windows/windows_es.properties;core/src/main/assets/messages/windows/windows_ko.properties;core/src/main/assets/messages/windows/windows_vi.properties;core/src/main/java/com/shatteredpixel/shatteredpixeldungeon/messages/Languages.java;core/src/main/java/com/shatteredpixel/shatteredpixeldungeon/ui/changelist/v2_X_Changes.java	docs
c479c39316a03e5e87bda160221a4abce5917a48	v2.1.4..v2.2.1	v2.2.0: improved the sprites for crystal guardians and spire	core/src/main/assets/sprites/crystal_guardian.png;core/src/main/assets/sprites/crystal_spire.png	assets
190831a88c9ab7c0ed52edb10acc9aa84494cf19	v2.1.4..v2.2.1	v2.2.0: improved weapon quickslotting with metamorphed swift equip	core/src/main/java/com/shatteredpixel/shatteredpixeldungeon/items/quest/Pickaxe.java;core/src/main/java/com/shatteredpixel/shatteredpixeldungeon/items/weapon/melee/MagesStaff.java;core/src/main/java/com/shatteredpixel/shatteredpixeldungeon/items/weapon/melee/MeleeWeapon.java	general
3365c0c4ef3fe1a6b56bd8c0ee3c7bf2749e0d62	v2.1.4..v2.2.1	v2.2.0: substantially improved crystal terrain visuals	core/src/main/assets/environment/tiles_caves.png	assets
9f4ab7b1644d46602f172657e597370e732baa4f	v2.1.4..v2.2.1	v2.2.0: fixed MobTitle layout using non-scaled sprite width	core/src/main/java/com/shatteredpixel/shatteredpixeldungeon/windows/WndInfoMob.java	general
c49ad0fa12f4039ff6f1e23369d41af0666cc4f0	v2.1.4..v2.2.1	v2.2.0: added a check if the game closed while selecting smith rewards	core/src/main/java/com/shatteredpixel/shatteredpixeldungeon/actors/mobs/npcs/Blacksmith.java	general
9d11fb8069b3a104128b43abefa4c3ff7a1aed53	v2.1.4..v2.2.1	v2.2.0: quests now use the deck system for their equipment loot	core/src/main/java/com/shatteredpixel/shatteredpixeldungeon/actors/mobs/npcs/Blacksmith.java;core/src/main/java/com/shatteredpixel/shatteredpixeldungeon/actors/mobs/npcs/Ghost.java;core/src/main/java/com/shatteredpixel/shatteredpixeldungeon/actors/mobs/npcs/Imp.java;core/src/main/java/com/shatteredpixel/shatteredpixeldungeon/actors/mobs/npcs/Wandmaker.java;core/src/main/java/com/shatteredpixel/shatteredpixeldungeon/items/Generator.java;core/src/main/java/com/shatteredpixel/shatteredpixeldungeon/windows/WndBlacksmith.java	general
a86e20c79369043e4c6d815fd56beac0e50cb683	v2.1.4..v2.2.1	v2.2.0: improved code for levelgen statues and mimic vs. non-levelgen	core/src/main/java/com/shatteredpixel/shatteredpixeldungeon/actors/mobs/CrystalMimic.java;core/src/main/java/com/shatteredpixel/shatteredpixeldungeon/actors/mobs/GoldenMimic.java;core/src/main/java/com/shatteredpixel/shatteredpixeldungeon/actors/mobs/Mimic.java;core/src/main/java/com/shatteredpixel/shatteredpixeldungeon/actors/mobs/Statue.java;core/src/main/java/com/shatteredpixel/shatteredpixeldungeon/items/wands/CursedWand.java;core/src/main/java/com/shatteredpixel/shatteredpixeldungeon/levels/RegularLevel.java;core/src/main/java/com/shatteredpixel/shatteredpixeldungeon/levels/rooms/special/CrystalVaultRoom.java;core/src/main/java/com/shatteredpixel/shatteredpixeldungeon/levels/traps/DistortionTrap.java;core/src/main/java/com/shatteredpixel/shatteredpixeldungeon/levels/traps/GuardianTrap.java	slice2-candidate
ebd6c9e5be5e3015f9ffe7cc9513a9db4f14d56c	v2.1.4..v2.2.1	v2.2.0: etheral chains no longer do a pathfind check on mining floors	core/src/main/java/com/shatteredpixel/shatteredpixeldungeon/items/artifacts/EtherealChains.java	general
e7bd3857e35f2e68e1e81e3206fec08e3261d903	v2.1.4..v2.2.1	v2.2.0: fixed statues generating weapons whenever they were loaded	core/src/main/java/com/shatteredpixel/shatteredpixeldungeon/actors/mobs/Statue.java;core/src/main/java/com/shatteredpixel/shatteredpixeldungeon/levels/traps/GuardianTrap.java	general
265026843f0b62141cc56a41b95d718ac4055a57	v2.1.4..v2.2.1	v2.2.0: updated version, translations, and changelog for BETA-1.3	build.gradle;core/src/main/assets/messages/actors/actors_be.properties;core/src/main/assets/messages/actors/actors_cs.properties;core/src/main/assets/messages/actors/actors_de.properties;core/src/main/assets/messages/actors/actors_el.properties;core/src/main/assets/messages/actors/actors_es.properties;core/src/main/assets/messages/actors/actors_fr.properties;core/src/main/assets/messages/actors/actors_hu.properties;core/src/main/assets/messages/actors/actors_in.properties;core/src/main/assets/messages/actors/actors_it.properties;core/src/main/assets/messages/actors/actors_ja.properties;core/src/main/assets/messages/actors/actors_ko.properties;core/src/main/assets/messages/actors/actors_nl.properties;core/src/main/assets/messages/actors/actors_pl.properties;core/src/main/assets/messages/actors/actors_pt.properties;core/src/main/assets/messages/actors/actors_ru.properties;core/src/main/assets/messages/actors/actors_tr.properties;core/src/main/assets/messages/actors/actors_uk.properties;core/src/main/assets/messages/actors/actors_vi.properties;core/src/main/assets/messages/actors/actors_zh.properties;core/src/main/assets/messages/items/items_be.properties;core/src/main/assets/messages/items/items_cs.properties;core/src/main/assets/messages/items/items_de.properties;core/src/main/assets/messages/items/items_el.properties;core/src/main/assets/messages/items/items_es.properties;core/src/main/assets/messages/items/items_fr.properties;core/src/main/assets/messages/items/items_hu.properties;core/src/main/assets/messages/items/items_in.properties;core/src/main/assets/messages/items/items_it.properties;core/src/main/assets/messages/items/items_ja.properties;core/src/main/assets/messages/items/items_ko.properties;core/src/main/assets/messages/items/items_nl.properties;core/src/main/assets/messages/items/items_pl.properties;core/src/main/assets/messages/items/items_pt.properties;core/src/main/assets/messages/items/items_ru.properties;core/src/main/assets/messages/items/items_tr.properties;core/src/main/assets/messages/items/items_uk.properties;core/src/main/assets/messages/items/items_vi.properties;core/src/main/assets/messages/items/items_zh.properties;core/src/main/assets/messages/levels/levels_be.properties;core/src/main/assets/messages/levels/levels_cs.properties;core/src/main/assets/messages/levels/levels_de.properties;core/src/main/assets/messages/levels/levels_el.properties;core/src/main/assets/messages/levels/levels_fr.properties;core/src/main/assets/messages/levels/levels_it.properties;core/src/main/assets/messages/levels/levels_ja.properties;core/src/main/assets/messages/levels/levels_ko.properties;core/src/main/assets/messages/levels/levels_pt.properties;core/src/main/assets/messages/levels/levels_ru.properties;core/src/main/assets/messages/levels/levels_tr.properties;core/src/main/assets/messages/levels/levels_uk.properties;core/src/main/assets/messages/levels/levels_zh.properties;core/src/main/assets/messages/misc/misc_ja.properties;core/src/main/assets/messages/misc/misc_pt.properties;core/src/main/assets/messages/plants/plants_be.properties;core/src/main/assets/messages/scenes/scenes_be.properties;core/src/main/assets/messages/scenes/scenes_cs.properties;core/src/main/assets/messages/scenes/scenes_de.properties;core/src/main/assets/messages/scenes/scenes_el.properties;core/src/main/assets/messages/scenes/scenes_es.properties;core/src/main/assets/messages/scenes/scenes_fr.properties;core/src/main/assets/messages/scenes/scenes_hu.properties;core/src/main/assets/messages/scenes/scenes_it.properties;core/src/main/assets/messages/scenes/scenes_ja.properties;core/src/main/assets/messages/scenes/scenes_ko.properties;core/src/main/assets/messages/scenes/scenes_pl.properties;core/src/main/assets/messages/scenes/scenes_pt.properties;core/src/main/assets/messages/scenes/scenes_ru.properties;core/src/main/assets/messages/scenes/scenes_tr.properties;core/src/main/assets/messages/scenes/scenes_uk.properties;core/src/main/assets/messages/scenes/scenes_vi.properties;core/src/main/assets/messages/scenes/scenes_zh.properties;core/src/main/assets/messages/ui/ui_be.properties;core/src/main/assets/messages/windows/windows_be.properties;core/src/main/assets/messages/windows/windows_cs.properties;core/src/main/assets/messages/windows/windows_de.properties;core/src/main/assets/messages/windows/windows_el.properties;core/src/main/assets/messages/windows/windows_es.properties;core/src/main/assets/messages/windows/windows_fr.properties;core/src/main/assets/messages/windows/windows_it.properties;core/src/main/assets/messages/windows/windows_ja.properties;core/src/main/assets/messages/windows/windows_ko.properties;core/src/main/assets/messages/windows/windows_pt.properties;core/src/main/assets/messages/windows/windows_ru.properties;core/src/main/assets/messages/windows/windows_tr.properties;core/src/main/assets/messages/windows/windows_uk.properties;core/src/main/assets/messages/windows/windows_vi.properties;core/src/main/assets/messages/windows/windows_zh.properties;core/src/main/java/com/shatteredpixel/shatteredpixeldungeon/messages/Languages.java;core/src/main/java/com/shatteredpixel/shatteredpixeldungeon/scenes/WelcomeScene.java;core/src/main/java/com/shatteredpixel/shatteredpixeldungeon/ui/changelist/v2_X_Changes.java	docs
a768e9d3981421c746f40833a2dd5bc85d9b27df	v2.1.4..v2.2.1	v2.2.0: improved interactions between monk abilities and time freeze	core/src/main/java/com/shatteredpixel/shatteredpixeldungeon/actors/buffs/MonkEnergy.java	general
cbbbb222988648ba9d5ff18f98a07545977f4096	v2.1.4..v2.2.1	v2.2.0: improved music logic when fade effects apply in quick succession	SPD-classes/src/main/java/com/watabou/noosa/audio/Music.java	general
4a67ff18ac1ec4255b262528aaef97f67b5b7683	v2.1.4..v2.2.1	v2.2.0: darkened crystals in new mining area	core/src/main/assets/environment/tiles_caves.png	assets
1fe28594a36789d4944dd5b48a1e223709dfdaf5	v2.1.4..v2.2.1	v2.2.0: crystal balance tweaks: - guardian damage down by 13.3% - 1 fewer wisp spawns on level start - wisp respawn delay increased by 50%	core/src/main/java/com/shatteredpixel/shatteredpixeldungeon/actors/mobs/CrystalGuardian.java;core/src/main/java/com/shatteredpixel/shatteredpixeldungeon/levels/MiningLevel.java	hotspot
133e3d73133f16d84e26529dfc424a5c3e1035e5	v2.1.4..v2.2.1	v2.2.0: added missing code from ShopRoom to support ImpShop changes	core/src/main/java/com/shatteredpixel/shatteredpixeldungeon/levels/rooms/special/ShopRoom.java	general
59b6065a9a0850d6903248e21854c9464d2df035	v2.1.4..v2.2.1	v2.2.0: reduced the forbidden runes challenge's impact on levelgen	core/src/main/java/com/shatteredpixel/shatteredpixeldungeon/Dungeon.java;core/src/main/java/com/shatteredpixel/shatteredpixeldungeon/levels/Level.java	hotspot
b9b512a418ae95e44057e521b27abc7624257bf9	v2.1.4..v2.2.1	v2.2.0: fixed various errors with item placement in crystal path rooms	core/src/main/java/com/shatteredpixel/shatteredpixeldungeon/levels/rooms/special/CrystalPathRoom.java	general
a6d7116d38dcf186211418b9a6d5bd7d135ac9c5	v2.1.4..v2.2.1	v2.2.0: fixed into darkness challenge affecting broader levelgen	core/src/main/java/com/shatteredpixel/shatteredpixeldungeon/levels/Level.java;core/src/main/java/com/shatteredpixel/shatteredpixeldungeon/levels/RegularLevel.java	hotspot
e5e6d73b1972d2e0b1ad0313db73464fa43cf010	v2.1.4..v2.2.1	v2.2.0: fixed barren land challenge affecting broader levelgen	core/src/main/java/com/shatteredpixel/shatteredpixeldungeon/levels/Level.java	hotspot
e9e71ca26243a9bbf6c312d2326cb965b2ba5e36	v2.1.4..v2.2.1	v2.2.0: fixed distortion statues incorrectly affecting weapon decks	core/src/main/java/com/shatteredpixel/shatteredpixeldungeon/actors/mobs/Statue.java;core/src/main/java/com/shatteredpixel/shatteredpixeldungeon/levels/traps/DistortionTrap.java	general
baea3b7e83cd4f3421b4c5ab6e452357365c245c	v2.1.4..v2.2.1	v2.2.0: fixed imp shop not generating items during levelgen	core/src/main/java/com/shatteredpixel/shatteredpixeldungeon/levels/CityBossLevel.java;core/src/main/java/com/shatteredpixel/shatteredpixeldungeon/levels/rooms/standard/ImpShopRoom.java	hotspot
cf7ddd4dbd5e21bed004833f3091bb8a23177223	v2.1.4..v2.2.1	v2.2.0: fixed a few cases of non-levelgen drops interacting with decks	core/src/main/java/com/shatteredpixel/shatteredpixeldungeon/actors/mobs/Statue.java;core/src/main/java/com/shatteredpixel/shatteredpixeldungeon/actors/mobs/Warlock.java;core/src/main/java/com/shatteredpixel/shatteredpixeldungeon/items/scrolls/ScrollOfTransmutation.java;core/src/main/java/com/shatteredpixel/shatteredpixeldungeon/items/wands/CursedWand.java;core/src/main/java/com/shatteredpixel/shatteredpixeldungeon/levels/traps/GuardianTrap.java	slice2-candidate
52e76fe0f9c4fe8c40406c1c1a96aeef4b952747	v2.1.4..v2.2.1	v2.2.0: crystal guardians can longer be surprised while recovering	core/src/main/java/com/shatteredpixel/shatteredpixeldungeon/actors/mobs/CrystalGuardian.java	general
8a07131c53fc4b56d25690aa067b2c2ebe8830dc	v2.1.4..v2.2.1	v2.2.0: added some very basic levelgen code for fungus quest	core/src/main/java/com/shatteredpixel/shatteredpixeldungeon/actors/mobs/npcs/Blacksmith.java;core/src/main/java/com/shatteredpixel/shatteredpixeldungeon/levels/MiningLevel.java;core/src/main/java/com/shatteredpixel/shatteredpixeldungeon/levels/rooms/quest/MineGiantRoom.java;core/src/main/java/com/shatteredpixel/shatteredpixeldungeon/levels/rooms/quest/MineLargeRoom.java;core/src/main/java/com/shatteredpixel/shatteredpixeldungeon/levels/rooms/quest/MineSecretRoom.java	hotspot
876811703f5aeb32cb6eb3a9d9211dc21c02ce81	v2.1.4..v2.2.1	v2.2.0: added a welcome msg for v2.2.0	core/src/main/assets/messages/scenes/scenes.properties	localization
d912818f577ef1ef1d36a9e361433437956b097e	v2.1.4..v2.2.1	v2.2.0: fixed followup strike rarely not clearing when enemies die	core/src/main/java/com/shatteredpixel/shatteredpixeldungeon/actors/hero/Talent.java	general
e124533d586e12971071e1c09bbce49ce9b45df2	v2.1.4..v2.2.1	v2.2.0: added some additional examine text for caves quest walls	core/src/main/assets/messages/levels/levels.properties;core/src/main/java/com/shatteredpixel/shatteredpixeldungeon/levels/MiningLevel.java	hotspot
a1da9b95560544d78263aa329b13396845ec24b4	v2.1.4..v2.2.1	v2.2.0: added the first enemy for the gnoll caves quest variant	core/src/main/assets/messages/actors/actors.properties;core/src/main/assets/sprites/gnoll_guard.png;core/src/main/java/com/shatteredpixel/shatteredpixeldungeon/actors/mobs/GnollGuard.java;core/src/main/java/com/shatteredpixel/shatteredpixeldungeon/Assets.java;core/src/main/java/com/shatteredpixel/shatteredpixeldungeon/levels/MiningLevel.java;core/src/main/java/com/shatteredpixel/shatteredpixeldungeon/sprites/GnollGuardSprite.java	assets
dfa2b1c16ee4e98995254678c1af9a4e4242be92	v2.1.4..v2.2.1	v2.2.0: added a safety check for CharSprite moving	core/src/main/java/com/shatteredpixel/shatteredpixeldungeon/actors/Char.java	hotspot
fbebb12d93ab2ba51286731abea92b72a5abafed	v2.1.4..v2.2.1	v2.2.0: multiple improvements to clarity and window flow for blacksmith	core/src/main/assets/messages/actors/actors.properties;core/src/main/assets/messages/items/items.properties;core/src/main/assets/messages/windows/windows.properties;core/src/main/java/com/shatteredpixel/shatteredpixeldungeon/actors/mobs/npcs/Blacksmith.java;core/src/main/java/com/shatteredpixel/shatteredpixeldungeon/windows/WndBlacksmith.java	general
b1058f5b08a3bc3666477ee7afd79a064b9ce80e	v2.1.4..v2.2.1	v2.2.0: improved walkable space in blacksmith room for corner entrances	core/src/main/java/com/shatteredpixel/shatteredpixeldungeon/levels/rooms/quest/BlacksmithRoom.java	general
c016ca9c1e9cd4679969f16bc450d9b9d03a5804	v2.1.4..v2.2.1	v2.2.0: fixed blacksmith's upgrade option not triggering badges	core/src/main/java/com/shatteredpixel/shatteredpixeldungeon/windows/WndBlacksmith.java	general
730173e8a3e609e33e1a91468913cd8c53aff544	v2.1.4..v2.2.1	v2.2.0: fixed a typo in monk description	core/src/main/assets/messages/actors/actors.properties	localization
28ebf264f9b197de46c6ebd377ebd10e7141aaa6	v2.1.4..v2.2.1	v2.2.0: crystal guardians no longer show heal particles out of FOV	core/src/main/java/com/shatteredpixel/shatteredpixeldungeon/actors/mobs/CrystalGuardian.java	general
88f916088cf3ee8636874ac336174e5c2796936f	v2.1.4..v2.2.1	v2.2.0: crystal spire now only downs guardians it can see on death	core/src/main/java/com/shatteredpixel/shatteredpixeldungeon/actors/mobs/CrystalSpire.java	general
d51e397c26be2c79f606825b482776fe5c051c11	v2.1.4..v2.2.1	v2.2.0: early code for gnoll caves quest levelgen	core/src/main/java/com/shatteredpixel/shatteredpixeldungeon/levels/painters/MiningLevelPainter.java;core/src/main/java/com/shatteredpixel/shatteredpixeldungeon/levels/painters/RegularPainter.java;core/src/main/java/com/shatteredpixel/shatteredpixeldungeon/levels/rooms/quest/MineEntrance.java;core/src/main/java/com/shatteredpixel/shatteredpixeldungeon/levels/rooms/quest/MineGiantRoom.java;core/src/main/java/com/shatteredpixel/shatteredpixeldungeon/levels/rooms/quest/MineLargeRoom.java;core/src/main/java/com/shatteredpixel/shatteredpixeldungeon/levels/rooms/quest/MineSecretRoom.java;core/src/main/java/com/shatteredpixel/shatteredpixeldungeon/levels/rooms/quest/MineSmallRoom.java;core/src/main/java/com/shatteredpixel/shatteredpixeldungeon/levels/rooms/Room.java;SPD-classes/src/main/java/com/watabou/utils/Point.java	general
e0f7f2d6202c655b7fd60a2d34a64c5f1eaa470d	v2.1.4..v2.2.1	v2.2.0: CavesPainter no longer walls up corners if there is a connection	core/src/main/java/com/shatteredpixel/shatteredpixeldungeon/levels/painters/CavesPainter.java;core/src/main/java/com/shatteredpixel/shatteredpixeldungeon/levels/painters/MiningLevelPainter.java	general
9181882870fac86d331e5406b3cdf90fdc25774c	v2.1.4..v2.2.1	v2.2.0: added some more explanatory text for the mining mechanic	core/src/main/assets/messages/actors/actors.properties	localization
3de2cae9ea43c26d4ecdaf70dd0fb5d25373ac75	v2.1.4..v2.2.1	v2.2.0: crystal guardians are no longer attackable by allies when downed	core/src/main/java/com/shatteredpixel/shatteredpixeldungeon/actors/mobs/CrystalGuardian.java	general
098ab9d772267cd73b4f41d7cb29b30d8e067ffb	v2.1.4..v2.2.1	v2.2.0: fixed a variety of small bugs:	core/src/main/assets/messages/actors/actors.properties;core/src/main/java/com/shatteredpixel/shatteredpixeldungeon/actors/mobs/CrystalGuardian.java;core/src/main/java/com/shatteredpixel/shatteredpixeldungeon/actors/mobs/CrystalSpire.java;core/src/main/java/com/shatteredpixel/shatteredpixeldungeon/items/spells/BeaconOfReturning.java;core/src/main/java/com/shatteredpixel/shatteredpixeldungeon/windows/WndBlacksmith.java	general
538914864a1e54ac10fd4fbe2e2b54e6643f0f45	v2.1.4..v2.2.1	v2.2.0: fixed cancelling non-anonymized scrolls spending time	core/src/main/java/com/shatteredpixel/shatteredpixeldungeon/items/scrolls/InventoryScroll.java	general
b2c983ac4af83b3b8d21d5653dd1aff0b733f201	v2.1.4..v2.2.1	v2.2.0: fixed a typo in new blacksmith text	core/src/main/assets/messages/actors/actors.properties	localization
238e5a9862990c57c4b2831bc36462af8dbf6c84	v2.1.4..v2.2.1	v2.2.0: updated translations, version, and changelog for BETA-1.2	build.gradle;core/src/main/assets/messages/actors/actors_be.properties;core/src/main/assets/messages/actors/actors_cs.properties;core/src/main/assets/messages/actors/actors_de.properties;core/src/main/assets/messages/actors/actors_el.properties;core/src/main/assets/messages/actors/actors_es.properties;core/src/main/assets/messages/actors/actors_fr.properties;core/src/main/assets/messages/actors/actors_hu.properties;core/src/main/assets/messages/actors/actors_in.properties;core/src/main/assets/messages/actors/actors_it.properties;core/src/main/assets/messages/actors/actors_ja.properties;core/src/main/assets/messages/actors/actors_ko.properties;core/src/main/assets/messages/actors/actors_nl.properties;core/src/main/assets/messages/actors/actors_pl.properties;core/src/main/assets/messages/actors/actors_pt.properties;core/src/main/assets/messages/actors/actors_ru.properties;core/src/main/assets/messages/actors/actors_tr.properties;core/src/main/assets/messages/actors/actors_uk.properties;core/src/main/assets/messages/actors/actors_vi.properties;core/src/main/assets/messages/actors/actors_zh.properties;core/src/main/assets/messages/items/items_de.properties;core/src/main/assets/messages/items/items_es.properties;core/src/main/assets/messages/items/items_it.properties;core/src/main/assets/messages/items/items_pt.properties;core/src/main/assets/messages/items/items_ru.properties;core/src/main/assets/messages/items/items_tr.properties;core/src/main/assets/messages/items/items_uk.properties;core/src/main/assets/messages/items/items_vi.properties;core/src/main/assets/messages/journal/journal_uk.properties;core/src/main/assets/messages/levels/levels_cs.properties;core/src/main/assets/messages/levels/levels_de.properties;core/src/main/assets/messages/levels/levels_el.properties;core/src/main/assets/messages/levels/levels_es.properties;core/src/main/assets/messages/levels/levels_it.properties;core/src/main/assets/messages/levels/levels_tr.properties;core/src/main/assets/messages/levels/levels_vi.properties;core/src/main/assets/messages/scenes/scenes_uk.properties;core/src/main/assets/messages/ui/ui_uk.properties;core/src/main/assets/messages/windows/windows_be.properties;core/src/main/assets/messages/windows/windows_cs.properties;core/src/main/assets/messages/windows/windows_de.properties;core/src/main/assets/messages/windows/windows_el.properties;core/src/main/assets/messages/windows/windows_es.properties;core/src/main/assets/messages/windows/windows_fr.properties;core/src/main/assets/messages/windows/windows_it.properties;core/src/main/assets/messages/windows/windows_ja.properties;core/src/main/assets/messages/windows/windows_ko.properties;core/src/main/assets/messages/windows/windows_pl.properties;core/src/main/assets/messages/windows/windows_ru.properties;core/src/main/assets/messages/windows/windows_tr.properties;core/src/main/assets/messages/windows/windows_uk.properties;core/src/main/assets/messages/windows/windows_vi.properties;core/src/main/assets/messages/windows/windows_zh.properties;core/src/main/java/com/shatteredpixel/shatteredpixeldungeon/ui/changelist/v2_X_Changes.java	slice2-candidate
7f28dcd1d7048fee42584326952d3e6850137025	v2.1.4..v2.2.1	v2.2.0: fixed crystal spire moving immovable chars	core/src/main/java/com/shatteredpixel/shatteredpixeldungeon/actors/mobs/CrystalSpire.java	general
5e6577c01378494587983ed79972dd64b7299f86	v2.1.4..v2.2.1	v2.2.0: crystal wisp ranged attack is now affected by antimagic	core/src/main/java/com/shatteredpixel/shatteredpixeldungeon/items/armor/glyphs/AntiMagic.java	general
abdad5350af0a9ebf1389e2513fabd3aa9a4061a	v2.1.4..v2.2.1	v2.2.0: various balance changes to the new caves quest	core/src/main/java/com/shatteredpixel/shatteredpixeldungeon/actors/hero/Hero.java;core/src/main/java/com/shatteredpixel/shatteredpixeldungeon/actors/mobs/CrystalSpire.java;core/src/main/java/com/shatteredpixel/shatteredpixeldungeon/actors/mobs/CrystalWisp.java;core/src/main/java/com/shatteredpixel/shatteredpixeldungeon/sprites/CrystalSpireSprite.java	hotspot
52bd1066e279890dcdf16f6d405c7de1bc9c21e4	v2.1.4..v2.2.1	v2.2.0: fixed a typo in spire desc	core/src/main/assets/messages/actors/actors.properties	localization
4eb37871fa99d8b7ddbf8289ae378c1032465e73	v2.1.4..v2.2.1	v2.2.0: fixed rogue's foresight triggering on mining level	core/src/main/java/com/shatteredpixel/shatteredpixeldungeon/scenes/GameScene.java	general
2b081bc1b5bc44cab5cc8d5846219edee8979e1c	v2.1.4..v2.2.1	v2.2.0: various small clarity improvements to blacksmith quest rewards	core/src/main/assets/messages/actors/actors.properties;core/src/main/assets/messages/windows/windows.properties;core/src/main/java/com/shatteredpixel/shatteredpixeldungeon/actors/mobs/npcs/Blacksmith.java;core/src/main/java/com/shatteredpixel/shatteredpixeldungeon/windows/WndBlacksmith.java	general
e3022a6cd6f181d94a79a82e76078f39ab2e8f15	v2.1.4..v2.2.1	v2.2.0: added a safety check to CellSelector	core/src/main/java/com/shatteredpixel/shatteredpixeldungeon/scenes/CellSelector.java	general
5b196428beccd0eaa5e27b69b67ca791c1228b74	v2.1.4..v2.2.1	v2.2.0: fixed throwItems not working with new enclosed crystal areas	core/src/main/java/com/shatteredpixel/shatteredpixeldungeon/actors/Char.java	hotspot
0142b9a9efbfe3d0db06d45be4568e0b04c9c6c0	v2.1.4..v2.2.1	v2.2.0: reverted AGP updates, fixes crashes on old Android versions	build.gradle	build
274835f9fb719d5084c42f260b737050bfaed372	v2.1.4..v2.2.1	v2.2.0: updated translations, version, and changelog for BETA-1.1	build.gradle;core/src/main/assets/messages/actors/actors_be.properties;core/src/main/assets/messages/actors/actors_cs.properties;core/src/main/assets/messages/actors/actors_el.properties;core/src/main/assets/messages/actors/actors_ja.properties;core/src/main/assets/messages/actors/actors_pl.properties;core/src/main/assets/messages/actors/actors_tr.properties;core/src/main/assets/messages/actors/actors_uk.properties;core/src/main/assets/messages/items/items_be.properties;core/src/main/assets/messages/items/items_cs.properties;core/src/main/assets/messages/items/items_el.properties;core/src/main/assets/messages/items/items_ja.properties;core/src/main/assets/messages/items/items_pt.properties;core/src/main/assets/messages/levels/levels_be.properties;core/src/main/assets/messages/levels/levels_cs.properties;core/src/main/assets/messages/levels/levels_ja.properties;core/src/main/java/com/shatteredpixel/shatteredpixeldungeon/messages/Languages.java;core/src/main/java/com/shatteredpixel/shatteredpixeldungeon/ui/changelist/v2_X_Changes.java	docs
6d7d2d9d2d8ee92fd1b7e0336cf205cbd805a549	v2.1.4..v2.2.1	v2.2.0: improved VFX for regrowth/fireblast when main ray is blocked	core/src/main/java/com/shatteredpixel/shatteredpixeldungeon/items/wands/WandOfFireblast.java;core/src/main/java/com/shatteredpixel/shatteredpixeldungeon/items/wands/WandOfRegrowth.java	general
744bd7ed015b25567381765debb126aa155d7cba	v2.1.4..v2.2.1	v2.2.0: fixed disarming traps not updating champion action indicator	core/src/main/java/com/shatteredpixel/shatteredpixeldungeon/levels/traps/DisarmingTrap.java	general
385ab558fd51fd8df1a9048e1e81be1af91b191e	v2.1.4..v2.2.1	v2.2.0: fixed various cases where the pickaxe could be lost, softlocking	core/src/main/java/com/shatteredpixel/shatteredpixeldungeon/actors/hero/Belongings.java;core/src/main/java/com/shatteredpixel/shatteredpixeldungeon/actors/hero/Hero.java;core/src/main/java/com/shatteredpixel/shatteredpixeldungeon/actors/hero/Talent.java;core/src/main/java/com/shatteredpixel/shatteredpixeldungeon/items/bags/Bag.java;core/src/main/java/com/shatteredpixel/shatteredpixeldungeon/items/EquipableItem.java;core/src/main/java/com/shatteredpixel/shatteredpixeldungeon/items/Item.java;core/src/main/java/com/shatteredpixel/shatteredpixeldungeon/items/LostBackpack.java;core/src/main/java/com/shatteredpixel/shatteredpixeldungeon/items/quest/Pickaxe.java;core/src/main/java/com/shatteredpixel/shatteredpixeldungeon/ui/InventoryPane.java;core/src/main/java/com/shatteredpixel/shatteredpixeldungeon/ui/InventorySlot.java;core/src/main/java/com/shatteredpixel/shatteredpixeldungeon/ui/QuickSlotButton.java;core/src/main/java/com/shatteredpixel/shatteredpixeldungeon/ui/Toolbar.java	hotspot
736bd37c8dad0ce40f8d1a40818a5d2a472e0cf9	v2.1.4..v2.2.1	v2.2.0: fixed debuffed sleeping guardians causing softlocks	core/src/main/java/com/shatteredpixel/shatteredpixeldungeon/actors/mobs/Mob.java	general
64b6f11040fcc6f76e41ab8565dc944229e30022	v2.1.4..v2.2.1	v2.2.0: mining levels now spawn a torch when into darkness is enabled	core/src/main/java/com/shatteredpixel/shatteredpixeldungeon/levels/MiningLevel.java	hotspot
6898833922c709d3c384493ddbda809d40594372	v2.1.4..v2.2.1	v2.2.0: fixed DK's golems not using his rankings desc	core/src/main/assets/messages/actors/actors.properties	localization
35022e8075e1f0375bfa30e01cb90f4728446246	v2.1.4..v2.2.1	v2.2.0: downed guardians now repel items & don't trigger on-hit effects	core/src/main/java/com/shatteredpixel/shatteredpixeldungeon/actors/Char.java;core/src/main/java/com/shatteredpixel/shatteredpixeldungeon/actors/mobs/CrystalGuardian.java	hotspot
8baea983c069dc9f28c88d7baa6beba13d6b9847	v2.1.4..v2.2.1	v2.2.0: downed crystal guardians now lose most debuffs	core/src/main/java/com/shatteredpixel/shatteredpixeldungeon/actors/mobs/CrystalGuardian.java	general
04a56c5ceaf202196783a5b55b9e01724388db0c	v2.1.4..v2.2.1	v2.2.0: fixed findstep also including avoid cells in all cases	core/src/main/java/com/shatteredpixel/shatteredpixeldungeon/Dungeon.java	hotspot
51cfd6eb4541cc25f7c68542c07d855241a0ee4f	v2.1.4..v2.2.1	v2.2.0: updated version number for BETA-1.0 re-release	build.gradle	build
cfbcbc92ebdbf4092bd12f025b4aeacab1fca039	v2.1.4..v2.2.1	v2.2.0: fixed a typo in blacksmith window	core/src/main/assets/messages/windows/windows.properties	localization
a3bc38c6a98db4c4b47788479efa65da48bc9908	v2.1.4..v2.2.1	v2.2.0: added arm64 in robovm.xml (builds were already using it)	ios/robovm.xml	platform
9871a99979db545b28ddbcfe1473b27d1964e9da	v2.1.4..v2.2.1	v2.2.0: fixed second upgrade costing 1500 favor instead of 2k	core/src/main/java/com/shatteredpixel/shatteredpixeldungeon/windows/WndBlacksmith.java	general
d67770f13e65975232221be137a7bbaa56a196dd	v2.1.4..v2.2.1	v2.2.0: updated translations, changelog, and version for BETA-1.0	build.gradle;core/src/main/assets/messages/actors/actors_de.properties;core/src/main/assets/messages/actors/actors_ru.properties;core/src/main/assets/messages/actors/actors_zh.properties;core/src/main/assets/messages/items/items_de.properties;core/src/main/assets/messages/items/items_pt.properties;core/src/main/assets/messages/items/items_ru.properties;core/src/main/assets/messages/items/items_zh.properties;core/src/main/assets/messages/levels/levels_de.properties;core/src/main/assets/messages/levels/levels_pt.properties;core/src/main/assets/messages/levels/levels_ru.properties;core/src/main/assets/messages/levels/levels_zh.properties;core/src/main/assets/messages/windows/windows_de.properties;core/src/main/java/com/shatteredpixel/shatteredpixeldungeon/scenes/WelcomeScene.java;core/src/main/java/com/shatteredpixel/shatteredpixeldungeon/ui/changelist/v2_X_Changes.java	docs
7f8aef933da83383557a84d047d5dc9f30f9b48e	v2.1.4..v2.2.1	v2.2.0: improved logic for crystal guardian recovering	core/src/main/java/com/shatteredpixel/shatteredpixeldungeon/actors/mobs/CrystalGuardian.java;core/src/main/java/com/shatteredpixel/shatteredpixeldungeon/sprites/CrystalGuardianSprite.java	general
182b55d2cab2a968cbf99e2477d16e9a235807d1	v2.1.4..v2.2.1	v2.2.0: fixed defeating crystal spire not counting for 1k favor	core/src/main/java/com/shatteredpixel/shatteredpixeldungeon/actors/mobs/npcs/Blacksmith.java	general
1f2c8702e5b70f05897d1b7ae783a39622c04773	v2.1.4..v2.2.1	v2.2.0: crystal spire's attack now penetrates armor	core/src/main/java/com/shatteredpixel/shatteredpixeldungeon/actors/mobs/CrystalSpire.java	general
dfa93f5c9454a523b950c1e305d7ecaf3c460327	v2.1.4..v2.2.1	v2.2.0: updated translations, changelog, and version for ALPHA-1.0	build.gradle;core/src/main/assets/messages/actors/actors_be.properties;core/src/main/assets/messages/actors/actors_cs.properties;core/src/main/assets/messages/actors/actors_de.properties;core/src/main/assets/messages/actors/actors_el.properties;core/src/main/assets/messages/actors/actors_es.properties;core/src/main/assets/messages/actors/actors_fr.properties;core/src/main/assets/messages/actors/actors_it.properties;core/src/main/assets/messages/actors/actors_ja.properties;core/src/main/assets/messages/actors/actors_ko.properties;core/src/main/assets/messages/actors/actors_pl.properties;core/src/main/assets/messages/actors/actors_pt.properties;core/src/main/assets/messages/actors/actors_ru.properties;core/src/main/assets/messages/actors/actors_tr.properties;core/src/main/assets/messages/actors/actors_vi.properties;core/src/main/assets/messages/actors/actors_zh.properties;core/src/main/assets/messages/items/items_be.properties;core/src/main/assets/messages/items/items_cs.properties;core/src/main/assets/messages/items/items_de.properties;core/src/main/assets/messages/items/items_el.properties;core/src/main/assets/messages/items/items_es.properties;core/src/main/assets/messages/items/items_fr.properties;core/src/main/assets/messages/items/items_hu.properties;core/src/main/assets/messages/items/items_in.properties;core/src/main/assets/messages/items/items_it.properties;core/src/main/assets/messages/items/items_ja.properties;core/src/main/assets/messages/items/items_ko.properties;core/src/main/assets/messages/items/items_nl.properties;core/src/main/assets/messages/items/items_pl.properties;core/src/main/assets/messages/items/items_pt.properties;core/src/main/assets/messages/items/items_ru.properties;core/src/main/assets/messages/items/items_tr.properties;core/src/main/assets/messages/items/items_uk.properties;core/src/main/assets/messages/items/items_vi.properties;core/src/main/assets/messages/items/items_zh.properties;core/src/main/assets/messages/levels/levels_be.properties;core/src/main/assets/messages/levels/levels_cs.properties;core/src/main/assets/messages/levels/levels_de.properties;core/src/main/assets/messages/levels/levels_el.properties;core/src/main/assets/messages/levels/levels_es.properties;core/src/main/assets/messages/levels/levels_fr.properties;core/src/main/assets/messages/levels/levels_it.properties;core/src/main/assets/messages/levels/levels_ja.properties;core/src/main/assets/messages/levels/levels_ko.properties;core/src/main/assets/messages/levels/levels_pl.properties;core/src/main/assets/messages/levels/levels_pt.properties;core/src/main/assets/messages/levels/levels_ru.properties;core/src/main/assets/messages/levels/levels_tr.properties;core/src/main/assets/messages/levels/levels_vi.properties;core/src/main/assets/messages/levels/levels_zh.properties;core/src/main/assets/messages/misc/misc_de.properties;core/src/main/assets/messages/misc/misc_fr.properties;core/src/main/assets/messages/misc/misc_ja.properties;core/src/main/assets/messages/private/private_be.properties;core/src/main/assets/messages/ui/ui_uk.properties;core/src/main/assets/messages/windows/windows_be.properties;core/src/main/assets/messages/windows/windows_de.properties;core/src/main/assets/messages/windows/windows_fr.properties;core/src/main/assets/messages/windows/windows_ru.properties;core/src/main/assets/messages/windows/windows_tr.properties;core/src/main/assets/messages/windows/windows_uk.properties;core/src/main/assets/messages/windows/windows_vi.properties;core/src/main/java/com/shatteredpixel/shatteredpixeldungeon/messages/Languages.java;core/src/main/java/com/shatteredpixel/shatteredpixeldungeon/scenes/WelcomeScene.java;core/src/main/java/com/shatteredpixel/shatteredpixeldungeon/ui/changelist/v2_X_Changes.java	docs
f9e65299492c7d3ca98bbd0382dd6fe711ef59da	v2.1.4..v2.2.1	v2.2.0: loads more refinement on the crystal spire fight.	core/src/main/assets/messages/actors/actors.properties;core/src/main/java/com/shatteredpixel/shatteredpixeldungeon/actors/mobs/CrystalGuardian.java;core/src/main/java/com/shatteredpixel/shatteredpixeldungeon/actors/mobs/CrystalSpire.java;core/src/main/java/com/shatteredpixel/shatteredpixeldungeon/levels/MiningLevel.java	hotspot
1ac19a002dad772c260dfa5cdd740487246c17d4	v2.1.4..v2.2.1	v2.2.0: improved gold mining: takes 1 turn and doesn't break crystal	core/src/main/java/com/shatteredpixel/shatteredpixeldungeon/actors/hero/Hero.java	hotspot
341a2134edf5f3b557b2bacf6902915524c566b3	v2.1.4..v2.2.1	v2.2.0: slightly improved mining level secret generation	core/src/main/java/com/shatteredpixel/shatteredpixeldungeon/levels/painters/MiningLevelPainter.java;core/src/main/java/com/shatteredpixel/shatteredpixeldungeon/levels/rooms/quest/MineSecretRoom.java	general
5ba584da58992a1b4de4e1c10e0690eb24e87986	v2.1.4..v2.2.1	v2.2.0: fixed hunger increases only processing damage on hunger tick	core/src/main/java/com/shatteredpixel/shatteredpixeldungeon/actors/buffs/Hunger.java	general
5d16bf99b04e471d56e581490bf9bcd2057627e9	v2.1.4..v2.2.1	v2.2.0: fixed various minor hiccups with new music system	core/src/main/java/com/shatteredpixel/shatteredpixeldungeon/items/quest/CeremonialCandle.java;core/src/main/java/com/shatteredpixel/shatteredpixeldungeon/levels/PrisonLevel.java;SPD-classes/src/main/java/com/watabou/noosa/audio/Music.java	hotspot
41602afd8c81571bace4914d0e20dfc183819f84	v2.1.4..v2.2.1	v2.2.0: visual changes so crystal spires can have adjacent terrain	core/src/main/assets/sprites/crystal_spire.png;core/src/main/java/com/shatteredpixel/shatteredpixeldungeon/actors/mobs/CrystalSpire.java;core/src/main/java/com/shatteredpixel/shatteredpixeldungeon/levels/rooms/quest/MineGiantRoom.java;core/src/main/java/com/shatteredpixel/shatteredpixeldungeon/sprites/CrystalSpireSprite.java;core/src/main/java/com/shatteredpixel/shatteredpixeldungeon/tiles/DungeonTileSheet.java;core/src/main/java/com/shatteredpixel/shatteredpixeldungeon/tiles/DungeonWallsTilemap.java;core/src/main/java/com/shatteredpixel/shatteredpixeldungeon/tiles/RaisedTerrainTilemap.java	assets
7f5c82ee8177a846975079070c8f05395e197bc8	v2.1.4..v2.2.1	v2.2.0: updated notarize.sh to automatically staple	desktop/notarize.sh	platform
cd2a70aea3c35e80729c73d0e36ca2a1509d2155	v2.1.4..v2.2.1	v2.2.0: fixed physical empower incorrectly stacking with itself.	core/src/main/java/com/shatteredpixel/shatteredpixeldungeon/actors/buffs/PhysicalEmpower.java	general
62df7a24cedaa149514d446c4badb115a43ab93b	v2.1.4..v2.2.1	v2.2.0: fixed sacrificial fire working for allies and other 0 xp targets	core/src/main/java/com/shatteredpixel/shatteredpixeldungeon/actors/blobs/SacrificialFire.java	general
1c3b420f2edac1a6cf52f88a04458993e28de76c	v2.1.4..v2.2.1	v2.2.0: opened up new blacksmith quest as it is now fully playable	core/src/main/java/com/shatteredpixel/shatteredpixeldungeon/actors/mobs/npcs/Blacksmith.java;core/src/main/java/com/shatteredpixel/shatteredpixeldungeon/levels/rooms/quest/BlacksmithRoom.java	general
069f2fdbc2ade2b270d2af25c16753108c87f8ab	v2.1.4..v2.2.1	v2.2.0: lots more crystal enemy mechanics implementation	core/src/main/assets/messages/actors/actors.properties;core/src/main/java/com/shatteredpixel/shatteredpixeldungeon/actors/hero/Hero.java;core/src/main/java/com/shatteredpixel/shatteredpixeldungeon/actors/mobs/CrystalGuardian.java;core/src/main/java/com/shatteredpixel/shatteredpixeldungeon/actors/mobs/CrystalSpire.java;core/src/main/java/com/shatteredpixel/shatteredpixeldungeon/actors/mobs/CrystalWisp.java	hotspot
3eec9c8d6e374f0251494f886af5244174de48cd	v2.1.4..v2.2.1	v2.2.0: implemented VFX, text, and some boss tweaks to the crystal quest	core/src/main/assets/messages/actors/actors.properties;core/src/main/assets/messages/levels/levels.properties;core/src/main/java/com/shatteredpixel/shatteredpixeldungeon/actors/mobs/CrystalGuardian.java;core/src/main/java/com/shatteredpixel/shatteredpixeldungeon/actors/mobs/CrystalSpire.java	general
2e90a74b7de0fe999e180b5fc2edab166897ddd5	v2.1.4..v2.2.1	v2.2.0: removed old boss health bar automatic bleeding behaviour	core/src/main/java/com/shatteredpixel/shatteredpixeldungeon/ui/BossHealthBar.java	general
cbbfaf2cd2eeba88fb73df72b38b138cdef4a884	v2.1.4..v2.2.1	v2.2.0: some more levelgen improvements to giant crystal mine rooms	core/src/main/java/com/shatteredpixel/shatteredpixeldungeon/levels/rooms/quest/MineGiantRoom.java	general
5c59b3e77764d783729acd4202302ed63e115096	v2.1.4..v2.2.1	v2.2.0: substantially improved mining level gold generation	core/src/main/java/com/shatteredpixel/shatteredpixeldungeon/levels/painters/MiningLevelPainter.java;core/src/main/java/com/shatteredpixel/shatteredpixeldungeon/levels/painters/RegularPainter.java	general
fac4c585157b739b787a1cbe53cbe00d3ff43968	v2.1.4..v2.2.1	v2.2.0: added aggroing behaviour when crystal spire is attacked	core/src/main/java/com/shatteredpixel/shatteredpixeldungeon/actors/mobs/CrystalGuardian.java;core/src/main/java/com/shatteredpixel/shatteredpixeldungeon/actors/mobs/CrystalSpire.java	general
6dcb16f70a837f808bcc3c8593628caae0d4bdd6	v2.1.4..v2.2.1	v2.2.0: numerous improvements to mining/crystal quest cave generation	core/src/main/java/com/shatteredpixel/shatteredpixeldungeon/levels/MiningLevel.java;core/src/main/java/com/shatteredpixel/shatteredpixeldungeon/levels/rooms/quest/MineEntrance.java;core/src/main/java/com/shatteredpixel/shatteredpixeldungeon/levels/rooms/quest/MineGiantRoom.java;core/src/main/java/com/shatteredpixel/shatteredpixeldungeon/levels/rooms/quest/MineLargeRoom.java;core/src/main/java/com/shatteredpixel/shatteredpixeldungeon/levels/rooms/quest/MineSmallRoom.java;core/src/main/java/com/shatteredpixel/shatteredpixeldungeon/sprites/CrystalGuardianSprite.java	hotspot
02bcd233785f39ba4b4b545e30357c370cd3b4e9	v2.1.4..v2.2.1	v2.2.0: added some null safety checks to quest music playback	core/src/main/java/com/shatteredpixel/shatteredpixeldungeon/actors/mobs/Elemental.java;core/src/main/java/com/shatteredpixel/shatteredpixeldungeon/actors/mobs/npcs/Ghost.java;core/src/main/java/com/shatteredpixel/shatteredpixeldungeon/actors/mobs/npcs/Wandmaker.java;core/src/main/java/com/shatteredpixel/shatteredpixeldungeon/items/quest/CorpseDust.java;core/src/main/java/com/shatteredpixel/shatteredpixeldungeon/levels/PrisonLevel.java	hotspot
a4db73be1aea88ce4219f1aa310c150b9f65afb1	v2.1.4..v2.2.1	v2.2.0: more crystal enemy impl	core/src/main/java/com/shatteredpixel/shatteredpixeldungeon/actors/mobs/CrystalGuardian.java;core/src/main/java/com/shatteredpixel/shatteredpixeldungeon/actors/mobs/CrystalWisp.java;core/src/main/java/com/shatteredpixel/shatteredpixeldungeon/sprites/CrystalGuardianSprite.java;core/src/main/java/com/shatteredpixel/shatteredpixeldungeon/sprites/CrystalWispSprite.java	general
c03acdc30fdd07720df4cb7135c3bf2a7ce9211a	v2.1.4..v2.2.1	v2.2.0: fixed cases where default keybinds could override custom ones	core/src/main/java/com/shatteredpixel/shatteredpixeldungeon/SPDAction.java	general
ab67766c66e1423f7c414eda1eb1a9751836c7cd	v2.1.4..v2.2.1	v2.2.0: fixed horn of plenty sometimes having the wrong item sprite	core/src/main/java/com/shatteredpixel/shatteredpixeldungeon/items/artifacts/HornOfPlenty.java	general
6827da804d2f9be45b672f65ab86fa226713dd92	v2.1.4..v2.2.1	v2.2.0: implemented a bunch of functionality for the crystal spire	core/src/main/assets/sprites/crystal_spire.png;core/src/main/java/com/shatteredpixel/shatteredpixeldungeon/actors/mobs/CrystalGuardian.java;core/src/main/java/com/shatteredpixel/shatteredpixeldungeon/actors/mobs/CrystalSpire.java;core/src/main/java/com/shatteredpixel/shatteredpixeldungeon/actors/mobs/npcs/Blacksmith.java;core/src/main/java/com/shatteredpixel/shatteredpixeldungeon/effects/Splash.java;core/src/main/java/com/shatteredpixel/shatteredpixeldungeon/sprites/CrystalSpireSprite.java;core/src/main/java/com/shatteredpixel/shatteredpixeldungeon/sprites/SpawnerSprite.java	assets
e45206016a33c0a1c6a8cdc1dfa6fc60402d1815	v2.1.4..v2.2.1	v2.2.0: added a new tile type that matches empty but cannot be modified	core/src/main/java/com/shatteredpixel/shatteredpixeldungeon/levels/Level.java;core/src/main/java/com/shatteredpixel/shatteredpixeldungeon/levels/rooms/quest/MassGraveRoom.java;core/src/main/java/com/shatteredpixel/shatteredpixeldungeon/levels/rooms/quest/MineGiantRoom.java;core/src/main/java/com/shatteredpixel/shatteredpixeldungeon/levels/rooms/quest/RitualSiteRoom.java;core/src/main/java/com/shatteredpixel/shatteredpixeldungeon/levels/Terrain.java;core/src/main/java/com/shatteredpixel/shatteredpixeldungeon/tiles/DungeonTileSheet.java	hotspot
f2d0a821fbe45f493f6b0e201780ad23e20e29fa	v2.1.4..v2.2.1	v2.2.0: mobs now spend a tick if they trigger escape logic	core/src/main/java/com/shatteredpixel/shatteredpixeldungeon/actors/mobs/Mob.java	general
4c86cba1cf29669f11a823914ef228e3624d08d3	v2.1.4..v2.2.1	v2.2.0: early incomplete implementations for crystal enemies	core/src/main/assets/messages/actors/actors.properties;core/src/main/assets/sprites/crystal_guardian.png;core/src/main/assets/sprites/crystal_spire.png;core/src/main/assets/sprites/crystal_wisp.png;core/src/main/java/com/shatteredpixel/shatteredpixeldungeon/actors/Char.java;core/src/main/java/com/shatteredpixel/shatteredpixeldungeon/actors/mobs/CrystalGuardian.java;core/src/main/java/com/shatteredpixel/shatteredpixeldungeon/actors/mobs/CrystalSpire.java;core/src/main/java/com/shatteredpixel/shatteredpixeldungeon/actors/mobs/CrystalWisp.java;core/src/main/java/com/shatteredpixel/shatteredpixeldungeon/Assets.java;core/src/main/java/com/shatteredpixel/shatteredpixeldungeon/Dungeon.java;core/src/main/java/com/shatteredpixel/shatteredpixeldungeon/levels/MiningLevel.java;core/src/main/java/com/shatteredpixel/shatteredpixeldungeon/levels/rooms/quest/MineGiantRoom.java;core/src/main/java/com/shatteredpixel/shatteredpixeldungeon/levels/rooms/quest/MineLargeRoom.java;core/src/main/java/com/shatteredpixel/shatteredpixeldungeon/sprites/CrystalGuardianSprite.java;core/src/main/java/com/shatteredpixel/shatteredpixeldungeon/sprites/CrystalSpireSprite.java;core/src/main/java/com/shatteredpixel/shatteredpixeldungeon/sprites/CrystalWispSprite.java;core/src/main/java/com/shatteredpixel/shatteredpixeldungeon/ui/AttackIndicator.java;core/src/main/java/com/shatteredpixel/shatteredpixeldungeon/windows/WndInfoMob.java	assets
6c4c4be6f6f6548fdf84fbdc3898076f77e29b83	v2.1.4..v2.2.1	v2.2.0: fixed crashes with text input and controllers	SPD-classes/src/main/java/com/watabou/input/ControllerHandler.java	general
b26b943eeeafbde0d3170eacaae7ec317d8e3e44	v2.1.4..v2.2.1	v2.2.0: updated translations, version, and changelog for BETA-0.5	build.gradle;core/src/main/assets/messages/actors/actors_be.properties;core/src/main/assets/messages/actors/actors_cs.properties;core/src/main/assets/messages/actors/actors_de.properties;core/src/main/assets/messages/actors/actors_el.properties;core/src/main/assets/messages/actors/actors_es.properties;core/src/main/assets/messages/actors/actors_fr.properties;core/src/main/assets/messages/actors/actors_hu.properties;core/src/main/assets/messages/actors/actors_in.properties;core/src/main/assets/messages/actors/actors_it.properties;core/src/main/assets/messages/actors/actors_ja.properties;core/src/main/assets/messages/actors/actors_ko.properties;core/src/main/assets/messages/actors/actors_nl.properties;core/src/main/assets/messages/actors/actors_pl.properties;core/src/main/assets/messages/actors/actors_pt.properties;core/src/main/assets/messages/actors/actors_ru.properties;core/src/main/assets/messages/actors/actors_tr.properties;core/src/main/assets/messages/actors/actors_uk.properties;core/src/main/assets/messages/actors/actors_vi.properties;core/src/main/assets/messages/actors/actors_zh.properties;core/src/main/assets/messages/items/items_be.properties;core/src/main/assets/messages/items/items_cs.properties;core/src/main/assets/messages/items/items_de.properties;core/src/main/assets/messages/items/items_el.properties;core/src/main/assets/messages/items/items_es.properties;core/src/main/assets/messages/items/items_fr.properties;core/src/main/assets/messages/items/items_hu.properties;core/src/main/assets/messages/items/items_in.properties;core/src/main/assets/messages/items/items_it.properties;core/src/main/assets/messages/items/items_ja.properties;core/src/main/assets/messages/items/items_ko.properties;core/src/main/assets/messages/items/items_nl.properties;core/src/main/assets/messages/items/items_pl.properties;core/src/main/assets/messages/items/items_pt.properties;core/src/main/assets/messages/items/items_ru.properties;core/src/main/assets/messages/items/items_tr.properties;core/src/main/assets/messages/items/items_uk.properties;core/src/main/assets/messages/items/items_vi.properties;core/src/main/assets/messages/items/items_zh.properties;core/src/main/assets/messages/journal/journal_uk.properties;core/src/main/assets/messages/levels/levels_be.properties;core/src/main/assets/messages/levels/levels_el.properties;core/src/main/assets/messages/levels/levels_ja.properties;core/src/main/assets/messages/levels/levels_ru.properties;core/src/main/assets/messages/levels/levels_vi.properties;core/src/main/assets/messages/misc/misc_be.properties;core/src/main/assets/messages/misc/misc_cs.properties;core/src/main/assets/messages/misc/misc_el.properties;core/src/main/assets/messages/misc/misc_fr.properties;core/src/main/assets/messages/misc/misc_hu.properties;core/src/main/assets/messages/misc/misc_in.properties;core/src/main/assets/messages/misc/misc_it.properties;core/src/main/assets/messages/misc/misc_pl.properties;core/src/main/assets/messages/misc/misc_pt.properties;core/src/main/assets/messages/misc/misc_vi.properties;core/src/main/assets/messages/plants/plants_ja.properties;core/src/main/assets/messages/ui/ui_cs.properties;core/src/main/assets/messages/ui/ui_ko.properties;core/src/main/assets/messages/ui/ui_pl.properties;core/src/main/assets/messages/ui/ui_pt.properties;core/src/main/assets/messages/ui/ui_ru.properties;core/src/main/assets/messages/windows/windows_be.properties;core/src/main/assets/messages/windows/windows_el.properties;core/src/main/assets/messages/windows/windows_es.properties;core/src/main/assets/messages/windows/windows_ja.properties;core/src/main/assets/messages/windows/windows_ru.properties;core/src/main/assets/messages/windows/windows_uk.properties;core/src/main/assets/messages/windows/windows_vi.properties;core/src/main/java/com/shatteredpixel/shatteredpixeldungeon/ui/changelist/v2_X_Changes.java	slice2-candidate
9c7b78fd3e81aab0fbbed23fb26071d0121a2248	v2.1.4..v2.2.1	v2.2.0: fixed yog fists not granting an regen time	core/src/main/java/com/shatteredpixel/shatteredpixeldungeon/actors/mobs/YogFist.java	general
aafd7f445de5b411b7acfd7dadf2664025a2cadb	v2.1.4..v2.2.1	v2.2.0: fixed tag layout being called from the actor thread	core/src/main/java/com/shatteredpixel/shatteredpixeldungeon/scenes/GameScene.java;core/src/main/java/com/shatteredpixel/shatteredpixeldungeon/ui/Tag.java	general
613ee447d42e5d36ec1de0f2309aff49a9c0d6d6	v2.1.4..v2.2.1	v2.2.0: fixed living earth not working when aimed at guardian	core/src/main/java/com/shatteredpixel/shatteredpixeldungeon/items/wands/WandOfLivingEarth.java	general
e66cbaccb505b9256669fbe5044967acaa465499	v2.1.4..v2.2.1	v2.2.0: fixed rot heart rarely having no space to spread gas	core/src/main/java/com/shatteredpixel/shatteredpixeldungeon/levels/rooms/quest/RotGardenRoom.java	general
d650f9b7205c4b9e5e1fa5b0001662dbfd920f0a	v2.1.4..v2.2.1	v2.2.0: fixed tengu rarely throwing two bombs at the same tile	core/src/main/java/com/shatteredpixel/shatteredpixeldungeon/actors/mobs/Tengu.java	general
5e59891249607c8c9cbd74b4be82eea90b9f6535	v2.1.4..v2.2.1	v2.2.0: fixed ring on-ID text being inconsistent with other equipment	core/src/main/assets/messages/items/items.properties;core/src/main/java/com/shatteredpixel/shatteredpixeldungeon/items/rings/Ring.java	general
64d6c84f970f0253dfe9a0464136aec32b8c4b60	v2.1.4..v2.2.1	v2.2.0: slightly adjusted ring of furor stats so it hits 100% at +7	core/src/main/java/com/shatteredpixel/shatteredpixeldungeon/items/rings/RingOfFuror.java	general
9c11e1549b0955bc04e46efdb3258d6201a93196	v2.1.4..v2.2.1	v2.2.0: added some early level painting for crystal quest variant	core/src/main/java/com/shatteredpixel/shatteredpixeldungeon/actors/mobs/npcs/Blacksmith.java;core/src/main/java/com/shatteredpixel/shatteredpixeldungeon/levels/painters/MiningLevelPainter.java;core/src/main/java/com/shatteredpixel/shatteredpixeldungeon/levels/rooms/quest/MineEntrance.java;core/src/main/java/com/shatteredpixel/shatteredpixeldungeon/levels/rooms/quest/MineGiantRoom.java;core/src/main/java/com/shatteredpixel/shatteredpixeldungeon/levels/rooms/quest/MineLargeRoom.java;core/src/main/java/com/shatteredpixel/shatteredpixeldungeon/levels/rooms/quest/MineSecretRoom.java;core/src/main/java/com/shatteredpixel/shatteredpixeldungeon/levels/rooms/quest/MineSmallRoom.java	general
41d79f2ea4defbd58aede9484de486d9a3492b10	v2.1.4..v2.2.1	v2.2.0: enabled hunger mechanics in the new mining area	core/src/main/java/com/shatteredpixel/shatteredpixeldungeon/actors/buffs/Hunger.java;core/src/main/java/com/shatteredpixel/shatteredpixeldungeon/actors/buffs/Regeneration.java;core/src/main/java/com/shatteredpixel/shatteredpixeldungeon/actors/hero/Hero.java;core/src/main/java/com/shatteredpixel/shatteredpixeldungeon/levels/MiningLevel.java	hotspot
5a1d6e5d91ba249c53895592bfb6038afc4a0898	v2.1.4..v2.2.1	v2.2.0: traps now use depth if they're levelgen, scaling depth otherwise	core/src/main/java/com/shatteredpixel/shatteredpixeldungeon/levels/traps/ConfusionTrap.java;core/src/main/java/com/shatteredpixel/shatteredpixeldungeon/levels/traps/CorrosionTrap.java;core/src/main/java/com/shatteredpixel/shatteredpixeldungeon/levels/traps/DisintegrationTrap.java;core/src/main/java/com/shatteredpixel/shatteredpixeldungeon/levels/traps/FlashingTrap.java;core/src/main/java/com/shatteredpixel/shatteredpixeldungeon/levels/traps/GeyserTrap.java;core/src/main/java/com/shatteredpixel/shatteredpixeldungeon/levels/traps/GrippingTrap.java;core/src/main/java/com/shatteredpixel/shatteredpixeldungeon/levels/traps/GuardianTrap.java;core/src/main/java/com/shatteredpixel/shatteredpixeldungeon/levels/traps/PoisonDartTrap.java;core/src/main/java/com/shatteredpixel/shatteredpixeldungeon/levels/traps/RockfallTrap.java;core/src/main/java/com/shatteredpixel/shatteredpixeldungeon/levels/traps/ToxicTrap.java;core/src/main/java/com/shatteredpixel/shatteredpixeldungeon/levels/traps/Trap.java	general
e975ac1cd88a77b45e596f7b239e3df5fc6403be	v2.1.4..v2.2.1	v2.2.0: fixed mimics rarely not being set as hostile before dieing	core/src/main/java/com/shatteredpixel/shatteredpixeldungeon/actors/mobs/Mimic.java	general
5f8a97b75dfc182dfa2e7f0d46af6ca4574eae0e	v2.1.4..v2.2.1	v2.2.0: reverted recycle spell using exact scroll of transmute logic	core/src/main/java/com/shatteredpixel/shatteredpixeldungeon/items/spells/Recycle.java	general
b2c075d6b9a1681eab24e1daca0b0540fa301365	v2.1.4..v2.2.1	v2.2.0: prismatic images are now considered active at 0 HP	core/src/main/java/com/shatteredpixel/shatteredpixeldungeon/actors/mobs/npcs/PrismaticImage.java	general
b3066625c775cbdbbde5419d31aa6c8061c5a698	v2.1.4..v2.2.1	v2.2.0: updated translations, version, & changelog for beta-0.4	build.gradle;core/src/main/assets/messages/actors/actors_be.properties;core/src/main/assets/messages/actors/actors_cs.properties;core/src/main/assets/messages/actors/actors_es.properties;core/src/main/assets/messages/actors/actors_it.properties;core/src/main/assets/messages/actors/actors_ja.properties;core/src/main/assets/messages/actors/actors_ko.properties;core/src/main/assets/messages/actors/actors_pl.properties;core/src/main/assets/messages/actors/actors_ru.properties;core/src/main/assets/messages/actors/actors_tr.properties;core/src/main/assets/messages/actors/actors_uk.properties;core/src/main/assets/messages/actors/actors_vi.properties;core/src/main/assets/messages/actors/actors_zh.properties;core/src/main/assets/messages/items/items_es.properties;core/src/main/assets/messages/items/items_it.properties;core/src/main/assets/messages/items/items_ko.properties;core/src/main/assets/messages/items/items_pl.properties;core/src/main/assets/messages/items/items_ru.properties;core/src/main/assets/messages/items/items_tr.properties;core/src/main/assets/messages/items/items_uk.properties;core/src/main/assets/messages/items/items_vi.properties;core/src/main/assets/messages/items/items_zh.properties;core/src/main/assets/messages/journal/journal_vi.properties;core/src/main/assets/messages/levels/levels_es.properties;core/src/main/assets/messages/levels/levels_ko.properties;core/src/main/assets/messages/levels/levels_pl.properties;core/src/main/assets/messages/levels/levels_tr.properties;core/src/main/assets/messages/levels/levels_vi.properties;core/src/main/assets/messages/misc/misc_be.properties;core/src/main/assets/messages/misc/misc_cs.properties;core/src/main/assets/messages/misc/misc_es.properties;core/src/main/assets/messages/misc/misc_fr.properties;core/src/main/assets/messages/misc/misc_hu.properties;core/src/main/assets/messages/misc/misc_in.properties;core/src/main/assets/messages/misc/misc_it.properties;core/src/main/assets/messages/misc/misc_ko.properties;core/src/main/assets/messages/misc/misc_pl.properties;core/src/main/assets/messages/misc/misc_pt.properties;core/src/main/assets/messages/misc/misc_tr.properties;core/src/main/assets/messages/misc/misc_zh.properties;core/src/main/assets/messages/scenes/scenes_be.properties;core/src/main/assets/messages/ui/ui_cs.properties;core/src/main/assets/messages/ui/ui_ko.properties;core/src/main/assets/messages/ui/ui_pl.properties;core/src/main/assets/messages/ui/ui_pt.properties;core/src/main/assets/messages/ui/ui_ru.properties;core/src/main/assets/messages/windows/windows_es.properties;core/src/main/assets/messages/windows/windows_it.properties;core/src/main/assets/messages/windows/windows_ko.properties;core/src/main/assets/messages/windows/windows_pl.properties;core/src/main/assets/messages/windows/windows_tr.properties;core/src/main/assets/messages/windows/windows_uk.properties;core/src/main/java/com/shatteredpixel/shatteredpixeldungeon/ui/changelist/v2_X_Changes.java	slice2-candidate
0c0919f45a009f2e1a2644db383e39e35a58059d	v2.1.4..v2.2.1	v2.2.0: sad ghost now avoids heaps and level exit while wandering	core/src/main/java/com/shatteredpixel/shatteredpixeldungeon/actors/mobs/npcs/Ghost.java	general
92b7a03dc70cd3284e354e2f8c0a45bb0a56341d	v2.1.4..v2.2.1	v2.2.0: fixed multiplicity curse accidentally having a higher proc rate	core/src/main/java/com/shatteredpixel/shatteredpixeldungeon/items/armor/curses/Multiplicity.java	general
ba116c62fb72943a704d55617396f19445322299	v2.1.4..v2.2.1	v2.2.0: fixed corpse dust wraiths never spawning at low hero viewdist	core/src/main/java/com/shatteredpixel/shatteredpixeldungeon/items/quest/CorpseDust.java	general
073f951ba92cf4fe44bb87386abacc33c445826a	v2.1.4..v2.2.1	v2.2.0: Fixed Yog's music sometimes playing before the fight starts	core/src/main/java/com/shatteredpixel/shatteredpixeldungeon/levels/HallsBossLevel.java	hotspot
3c92d61b2d2f715211d4d16eefb4ca842cbe451b	v2.1.4..v2.2.1	v2.2.0: upgrading desperate power now refreshes quickslots	core/src/main/java/com/shatteredpixel/shatteredpixeldungeon/actors/hero/Talent.java	general
59fadf083cd3a01daaa6832b8253e8f430313295	v2.1.4..v2.2.1	v2.2.0: dagger sneak ability hsa +1 range and is now instantaneous	core/src/main/assets/messages/items/items.properties;core/src/main/java/com/shatteredpixel/shatteredpixeldungeon/items/weapon/melee/AssassinsBlade.java;core/src/main/java/com/shatteredpixel/shatteredpixeldungeon/items/weapon/melee/Dagger.java;core/src/main/java/com/shatteredpixel/shatteredpixeldungeon/items/weapon/melee/Dirk.java	general
2a60fd7de58e032ae7c52a69f53716c4ce64051a	v2.1.4..v2.2.1	v2.2.0: reverted scroll of transmutation change re: potions and scrolls	core/src/main/assets/messages/items/items.properties;core/src/main/java/com/shatteredpixel/shatteredpixeldungeon/items/scrolls/ScrollOfTransmutation.java	general
07ddf1413bd5ff832673acae0c9387c3ef8b3acb	v2.1.4..v2.2.1	v2.2.0: fixed no death message in more specific cases	core/src/main/java/com/shatteredpixel/shatteredpixeldungeon/actors/mobs/DwarfKing.java;core/src/main/java/com/shatteredpixel/shatteredpixeldungeon/items/Heap.java	general
fb6a5dc7c1e1b854c095a9d6bdd6699bfb1238aa	v2.1.4..v2.2.1	v2.2.0: fixed some inconsistent text in soul siphon description	core/src/main/assets/messages/actors/actors.properties	localization
d5efcdd93da563541854501abf4525bc08534a0d	v2.1.4..v2.2.1	v2.2.0: added an on-kill message for necromancer summon blocking	core/src/main/java/com/shatteredpixel/shatteredpixeldungeon/actors/mobs/Necromancer.java;core/src/main/java/com/shatteredpixel/shatteredpixeldungeon/actors/mobs/SpectralNecromancer.java	general
3e6ae53d2b4372bc4cbf9b546d2b4bc55a732973	v2.1.4..v2.2.1	v2.2.0: improved mobsprite sorting, more efficient & sorts other visuals	core/src/main/java/com/shatteredpixel/shatteredpixeldungeon/scenes/GameScene.java;SPD-classes/src/main/java/com/watabou/noosa/Group.java	general
2cf30cacc765ce941cfdd101614f333d4eed342f	v2.1.4..v2.2.1	v2.2.0: fixed prison tense file being the same as halls tense	core/src/main/assets/music/prison_tense.ogg;ios/assets/music/prison_tense.mp3	platform
2b927b1f74ce207df7d00c6f1f0a7d460ce62b05	v2.1.4..v2.2.1	v2.2.0: converted inventory spells to use new consumption system	core/src/main/java/com/shatteredpixel/shatteredpixeldungeon/items/spells/InventorySpell.java	general
295ac57f8693dea1e31bd8f71ded88e3ec69a227	v2.1.4..v2.2.1	v2.2.0: fixed extra scrolls of remove curse being consumed	core/src/main/java/com/shatteredpixel/shatteredpixeldungeon/items/scrolls/ScrollOfRemoveCurse.java	general
6810fd0044d2bf0e80e930efa024dcefcdea2f22	v2.1.4..v2.2.1	v2.2.0: fixed ghost quest music playing when it shouldn't in rare cases	core/src/main/java/com/shatteredpixel/shatteredpixeldungeon/actors/mobs/npcs/Ghost.java	general
0afff0c7e7004ed89dd30b31e72e426a84c0bc03	v2.1.4..v2.2.1	v2.2.0: extended the fade out time for boss tracks	core/src/main/java/com/shatteredpixel/shatteredpixeldungeon/levels/CavesBossLevel.java;core/src/main/java/com/shatteredpixel/shatteredpixeldungeon/levels/CityBossLevel.java;core/src/main/java/com/shatteredpixel/shatteredpixeldungeon/levels/HallsBossLevel.java;core/src/main/java/com/shatteredpixel/shatteredpixeldungeon/levels/PrisonBossLevel.java;core/src/main/java/com/shatteredpixel/shatteredpixeldungeon/levels/SewerBossLevel.java	hotspot
b107ca1de343c577dadef8a2a3f7515e6242ee5f	v2.1.4..v2.2.1	v2.2.0: fixed single scrolls of transmutation working on themselves	core/src/main/java/com/shatteredpixel/shatteredpixeldungeon/items/scrolls/ScrollOfTransmutation.java	general
5bd755b1634e8d0cc2b689bc7498b9b285865f8f	v2.1.4..v2.2.1	v2.2.0: updated version and changelog for beta-0.3	build.gradle;core/src/main/java/com/shatteredpixel/shatteredpixeldungeon/ui/changelist/v2_X_Changes.java	docs
fe560497d702a4d81928229b17f53e43d77a8b7e	v2.1.4..v2.2.1	v2.2.0: fixed a couple of typos	core/src/main/assets/messages/actors/actors.properties	localization
645937a13efa6b2166f256fb8c1b52e2758cf278	v2.1.4..v2.2.1	v2.2.0: removed a special case for korean from a previous version	core/src/main/java/com/shatteredpixel/shatteredpixeldungeon/items/armor/Armor.java	general
0671e3af9b8856d23d03c9efd6e8c32dffdfa1d7	v2.1.4..v2.2.1	v2.2.0: fixed further issues with mob sprite sorting =S	core/src/main/java/com/shatteredpixel/shatteredpixeldungeon/scenes/GameScene.java	general
9c2588e197d0e5c82a490ac4e7604112031bd247	v2.1.4..v2.2.1	v2.2.0: updated version and changelog for beta-0.2	build.gradle;core/src/main/java/com/shatteredpixel/shatteredpixeldungeon/ui/changelist/v2_X_Changes.java	docs
55f267f5b6eb176b536a1a2c3a7850c87693a873	v2.1.4..v2.2.1	v2.2.0: updated translations	core/src/main/assets/messages/actors/actors_be.properties;core/src/main/assets/messages/actors/actors_cs.properties;core/src/main/assets/messages/actors/actors_de.properties;core/src/main/assets/messages/actors/actors_el.properties;core/src/main/assets/messages/actors/actors_es.properties;core/src/main/assets/messages/actors/actors_fr.properties;core/src/main/assets/messages/actors/actors_hu.properties;core/src/main/assets/messages/actors/actors_in.properties;core/src/main/assets/messages/actors/actors_it.properties;core/src/main/assets/messages/actors/actors_ja.properties;core/src/main/assets/messages/actors/actors_ko.properties;core/src/main/assets/messages/actors/actors_nl.properties;core/src/main/assets/messages/actors/actors_pl.properties;core/src/main/assets/messages/actors/actors_pt.properties;core/src/main/assets/messages/actors/actors_ru.properties;core/src/main/assets/messages/actors/actors_tr.properties;core/src/main/assets/messages/actors/actors_uk.properties;core/src/main/assets/messages/actors/actors_vi.properties;core/src/main/assets/messages/actors/actors_zh.properties;core/src/main/assets/messages/items/items_be.properties;core/src/main/assets/messages/items/items_cs.properties;core/src/main/assets/messages/items/items_de.properties;core/src/main/assets/messages/items/items_el.properties;core/src/main/assets/messages/items/items_es.properties;core/src/main/assets/messages/items/items_fr.properties;core/src/main/assets/messages/items/items_hu.properties;core/src/main/assets/messages/items/items_in.properties;core/src/main/assets/messages/items/items_it.properties;core/src/main/assets/messages/items/items_ja.properties;core/src/main/assets/messages/items/items_ko.properties;core/src/main/assets/messages/items/items_nl.properties;core/src/main/assets/messages/items/items_pl.properties;core/src/main/assets/messages/items/items_pt.properties;core/src/main/assets/messages/items/items_ru.properties;core/src/main/assets/messages/items/items_tr.properties;core/src/main/assets/messages/items/items_uk.properties;core/src/main/assets/messages/items/items_vi.properties;core/src/main/assets/messages/items/items_zh.properties;core/src/main/assets/messages/journal/journal_cs.properties;core/src/main/assets/messages/journal/journal_de.properties;core/src/main/assets/messages/journal/journal_it.properties;core/src/main/assets/messages/journal/journal_ja.properties;core/src/main/assets/messages/journal/journal_uk.properties;core/src/main/assets/messages/levels/levels_be.properties;core/src/main/assets/messages/levels/levels_cs.properties;core/src/main/assets/messages/levels/levels_de.properties;core/src/main/assets/messages/levels/levels_el.properties;core/src/main/assets/messages/levels/levels_es.properties;core/src/main/assets/messages/levels/levels_fr.properties;core/src/main/assets/messages/levels/levels_hu.properties;core/src/main/assets/messages/levels/levels_in.properties;core/src/main/assets/messages/levels/levels_it.properties;core/src/main/assets/messages/levels/levels_ja.properties;core/src/main/assets/messages/levels/levels_ko.properties;core/src/main/assets/messages/levels/levels_nl.properties;core/src/main/assets/messages/levels/levels_pl.properties;core/src/main/assets/messages/levels/levels_pt.properties;core/src/main/assets/messages/levels/levels_ru.properties;core/src/main/assets/messages/levels/levels_tr.properties;core/src/main/assets/messages/levels/levels_uk.properties;core/src/main/assets/messages/levels/levels_vi.properties;core/src/main/assets/messages/levels/levels_zh.properties;core/src/main/assets/messages/misc/misc_be.properties;core/src/main/assets/messages/misc/misc_cs.properties;core/src/main/assets/messages/misc/misc_de.properties;core/src/main/assets/messages/misc/misc_el.properties;core/src/main/assets/messages/misc/misc_es.properties;core/src/main/assets/messages/misc/misc_fr.properties;core/src/main/assets/messages/misc/misc_hu.properties;core/src/main/assets/messages/misc/misc_in.properties;core/src/main/assets/messages/misc/misc_it.properties;core/src/main/assets/messages/misc/misc_ja.properties;core/src/main/assets/messages/misc/misc_ko.properties;core/src/main/assets/messages/misc/misc_nl.properties;core/src/main/assets/messages/misc/misc_pl.properties;core/src/main/assets/messages/misc/misc_pt.properties;core/src/main/assets/messages/misc/misc_ru.properties;core/src/main/assets/messages/misc/misc_tr.properties;core/src/main/assets/messages/misc/misc_uk.properties;core/src/main/assets/messages/misc/misc_vi.properties;core/src/main/assets/messages/misc/misc_zh.properties;core/src/main/assets/messages/plants/plants_be.properties;core/src/main/assets/messages/plants/plants_cs.properties;core/src/main/assets/messages/plants/plants_pl.properties;core/src/main/assets/messages/private/private_be.properties;core/src/main/assets/messages/scenes/scenes_be.properties;core/src/main/assets/messages/scenes/scenes_cs.properties;core/src/main/assets/messages/scenes/scenes_de.properties;core/src/main/assets/messages/scenes/scenes_el.properties;core/src/main/assets/messages/scenes/scenes_es.properties;core/src/main/assets/messages/scenes/scenes_fr.properties;core/src/main/assets/messages/scenes/scenes_hu.properties;core/src/main/assets/messages/scenes/scenes_in.properties;core/src/main/assets/messages/scenes/scenes_it.properties;core/src/main/assets/messages/scenes/scenes_ja.properties;core/src/main/assets/messages/scenes/scenes_ko.properties;core/src/main/assets/messages/scenes/scenes_nl.properties;core/src/main/assets/messages/scenes/scenes_pl.properties;core/src/main/assets/messages/scenes/scenes_pt.properties;core/src/main/assets/messages/scenes/scenes_ru.properties;core/src/main/assets/messages/scenes/scenes_tr.properties;core/src/main/assets/messages/scenes/scenes_uk.properties;core/src/main/assets/messages/scenes/scenes_vi.properties;core/src/main/assets/messages/scenes/scenes_zh.properties;core/src/main/assets/messages/windows/windows_be.properties;core/src/main/assets/messages/windows/windows_cs.properties;core/src/main/assets/messages/windows/windows_de.properties;core/src/main/assets/messages/windows/windows_el.properties;core/src/main/assets/messages/windows/windows_es.properties;core/src/main/assets/messages/windows/windows_fr.properties;core/src/main/assets/messages/windows/windows_hu.properties;core/src/main/assets/messages/windows/windows_in.properties;core/src/main/assets/messages/windows/windows_it.properties;core/src/main/assets/messages/windows/windows_ja.properties;core/src/main/assets/messages/windows/windows_ko.properties;core/src/main/assets/messages/windows/windows_nl.properties;core/src/main/assets/messages/windows/windows_pl.properties;core/src/main/assets/messages/windows/windows_pt.properties;core/src/main/assets/messages/windows/windows_ru.properties;core/src/main/assets/messages/windows/windows_tr.properties;core/src/main/assets/messages/windows/windows_uk.properties;core/src/main/assets/messages/windows/windows_vi.properties;core/src/main/assets/messages/windows/windows_zh.properties;core/src/main/java/com/shatteredpixel/shatteredpixeldungeon/messages/Languages.java	slice2-candidate
06d3e69817b7cf50ae937932c0132b0592abc5dc	v2.1.4..v2.2.1	v2.2.0: fixed exploits where multiplicity could skip DK's 2nd phase	core/src/main/java/com/shatteredpixel/shatteredpixeldungeon/items/armor/curses/Multiplicity.java	general
d5fe53c6daea8ed8d91f24b9a0665475e1cb585a	v2.1.4..v2.2.1	v2.2.0: fixed new path rooms needing both final rooms for exploration	core/src/main/java/com/shatteredpixel/shatteredpixeldungeon/levels/rooms/special/CrystalPathRoom.java	general
121763f7bb2bd94895a5527e65f8c5db055ae9a0	v2.1.4..v2.2.1	v2.2.0: fixed race condition errors in sortMobSprites	core/src/main/java/com/shatteredpixel/shatteredpixeldungeon/scenes/GameScene.java	general
061d59c61b08ccc694001d135daa8befe01c9816	v2.1.4..v2.2.1	v2.2.0: fixed some exotic potions not triggering 'on-potion' talents	core/src/main/java/com/shatteredpixel/shatteredpixeldungeon/items/potions/exotic/PotionOfDivineInspiration.java;core/src/main/java/com/shatteredpixel/shatteredpixeldungeon/items/potions/exotic/PotionOfDragonsBreath.java;core/src/main/java/com/shatteredpixel/shatteredpixeldungeon/items/potions/exotic/PotionOfMastery.java	general
27e0aacd939e788d23b1f5dbd75d5622f2f31690	v2.1.4..v2.2.1	v2.2.0: fixed intense music not playing correctly for newborn elemental	core/src/main/java/com/shatteredpixel/shatteredpixeldungeon/actors/mobs/npcs/Wandmaker.java	general
4fa5256e76001ed5747afefca9fef1425f2f7d20	v2.1.4..v2.2.1	v2.2.0: added two missing aliases from room refactoring	core/src/main/java/com/shatteredpixel/shatteredpixeldungeon/ShatteredPixelDungeon.java	hotspot
31b2c9460b6666d2e3f7a0abbcbf477ce1b89159	v2.1.4..v2.2.1	v2.2.0: fixed a visual error in chasm warning windows	core/src/main/java/com/shatteredpixel/shatteredpixeldungeon/levels/features/Chasm.java	general
ead5fc0e88e8b7c58cd3c194df64f642953b157b	v2.1.4..v2.2.1	v2.2.0: fixed crash errors on new blacksmith quests on existing saves	core/src/main/java/com/shatteredpixel/shatteredpixeldungeon/actors/mobs/npcs/Blacksmith.java	general
8dcff879e5fdc5a7661a77d474d0b54077df2460	v2.1.4..v2.2.1	v2.2.0: fixed stones of intuition duping if guess window is closed	core/src/main/java/com/shatteredpixel/shatteredpixeldungeon/items/stones/StoneOfIntuition.java	general
acd8e29ea47431610eebf1a31d3edc9d9bd99b01	v2.1.4..v2.2.1	v2.2.0: updated changelog, version, and WelcomeScene for BETA-0.1	build.gradle;core/src/main/java/com/shatteredpixel/shatteredpixeldungeon/scenes/WelcomeScene.java;core/src/main/java/com/shatteredpixel/shatteredpixeldungeon/ui/changelist/v2_X_Changes.java	docs
091b17a3d60eee5e79706e41ebf9c44d71fd5777	v2.1.4..v2.2.1	v2.2.0: added a check for player trying to leave pickaxe in quest ares	core/src/main/java/com/shatteredpixel/shatteredpixeldungeon/levels/MiningLevel.java	hotspot
9164086957ce473f8d78716ab8462e0637413f0c	v2.1.4..v2.2.1	v2.2.0: fixed katana description not including new blocking values	core/src/main/assets/messages/items/items.properties	localization
c2b10bb790853eff8655b4cefa419e8c4cdccd69	v2.1.4..v2.2.1	v2.2.0: added an alias for blacksmith quest entrance	core/src/main/java/com/shatteredpixel/shatteredpixeldungeon/ShatteredPixelDungeon.java	hotspot
e9e432b2c5e8bca81aa40a496fd3bfdb779ce94f	v2.1.4..v2.2.1	v2.2.0: fixed new bomb logic causing crashes with frozen heaps	core/src/main/java/com/shatteredpixel/shatteredpixeldungeon/items/Heap.java	general
3183df3bbdde6c68024892cc5f43c08b20196146	v2.1.4..v2.2.1	v2.2.0: fixed an incorrect visual in huntress's description window	core/src/main/java/com/shatteredpixel/shatteredpixeldungeon/windows/WndHeroInfo.java	general
2eb2f1c12a59cfacbcbf9596d18c3317adbd614c	v2.1.4..v2.2.1	v2.2.0: added a new language: Belarusian!	core/src/main/assets/messages/actors/actors_be.properties;core/src/main/assets/messages/items/items_be.properties;core/src/main/assets/messages/journal/journal_be.properties;core/src/main/assets/messages/levels/levels_be.properties;core/src/main/assets/messages/misc/misc_be.properties;core/src/main/assets/messages/plants/plants_be.properties;core/src/main/assets/messages/private/private_be.properties;core/src/main/assets/messages/scenes/scenes_be.properties;core/src/main/assets/messages/ui/ui_be.properties;core/src/main/assets/messages/windows/windows_be.properties;core/src/main/java/com/shatteredpixel/shatteredpixeldungeon/messages/Languages.java;core/src/main/java/com/shatteredpixel/shatteredpixeldungeon/windows/WndSettings.java	slice2-candidate
8eb23aacb3269115556b95ba85ae65869fc4cec3	v2.1.4..v2.2.1	v2.2.0: updated version and changelog for ALPHA-0.2	build.gradle;core/src/main/java/com/shatteredpixel/shatteredpixeldungeon/ui/changelist/v2_X_Changes.java	docs
f6e55a633b712d88fae90016f7b82058da7b687b	v2.1.4..v2.2.1	v2.2.0: fixed wild magic not triggering TryToZap logic	core/src/main/assets/messages/actors/actors.properties;core/src/main/assets/messages/items/items.properties;core/src/main/java/com/shatteredpixel/shatteredpixeldungeon/actors/hero/abilities/mage/WildMagic.java;core/src/main/java/com/shatteredpixel/shatteredpixeldungeon/items/wands/Wand.java	general
af7c95b7aff25b2ffb2ea8b41fb0b2e145d1efb0	v2.1.4..v2.2.1	v2.2.0: increased the sacrifice value of lower-exp enemies (rats esp.)	core/src/main/java/com/shatteredpixel/shatteredpixeldungeon/actors/blobs/SacrificialFire.java	general
741321bab9340eb8451c88ae747c890f3d67da00	v2.1.4..v2.2.1	v2.2.0: added a couple safety checks to the object examine function	core/src/main/java/com/shatteredpixel/shatteredpixeldungeon/scenes/GameScene.java	general
cb700b445cebe78c38fe6a6eb74a61c655b8bcf6	v2.1.4..v2.2.1	v2.2.0: fixed new crystal path rooms not spawning keys	core/src/main/java/com/shatteredpixel/shatteredpixeldungeon/levels/rooms/special/CrystalPathRoom.java	general
be110feb03113b65c846580a9683f15451ac3cfe	v2.1.4..v2.2.1	v2.2.0: updated changelog, version, and welcome scene for ALPHA-0.1	build.gradle;core/src/main/java/com/shatteredpixel/shatteredpixeldungeon/scenes/WelcomeScene.java;core/src/main/java/com/shatteredpixel/shatteredpixeldungeon/ui/changelist/v0_6_X_Changes.java;core/src/main/java/com/shatteredpixel/shatteredpixeldungeon/ui/changelist/v2_X_Changes.java	docs
a350ea8b4f39608e6d881313a5b18674b2b27e75	v2.1.4..v2.2.1	v2.2.0: disabled the blacksmith quest for now	core/src/main/java/com/shatteredpixel/shatteredpixeldungeon/actors/mobs/npcs/Blacksmith.java;core/src/main/java/com/shatteredpixel/shatteredpixeldungeon/levels/rooms/quest/BlacksmithRoom.java	general
db782a5a905ae94182441953f2a861900776a573	v2.1.4..v2.2.1	v2.2.0: added a third segment to each region's track	core/src/main/assets/music/caves_3.ogg;core/src/main/assets/music/city_3.ogg;core/src/main/assets/music/halls_3.ogg;core/src/main/assets/music/prison_3.ogg;core/src/main/assets/music/sewers_3.ogg;core/src/main/java/com/shatteredpixel/shatteredpixeldungeon/Assets.java;core/src/main/java/com/shatteredpixel/shatteredpixeldungeon/levels/CavesBossLevel.java;core/src/main/java/com/shatteredpixel/shatteredpixeldungeon/levels/CavesLevel.java;core/src/main/java/com/shatteredpixel/shatteredpixeldungeon/levels/CityBossLevel.java;core/src/main/java/com/shatteredpixel/shatteredpixeldungeon/levels/CityLevel.java;core/src/main/java/com/shatteredpixel/shatteredpixeldungeon/levels/HallsBossLevel.java;core/src/main/java/com/shatteredpixel/shatteredpixeldungeon/levels/HallsLevel.java;core/src/main/java/com/shatteredpixel/shatteredpixeldungeon/levels/PrisonBossLevel.java;core/src/main/java/com/shatteredpixel/shatteredpixeldungeon/levels/PrisonLevel.java;core/src/main/java/com/shatteredpixel/shatteredpixeldungeon/levels/SewerBossLevel.java;core/src/main/java/com/shatteredpixel/shatteredpixeldungeon/levels/SewerLevel.java;ios/assets/music/caves_3.mp3;ios/assets/music/city_3.mp3;ios/assets/music/halls_3.mp3;ios/assets/music/prison_3.mp3;ios/assets/music/sewers_3.mp3	platform
bae770407f0cc8a9e154497d569548c2550ec13b	v2.1.4..v2.2.1	v2.2.0: added finale tracks for the 3 later bosses and the game itself	core/src/main/assets/music/caves_boss_finale.ogg;core/src/main/assets/music/city_boss_finale.ogg;core/src/main/assets/music/halls_boss_finale.ogg;core/src/main/assets/music/theme_finale.ogg;core/src/main/java/com/shatteredpixel/shatteredpixeldungeon/actors/mobs/DM300.java;core/src/main/java/com/shatteredpixel/shatteredpixeldungeon/actors/mobs/DwarfKing.java;core/src/main/java/com/shatteredpixel/shatteredpixeldungeon/actors/mobs/YogDzewa.java;core/src/main/java/com/shatteredpixel/shatteredpixeldungeon/Assets.java;core/src/main/java/com/shatteredpixel/shatteredpixeldungeon/levels/CavesBossLevel.java;core/src/main/java/com/shatteredpixel/shatteredpixeldungeon/levels/CityBossLevel.java;core/src/main/java/com/shatteredpixel/shatteredpixeldungeon/levels/HallsBossLevel.java;core/src/main/java/com/shatteredpixel/shatteredpixeldungeon/levels/LastLevel.java;core/src/main/java/com/shatteredpixel/shatteredpixeldungeon/levels/PrisonBossLevel.java;core/src/main/java/com/shatteredpixel/shatteredpixeldungeon/levels/SewerBossLevel.java;core/src/main/java/com/shatteredpixel/shatteredpixeldungeon/levels/SewerLevel.java;core/src/main/java/com/shatteredpixel/shatteredpixeldungeon/scenes/AmuletScene.java;core/src/main/java/com/shatteredpixel/shatteredpixeldungeon/scenes/RankingsScene.java;core/src/main/java/com/shatteredpixel/shatteredpixeldungeon/ui/BossHealthBar.java;core/src/main/java/com/shatteredpixel/shatteredpixeldungeon/windows/WndGame.java;ios/assets/music/caves_boss_finale.mp3;ios/assets/music/city_boss_finale.mp3;ios/assets/music/halls_boss_finale.mp3;ios/assets/music/theme_finale.mp3	platform
93a0ff7e597c5b369b8eb979405a5490f5450f93	v2.1.4..v2.2.1	v2.2.0: tiny changes to mixing/volume of existing tracks	core/src/main/assets/music/caves_1.ogg;core/src/main/assets/music/caves_2.ogg;core/src/main/assets/music/caves_boss.ogg;core/src/main/assets/music/city_1.ogg;core/src/main/assets/music/city_2.ogg;core/src/main/assets/music/city_boss.ogg;core/src/main/assets/music/halls_1.ogg;core/src/main/assets/music/halls_2.ogg;core/src/main/assets/music/halls_boss.ogg;core/src/main/assets/music/prison_1.ogg;core/src/main/assets/music/prison_2.ogg;core/src/main/assets/music/prison_boss.ogg;core/src/main/assets/music/sewers_1.ogg;core/src/main/assets/music/sewers_2.ogg;core/src/main/assets/music/sewers_boss.ogg;core/src/main/assets/music/theme_1.ogg;core/src/main/assets/music/theme_2.ogg;ios/assets/music/caves_1.mp3;ios/assets/music/caves_2.mp3;ios/assets/music/caves_boss.mp3;ios/assets/music/city_1.mp3;ios/assets/music/city_2.mp3;ios/assets/music/city_boss.mp3;ios/assets/music/halls_1.mp3;ios/assets/music/halls_2.mp3;ios/assets/music/halls_boss.mp3;ios/assets/music/prison_1.mp3;ios/assets/music/prison_2.mp3;ios/assets/music/prison_boss.mp3;ios/assets/music/sewers_1.mp3;ios/assets/music/sewers_2.mp3;ios/assets/music/sewers_boss.mp3;ios/assets/music/theme_1.mp3;ios/assets/music/theme_2.mp3	platform
31efb7fd848f6ed72170dbe3f0caa7a96192f1a3	v2.1.4..v2.2.1	v2.2.0: tense musing now also plays during the game's first three quests	core/src/main/java/com/shatteredpixel/shatteredpixeldungeon/actors/mobs/Elemental.java;core/src/main/java/com/shatteredpixel/shatteredpixeldungeon/actors/mobs/npcs/Ghost.java;core/src/main/java/com/shatteredpixel/shatteredpixeldungeon/actors/mobs/npcs/Wandmaker.java;core/src/main/java/com/shatteredpixel/shatteredpixeldungeon/items/quest/CorpseDust.java;core/src/main/java/com/shatteredpixel/shatteredpixeldungeon/levels/MiningLevel.java;core/src/main/java/com/shatteredpixel/shatteredpixeldungeon/levels/PrisonLevel.java;core/src/main/java/com/shatteredpixel/shatteredpixeldungeon/levels/SewerLevel.java	hotspot
f6f3129c8bc0d7b1304e91d02c8609fcc8b08721	v2.1.4..v2.2.1	v2.2.0: updated some dependencies	build.gradle;gradle/wrapper/gradle-wrapper.properties	build
9abed812c164199b731c31938d0360bcefbc755b	v2.1.4..v2.2.1	v2.2.0: fixed incorrect items appearing in wandmaker's reward window	core/src/main/java/com/shatteredpixel/shatteredpixeldungeon/windows/WndWandmaker.java	general
54c19b08425a8d4c1325f04832740e91b0a8b255	v2.1.4..v2.2.1	v2.2.0: added five new 'tense' soundtracks, which play during ascent	core/src/main/assets/music/caves_tense.ogg;core/src/main/assets/music/city_tense.ogg;core/src/main/assets/music/halls_tense.ogg;core/src/main/assets/music/prison_tense.ogg;core/src/main/assets/music/sewers_tense.ogg;core/src/main/java/com/shatteredpixel/shatteredpixeldungeon/Assets.java;core/src/main/java/com/shatteredpixel/shatteredpixeldungeon/levels/CavesLevel.java;core/src/main/java/com/shatteredpixel/shatteredpixeldungeon/levels/CityLevel.java;core/src/main/java/com/shatteredpixel/shatteredpixeldungeon/levels/HallsLevel.java;core/src/main/java/com/shatteredpixel/shatteredpixeldungeon/levels/PrisonLevel.java;core/src/main/java/com/shatteredpixel/shatteredpixeldungeon/levels/SewerLevel.java;ios/assets/music/caves_tense.mp3;ios/assets/music/city_tense.mp3;ios/assets/music/halls_tense.mp3;ios/assets/music/prison_tense.mp3;ios/assets/music/sewers_tense.mp3	platform
dc6749f43effbf7da6ef2e77dde2cfdb434d54d3	v2.1.4..v2.2.1	v2.2.0: added support for a fade out transition when changing music	SPD-classes/src/main/java/com/watabou/noosa/audio/Music.java;SPD-classes/src/main/java/com/watabou/noosa/Game.java	general
c0917491872af513747d28a4a5ce6375d462eb63	v2.1.4..v2.2.1	v2.2.0: fixed cell pressing effects not triggering from ninja log	core/src/main/java/com/shatteredpixel/shatteredpixeldungeon/actors/hero/abilities/rogue/SmokeBomb.java	general
5461e7428629a05a62f39a4802d57395d336218d	v2.1.4..v2.2.1	v2.2.0: ghost questgiver now always moves at 0.5x speed	core/src/main/java/com/shatteredpixel/shatteredpixeldungeon/actors/mobs/npcs/Ghost.java	general
3ff942a895c117df00def06ad2a88b9c0b28a1bd	v2.1.4..v2.2.1	v2.2.0: reverted unintentional change of floor 1 traps	core/src/main/java/com/shatteredpixel/shatteredpixeldungeon/levels/SewerLevel.java	hotspot
83ed874a9f56d439d95dfc0cd1391889f0a684da	v2.1.4..v2.2.1	v2.2.0: reduced the severity of sacrificial and corrosion curses	core/src/main/java/com/shatteredpixel/shatteredpixeldungeon/items/armor/curses/Corrosion.java;core/src/main/java/com/shatteredpixel/shatteredpixeldungeon/items/weapon/curses/Sacrificial.java	general
2e965b32e8416f7e005800fb4d0eb075772c56ac	v2.1.4..v2.2.1	v2.2.0: reverted ascension stat scaling adjustments from v2.1.0	core/src/main/java/com/shatteredpixel/shatteredpixeldungeon/actors/buffs/AscensionChallenge.java	general
288f0ea18b32b37dc01abe2ec21722bb2966533c	v2.1.4..v2.2.1	v2.2.0: various weapon balance changes:	core/src/main/assets/messages/items/items.properties;core/src/main/java/com/shatteredpixel/shatteredpixeldungeon/items/rings/RingOfForce.java;core/src/main/java/com/shatteredpixel/shatteredpixeldungeon/items/weapon/melee/AssassinsBlade.java;core/src/main/java/com/shatteredpixel/shatteredpixeldungeon/items/weapon/melee/Dagger.java;core/src/main/java/com/shatteredpixel/shatteredpixeldungeon/items/weapon/melee/Dirk.java;core/src/main/java/com/shatteredpixel/shatteredpixeldungeon/items/weapon/melee/Katana.java;core/src/main/java/com/shatteredpixel/shatteredpixeldungeon/items/weapon/melee/Sickle.java;core/src/main/java/com/shatteredpixel/shatteredpixeldungeon/items/weapon/melee/WarScythe.java	general
c1ed0f8abc144a66dfe41ca2b9f7b332d0362702	v2.1.4..v2.2.1	v2.2.0: improved some text surrounding the enhanced rings talent	core/src/main/assets/messages/actors/actors.properties;core/src/main/java/com/shatteredpixel/shatteredpixeldungeon/actors/buffs/EnhancedRings.java	general
935b831af0bfbddf4509a159973a60b2e4b34a31	v2.1.4..v2.2.1	v2.2.0: added a new T3 base class talent for the mage	core/src/main/assets/messages/actors/actors.properties;core/src/main/java/com/shatteredpixel/shatteredpixeldungeon/actors/hero/Talent.java;core/src/main/java/com/shatteredpixel/shatteredpixeldungeon/items/wands/Wand.java	general
1adac5508d2316d8a3ab724c5e0b3b8d95e9a124	v2.1.4..v2.2.1	v2.2.0: fixed a few incorrect sprites in the changes screen	core/src/main/java/com/shatteredpixel/shatteredpixeldungeon/ui/changelist/v0_7_X_Changes.java;core/src/main/java/com/shatteredpixel/shatteredpixeldungeon/ui/changelist/v0_9_X_Changes.java;core/src/main/java/com/shatteredpixel/shatteredpixeldungeon/ui/changelist/v1_X_Changes.java	general
33b065e69c56bf911c6b6a1255f8e7476e01bef0	v2.1.4..v2.2.1	v2.2.0: reworked all of the T2 potion & scroll talents	core/src/main/assets/interfaces/talent_icons.png;core/src/main/assets/messages/actors/actors.properties;core/src/main/java/com/shatteredpixel/shatteredpixeldungeon/actors/buffs/ScrollEmpower.java;core/src/main/java/com/shatteredpixel/shatteredpixeldungeon/actors/hero/Hero.java;core/src/main/java/com/shatteredpixel/shatteredpixeldungeon/actors/hero/Talent.java;core/src/main/java/com/shatteredpixel/shatteredpixeldungeon/items/potions/elixirs/ElixirOfAquaticRejuvenation.java;core/src/main/java/com/shatteredpixel/shatteredpixeldungeon/items/potions/elixirs/ElixirOfHoneyedHealing.java;core/src/main/java/com/shatteredpixel/shatteredpixeldungeon/items/potions/exotic/PotionOfDivineInspiration.java;core/src/main/java/com/shatteredpixel/shatteredpixeldungeon/items/potions/exotic/PotionOfMastery.java;core/src/main/java/com/shatteredpixel/shatteredpixeldungeon/items/potions/exotic/PotionOfShielding.java;core/src/main/java/com/shatteredpixel/shatteredpixeldungeon/items/potions/Potion.java;core/src/main/java/com/shatteredpixel/shatteredpixeldungeon/items/potions/PotionOfExperience.java;core/src/main/java/com/shatteredpixel/shatteredpixeldungeon/items/potions/PotionOfHealing.java;core/src/main/java/com/shatteredpixel/shatteredpixeldungeon/items/potions/PotionOfStrength.java;core/src/main/java/com/shatteredpixel/shatteredpixeldungeon/items/scrolls/exotic/ScrollOfEnchantment.java;core/src/main/java/com/shatteredpixel/shatteredpixeldungeon/items/scrolls/exotic/ScrollOfMetamorphosis.java;core/src/main/java/com/shatteredpixel/shatteredpixeldungeon/items/scrolls/Scroll.java;core/src/main/java/com/shatteredpixel/shatteredpixeldungeon/items/scrolls/ScrollOfTransmutation.java;core/src/main/java/com/shatteredpixel/shatteredpixeldungeon/items/scrolls/ScrollOfUpgrade.java;core/src/main/java/com/shatteredpixel/shatteredpixeldungeon/items/spells/MagicalInfusion.java;core/src/main/java/com/shatteredpixel/shatteredpixeldungeon/items/wands/Wand.java;core/src/main/java/com/shatteredpixel/shatteredpixeldungeon/ui/changelist/v0_9_X_Changes.java	assets
de86487aaa0135a96aee08dff8b698c793498caf	v2.1.4..v2.2.1	v2.2.0: implemented new rewards for the blacksmith quest	core/src/main/assets/messages/actors/actors.properties;core/src/main/assets/messages/items/items.properties;core/src/main/assets/messages/windows/windows.properties;core/src/main/java/com/shatteredpixel/shatteredpixeldungeon/actors/mobs/npcs/Blacksmith.java;core/src/main/java/com/shatteredpixel/shatteredpixeldungeon/items/armor/Armor.java;core/src/main/java/com/shatteredpixel/shatteredpixeldungeon/items/scrolls/ScrollOfUpgrade.java;core/src/main/java/com/shatteredpixel/shatteredpixeldungeon/items/weapon/melee/MeleeWeapon.java;core/src/main/java/com/shatteredpixel/shatteredpixeldungeon/items/weapon/Weapon.java;core/src/main/java/com/shatteredpixel/shatteredpixeldungeon/windows/WndBlacksmith.java;core/src/main/java/com/shatteredpixel/shatteredpixeldungeon/windows/WndBlacksmithOld.java	general
d2b8bc5dab96a4e01fafd433ae9933c7093ea652	v2.1.4..v2.2.1	v2.2.0: the DM-300 fight now have a guaranteed safe path to each pylon	core/src/main/java/com/shatteredpixel/shatteredpixeldungeon/levels/CavesBossLevel.java	hotspot
5dcf2f0176d46da4eae2219fb99686ee15046224	v2.1.4..v2.2.1	v2.2.0: char sprites are now drawn in order from top to bottom	core/src/main/java/com/shatteredpixel/shatteredpixeldungeon/scenes/GameScene.java;core/src/main/java/com/shatteredpixel/shatteredpixeldungeon/sprites/CharSprite.java;SPD-classes/src/main/java/com/watabou/noosa/Group.java	general
0b5db285eebdbabc3a5c6e11c9b260221cc85151	v2.1.4..v2.2.1	v2.2.0: very early and incomplete impl. of new blacksmith window	core/src/main/assets/messages/windows/windows.properties;core/src/main/java/com/shatteredpixel/shatteredpixeldungeon/actors/mobs/npcs/Blacksmith.java;core/src/main/java/com/shatteredpixel/shatteredpixeldungeon/windows/WndBlacksmith.java;core/src/main/java/com/shatteredpixel/shatteredpixeldungeon/windows/WndBlacksmithOld.java	general
0116fdbf57271ba643d9842c782988b8f114f103	v2.1.4..v2.2.1	v2.2.0: ghost and wandmaker dialogues now use ItemButton	core/src/main/java/com/shatteredpixel/shatteredpixeldungeon/windows/WndSadGhost.java;core/src/main/java/com/shatteredpixel/shatteredpixeldungeon/windows/WndWandmaker.java	general
25847177425e06e1f1fc0372beaf0d37228ed35f	v2.1.4..v2.2.1	v2.2.0: fixed starflower showing flare effect from out of FOV	core/src/main/java/com/shatteredpixel/shatteredpixeldungeon/plants/Starflower.java	general
8e26ab46a1d3a42087d38e5f3ef509007a486fa9	v2.1.4..v2.2.1	v2.2.0: implemented a bunch of internal tracking for blacksmith rewards	core/src/main/java/com/shatteredpixel/shatteredpixeldungeon/actors/mobs/npcs/Blacksmith.java	general
976cb6435ba2a2f76a3bf06b3c8aa61959cb76be	v2.1.4..v2.2.1	v2.2.0: fixed gold ore overhang appearing on regular levels	core/src/main/java/com/shatteredpixel/shatteredpixeldungeon/tiles/DungeonTileSheet.java	general
4a8d4f2288a00f345fda47e3e2187f0070327944	v2.1.4..v2.2.1	v2.2.0: moved ItemButton out of WndBlackSmith	core/src/main/java/com/shatteredpixel/shatteredpixeldungeon/items/artifacts/DriedRose.java;core/src/main/java/com/shatteredpixel/shatteredpixeldungeon/ui/ItemButton.java;core/src/main/java/com/shatteredpixel/shatteredpixeldungeon/windows/WndBlacksmith.java;core/src/main/java/com/shatteredpixel/shatteredpixeldungeon/windows/WndResurrect.java	general
caaa820038b09fb9e6735f1e476beb2a4c0d16dd	v2.1.4..v2.2.1	v2.2.0: added various safety checks to prevent rare crash errors	core/src/main/java/com/shatteredpixel/shatteredpixeldungeon/actors/Char.java;core/src/main/java/com/shatteredpixel/shatteredpixeldungeon/sprites/NecromancerSprite.java;core/src/main/java/com/shatteredpixel/shatteredpixeldungeon/ui/Toolbar.java;SPD-classes/src/main/java/com/watabou/noosa/audio/Sample.java;SPD-classes/src/main/java/com/watabou/noosa/Group.java	hotspot
4be8b8b65887e11f07e48cb15d17119303aa8a83	v2.1.4..v2.2.1	v2.2.0: refactored code that triggers on level transition	core/src/main/java/com/shatteredpixel/shatteredpixeldungeon/actors/hero/Hero.java;core/src/main/java/com/shatteredpixel/shatteredpixeldungeon/levels/CavesLevel.java;core/src/main/java/com/shatteredpixel/shatteredpixeldungeon/levels/HallsBossLevel.java;core/src/main/java/com/shatteredpixel/shatteredpixeldungeon/levels/Level.java;core/src/main/java/com/shatteredpixel/shatteredpixeldungeon/levels/MiningLevel.java;core/src/main/java/com/shatteredpixel/shatteredpixeldungeon/levels/SewerLevel.java	hotspot
2931951e8984d19b3036f828150dbeab36c9d0e4	v2.1.4..v2.2.1	v2.2.0: added a bunch of structuring for the blacksmith quest	core/src/main/assets/messages/actors/actors.properties;core/src/main/java/com/shatteredpixel/shatteredpixeldungeon/actors/hero/Hero.java;core/src/main/java/com/shatteredpixel/shatteredpixeldungeon/actors/mobs/npcs/Blacksmith.java	hotspot
49df81d88378f5b19dea9aa7e21b5bf9faf5ee43	v2.1.4..v2.2.1	v2.2.0: improved the consistency of gold from secret mine rooms	core/src/main/java/com/shatteredpixel/shatteredpixeldungeon/levels/rooms/quest/MineSecretRoom.java	general
c7d71180e61042e063cbe76c8522f3dfeb453d6c	v2.1.4..v2.2.1	v2.2.0: shopkeepers now warn before fleeing, and are immune out of FOV	core/src/main/assets/messages/actors/actors.properties;core/src/main/java/com/shatteredpixel/shatteredpixeldungeon/actors/mobs/npcs/Shopkeeper.java	general
345ddffd1bac242a6e9c76f45340ab77c1294ea1	v2.1.4..v2.2.1	v2.2.0: removed usages of negative values in Actor.addDelayed	core/src/main/java/com/shatteredpixel/shatteredpixeldungeon/actors/Actor.java;core/src/main/java/com/shatteredpixel/shatteredpixeldungeon/actors/hero/abilities/mage/WarpBeacon.java;core/src/main/java/com/shatteredpixel/shatteredpixeldungeon/actors/mobs/DemonSpawner.java;core/src/main/java/com/shatteredpixel/shatteredpixeldungeon/actors/mobs/Ghoul.java;core/src/main/java/com/shatteredpixel/shatteredpixeldungeon/actors/mobs/Guard.java;core/src/main/java/com/shatteredpixel/shatteredpixeldungeon/actors/mobs/Necromancer.java;core/src/main/java/com/shatteredpixel/shatteredpixeldungeon/actors/mobs/RipperDemon.java;core/src/main/java/com/shatteredpixel/shatteredpixeldungeon/actors/mobs/SpectralNecromancer.java;core/src/main/java/com/shatteredpixel/shatteredpixeldungeon/actors/mobs/Swarm.java;core/src/main/java/com/shatteredpixel/shatteredpixeldungeon/actors/mobs/YogDzewa.java;core/src/main/java/com/shatteredpixel/shatteredpixeldungeon/effects/Pushing.java;core/src/main/java/com/shatteredpixel/shatteredpixeldungeon/items/Amulet.java;core/src/main/java/com/shatteredpixel/shatteredpixeldungeon/items/Honeypot.java;core/src/main/java/com/shatteredpixel/shatteredpixeldungeon/items/spells/BeaconOfReturning.java;core/src/main/java/com/shatteredpixel/shatteredpixeldungeon/items/wands/WandOfBlastWave.java;core/src/main/java/com/shatteredpixel/shatteredpixeldungeon/levels/SewerLevel.java;core/src/main/java/com/shatteredpixel/shatteredpixeldungeon/levels/traps/PitfallTrap.java	hotspot
7b6fed2acf930dfc17d4e56b7be415360b85d838	v2.1.4..v2.2.1	v2.2.0: updated android build tools	android/build.gradle;build.gradle	platform
d1bc612d46cb22e6dcd1e7f8b9e1dec144699799	v2.1.4..v2.2.1	v2.2.0: added basic logic for quest scoring and a reward placeholder	core/src/main/assets/messages/items/items.properties;core/src/main/java/com/shatteredpixel/shatteredpixeldungeon/actors/hero/Hero.java;core/src/main/java/com/shatteredpixel/shatteredpixeldungeon/actors/mobs/npcs/Blacksmith.java	hotspot
987053121dc2210c3646fe80bbbe7bcf51d9021b	v2.1.4..v2.2.1	v2.2.0: early impl for blacksmith quest granting	core/src/main/assets/messages/actors/actors.properties;core/src/main/java/com/shatteredpixel/shatteredpixeldungeon/actors/hero/Hero.java;core/src/main/java/com/shatteredpixel/shatteredpixeldungeon/actors/mobs/npcs/Blacksmith.java;core/src/main/java/com/shatteredpixel/shatteredpixeldungeon/items/quest/Pickaxe.java	hotspot
f81fc2b1ed804ab4c55d3d9c721c921fba8e548b	v2.1.4..v2.2.1	v2.2.0: updated credits links for Watabou, Kristjan, and Arcnor	core/src/main/java/com/shatteredpixel/shatteredpixeldungeon/scenes/AboutScene.java	general
c09f28ea30495b738ac9ee86c5edf017386558a9	v2.1.4..v2.2.1	v2.2.0: implemented a bunch of baseline logic for the mining area	core/src/main/java/com/shatteredpixel/shatteredpixeldungeon/levels/MiningLevel.java;core/src/main/java/com/shatteredpixel/shatteredpixeldungeon/levels/painters/MiningLevelPainter.java;core/src/main/java/com/shatteredpixel/shatteredpixeldungeon/levels/rooms/quest/MineEntrance.java;core/src/main/java/com/shatteredpixel/shatteredpixeldungeon/levels/rooms/quest/MineGiantRoom.java;core/src/main/java/com/shatteredpixel/shatteredpixeldungeon/levels/rooms/quest/MineLargeRoom.java;core/src/main/java/com/shatteredpixel/shatteredpixeldungeon/levels/rooms/quest/MineSecretRoom.java;core/src/main/java/com/shatteredpixel/shatteredpixeldungeon/levels/rooms/quest/MineSmallRoom.java	hotspot
ecf5c97a07e1ebf4443367c00f9cc1d66639c3de	v2.1.4..v2.2.1	v2.2.0: reverted unintentional increase to CaveRoom minimum size	core/src/main/java/com/shatteredpixel/shatteredpixeldungeon/levels/rooms/standard/CaveRoom.java	general
b19900f763435e3189c0aa1b0a860506a219ab95	v2.1.4..v2.2.1	v2.2.0: moved existing quest rooms into their own package	core/src/main/assets/messages/levels/levels.properties;core/src/main/java/com/shatteredpixel/shatteredpixeldungeon/actors/mobs/npcs/Blacksmith.java;core/src/main/java/com/shatteredpixel/shatteredpixeldungeon/actors/mobs/npcs/Wandmaker.java;core/src/main/java/com/shatteredpixel/shatteredpixeldungeon/items/quest/CeremonialCandle.java;core/src/main/java/com/shatteredpixel/shatteredpixeldungeon/levels/rooms/quest/BlacksmithRoom.java;core/src/main/java/com/shatteredpixel/shatteredpixeldungeon/levels/rooms/quest/MassGraveRoom.java;core/src/main/java/com/shatteredpixel/shatteredpixeldungeon/levels/rooms/quest/RitualSiteRoom.java;core/src/main/java/com/shatteredpixel/shatteredpixeldungeon/levels/rooms/quest/RotGardenRoom.java;core/src/main/java/com/shatteredpixel/shatteredpixeldungeon/levels/rooms/special/MassGraveRoom.java;core/src/main/java/com/shatteredpixel/shatteredpixeldungeon/levels/rooms/special/RotGardenRoom.java;core/src/main/java/com/shatteredpixel/shatteredpixeldungeon/levels/rooms/standard/BlacksmithRoom.java;core/src/main/java/com/shatteredpixel/shatteredpixeldungeon/levels/rooms/standard/RitualSiteRoom.java;core/src/main/java/com/shatteredpixel/shatteredpixeldungeon/ShatteredPixelDungeon.java	hotspot
4c648b460a0fcbf00ea6ffd6a453139965f4b160	v2.1.4..v2.2.1	v2.2.0: added a proper entrance room for the blacksmith quest area	core/src/main/assets/environment/custom_tiles/caves_quest.png;core/src/main/assets/messages/levels/levels.properties;core/src/main/java/com/shatteredpixel/shatteredpixeldungeon/levels/MiningLevel.java;core/src/main/java/com/shatteredpixel/shatteredpixeldungeon/levels/rooms/quest/MineEntrance.java;core/src/main/java/com/shatteredpixel/shatteredpixeldungeon/levels/rooms/standard/BlacksmithRoom.java	assets
054ffbc21b80d09301a387e75673cb129c2ebf3d	v2.1.4..v2.2.1	v2.2.0: re-added grass in terrain features (forgot about custom visuals)	core/src/main/assets/environment/terrain_features.png;core/src/main/java/com/shatteredpixel/shatteredpixeldungeon/tiles/TerrainFeaturesTilemap.java	assets
c48b372bfc9f01351dc8bffa07506d99b97c8ffd	v2.1.4..v2.2.1	v2.2.0: refactored patch rooms to be more extensible	core/src/main/java/com/shatteredpixel/shatteredpixeldungeon/levels/rooms/standard/BurnedRoom.java;core/src/main/java/com/shatteredpixel/shatteredpixeldungeon/levels/rooms/standard/CaveRoom.java;core/src/main/java/com/shatteredpixel/shatteredpixeldungeon/levels/rooms/standard/ChasmRoom.java;core/src/main/java/com/shatteredpixel/shatteredpixeldungeon/levels/rooms/standard/CircleBasinRoom.java;core/src/main/java/com/shatteredpixel/shatteredpixeldungeon/levels/rooms/standard/PatchRoom.java;core/src/main/java/com/shatteredpixel/shatteredpixeldungeon/levels/rooms/standard/RuinsRoom.java	general
36e21c0ffc92b167df84654b89f0ca14180a5034	v2.1.4..v2.2.1	v2.2.0: improved levelgen consistency when debugging	core/src/main/java/com/shatteredpixel/shatteredpixeldungeon/scenes/InterlevelScene.java	general
0098ce2343ff302a74f32511ede4322cdc45943f	v2.1.4..v2.2.1	v2.2.0: added some new terrain types for blacksmith quest	core/src/main/assets/environment/tiles_caves.png;core/src/main/assets/messages/levels/levels.properties;core/src/main/java/com/shatteredpixel/shatteredpixeldungeon/actors/hero/Hero.java;core/src/main/java/com/shatteredpixel/shatteredpixeldungeon/levels/MiningLevel.java;core/src/main/java/com/shatteredpixel/shatteredpixeldungeon/levels/Terrain.java;core/src/main/java/com/shatteredpixel/shatteredpixeldungeon/tiles/DungeonTerrainTilemap.java;core/src/main/java/com/shatteredpixel/shatteredpixeldungeon/tiles/DungeonTileSheet.java;core/src/main/java/com/shatteredpixel/shatteredpixeldungeon/tiles/DungeonWallsTilemap.java	assets
d007df8e7816ceb57887ebdef6a972e590e961dd	v2.1.4..v2.2.1	v2.2.0: stacking healing effects is now a bit more generous	core/src/main/java/com/shatteredpixel/shatteredpixeldungeon/actors/buffs/Healing.java	general
fd0f4ce77ae1946af0ebf392498acf8406714507	v2.1.4..v2.2.1	v2.2.0: added a new custom decoration tile type (replaces signs)	core/src/main/java/com/shatteredpixel/shatteredpixeldungeon/levels/CavesBossLevel.java;core/src/main/java/com/shatteredpixel/shatteredpixeldungeon/levels/CityBossLevel.java;core/src/main/java/com/shatteredpixel/shatteredpixeldungeon/levels/Terrain.java;core/src/main/java/com/shatteredpixel/shatteredpixeldungeon/tiles/DungeonTileSheet.java	hotspot
6e5687e58086c9b592e39ade4cc4edc4b17f8cf3	v2.1.4..v2.2.1	v2.2.0: restructured terrain assets to make more free space	core/src/main/assets/environment/tiles_caves.png;core/src/main/assets/environment/tiles_city.png;core/src/main/assets/environment/tiles_halls.png;core/src/main/assets/environment/tiles_prison.png;core/src/main/assets/environment/tiles_sewers.png;core/src/main/assets/messages/levels/levels.properties;core/src/main/java/com/shatteredpixel/shatteredpixeldungeon/levels/Level.java;core/src/main/java/com/shatteredpixel/shatteredpixeldungeon/levels/Terrain.java;core/src/main/java/com/shatteredpixel/shatteredpixeldungeon/tiles/DungeonTerrainTilemap.java;core/src/main/java/com/shatteredpixel/shatteredpixeldungeon/tiles/DungeonTileSheet.java;core/src/main/java/com/shatteredpixel/shatteredpixeldungeon/tiles/DungeonWallsTilemap.java;core/src/main/java/com/shatteredpixel/shatteredpixeldungeon/tiles/RaisedTerrainTilemap.java	assets
6ca1846fd11d327b99f7a21ccba39344891e1b16	v2.1.4..v2.2.1	v2.2.0: removed redundant rendering of grass from terrain features	core/src/main/assets/environment/terrain_features.png;core/src/main/java/com/shatteredpixel/shatteredpixeldungeon/tiles/TerrainFeaturesTilemap.java	assets
8f741edbc91d1c476f36e04a84cb58b1b63cce7d	v2.1.4..v2.2.1	v2.2.0: further improved clarity of gold in stitched wall tiles	core/src/main/assets/environment/tiles_caves.png;core/src/main/java/com/shatteredpixel/shatteredpixeldungeon/levels/CavesLevel.java;core/src/main/java/com/shatteredpixel/shatteredpixeldungeon/levels/MiningLevel.java;core/src/main/java/com/shatteredpixel/shatteredpixeldungeon/tiles/DungeonTileSheet.java	assets
0b754e96261e6270abe3230d0f67f3a8b8cefc0d	v2.1.4..v2.2.1	v2.2.0: gold in the mining level now twinkles above wall overhang	core/src/main/java/com/shatteredpixel/shatteredpixeldungeon/levels/Level.java;core/src/main/java/com/shatteredpixel/shatteredpixeldungeon/levels/MiningLevel.java;core/src/main/java/com/shatteredpixel/shatteredpixeldungeon/scenes/GameScene.java	hotspot
d4d1a5007cc7b5bb8ebfdd71a7a7948901a82645	v2.1.4..v2.2.1	v2.2.0: fixed ratmogrify making raging gnoll brutes invulnerable	core/src/main/java/com/shatteredpixel/shatteredpixeldungeon/actors/hero/abilities/Ratmogrify.java	general
7127f31095466e1911166eabcc303a5a43103f87	v2.1.4..v2.2.1	v2.2.0: attempted to improve some aspects of iOS crash reporting	ios/src/main/java/com/shatteredpixel/shatteredpixeldungeon/ios/IOSLauncher.java	platform
270340495fdd9200f136ddfdfa7ed2715fcac0eb	v2.1.4..v2.2.1	v2.2.0: fixed some wands giving buffs when shooting NPCs/allies	core/src/main/java/com/shatteredpixel/shatteredpixeldungeon/items/wands/WandOfLivingEarth.java;core/src/main/java/com/shatteredpixel/shatteredpixeldungeon/items/wands/WandOfTransfusion.java	general
9f5c118172374c4eebb1d488f178b446783c681d	v2.1.4..v2.2.1	v2.2.0: transmute scroll no longer turns pots/scrolls into exotics	core/src/main/java/com/shatteredpixel/shatteredpixeldungeon/items/scrolls/ScrollOfTransmutation.java;core/src/main/java/com/shatteredpixel/shatteredpixeldungeon/items/spells/Recycle.java	general
5ea26eedf7352d4d379fdff7235049499bed84d3	v2.1.4..v2.2.1	v2.2.0: fixed further errors with seal transferring and class armor	core/src/main/java/com/shatteredpixel/shatteredpixeldungeon/items/armor/Armor.java;core/src/main/java/com/shatteredpixel/shatteredpixeldungeon/items/armor/ClassArmor.java;core/src/main/java/com/shatteredpixel/shatteredpixeldungeon/items/BrokenSeal.java;core/src/main/java/com/shatteredpixel/shatteredpixeldungeon/items/weapon/Weapon.java	general
1c01cf76ef735148eacadfd548ab495f5390715c	v2.1.4..v2.2.1	v2.2.0: fixed storm clouds not clearing fire or damaging fiery enemies	core/src/main/java/com/shatteredpixel/shatteredpixeldungeon/actors/blobs/StormCloud.java	general
175bf532d2a9e5830ae92fbf69ebf9599d84588d	v2.1.4..v2.2.1	v2.2.0: added a failure condition check for branch creation	core/src/main/java/com/shatteredpixel/shatteredpixeldungeon/levels/builders/BranchesBuilder.java;core/src/main/java/com/shatteredpixel/shatteredpixeldungeon/levels/builders/FigureEightBuilder.java;core/src/main/java/com/shatteredpixel/shatteredpixeldungeon/levels/builders/LineBuilder.java;core/src/main/java/com/shatteredpixel/shatteredpixeldungeon/levels/builders/LoopBuilder.java;core/src/main/java/com/shatteredpixel/shatteredpixeldungeon/levels/builders/RegularBuilder.java	general
ae9b93511002be43302ea918cd412b30712415f6	v2.1.4..v2.2.1	v2.2.0: fixed mining levels creating custom tile visuals multiple times	core/src/main/java/com/shatteredpixel/shatteredpixeldungeon/levels/MiningLevel.java	hotspot
e597624555d029e5a407136145343a2040bbf34f	v2.1.4..v2.2.1	v2.2.0: fixed combined direction key actions not always being adjacent	core/src/main/java/com/shatteredpixel/shatteredpixeldungeon/scenes/CellSelector.java;SPD-classes/src/main/java/com/watabou/utils/Point.java;SPD-classes/src/main/java/com/watabou/utils/PointF.java	general
c7f288ea985e26c3cea648fa87da1c58ede33178	v2.1.4..v2.2.1	v2.2.0: corruption no longer causes phantom piranhas to teleport wildly	core/src/main/java/com/shatteredpixel/shatteredpixeldungeon/actors/mobs/PhantomPiranha.java	general
4373c493c523d64d7b7432e70ad613bb53a84fa6	v2.1.4..v2.2.1	v2.2.0: slightly boosted newborn elemental boss damage (2/5 -> 1/2)	core/src/main/java/com/shatteredpixel/shatteredpixeldungeon/actors/mobs/Elemental.java	general
40da2d003c3a83d98f845410d57dde7a6cf10fcd	v2.1.4..v2.2.1	v2.2.0: overhauled the wandmaker's rotberry quest	core/src/main/assets/messages/actors/actors.properties;core/src/main/java/com/shatteredpixel/shatteredpixeldungeon/actors/mobs/RotHeart.java;core/src/main/java/com/shatteredpixel/shatteredpixeldungeon/actors/mobs/RotLasher.java;core/src/main/java/com/shatteredpixel/shatteredpixeldungeon/levels/rooms/special/RotGardenRoom.java	general
e5e3503cfa43b8f2766167557fdc26a08b2c0c8d	v2.1.4..v2.2.1	v2.2.0: fixed copyAndroidNatives causing errors with project cleaning	android/build.gradle	platform
7832b420427efc9c2e27e1797ad1ec31e9ca3302	v2.1.4..v2.2.1	v2.2.0: overhauled the wandmaker's elemental embers quest	core/src/main/assets/messages/actors/actors.properties;core/src/main/assets/messages/items/items.properties;core/src/main/java/com/shatteredpixel/shatteredpixeldungeon/actors/mobs/Elemental.java;core/src/main/java/com/shatteredpixel/shatteredpixeldungeon/levels/rooms/standard/RitualSiteRoom.java;core/src/main/java/com/shatteredpixel/shatteredpixeldungeon/sprites/ElementalSprite.java	general
123e20b664023488a21ab6cced9780e574167014	v2.1.4..v2.2.1	v2.2.0: made tweaks to the wandmaker's corpse dust quest	core/src/main/java/com/shatteredpixel/shatteredpixeldungeon/items/quest/CorpseDust.java;core/src/main/java/com/shatteredpixel/shatteredpixeldungeon/levels/rooms/special/MassGraveRoom.java	general
af0cef90dec8581a62554f35fd4860c901e5e9e0	v2.1.4..v2.2.1	v2.2.0: bosses from the sewers quest now tend to wander towards the hero	core/src/main/java/com/shatteredpixel/shatteredpixeldungeon/actors/mobs/FetidRat.java;core/src/main/java/com/shatteredpixel/shatteredpixeldungeon/actors/mobs/GnollTrickster.java;core/src/main/java/com/shatteredpixel/shatteredpixeldungeon/actors/mobs/Golem.java;core/src/main/java/com/shatteredpixel/shatteredpixeldungeon/actors/mobs/GreatCrab.java;core/src/main/java/com/shatteredpixel/shatteredpixeldungeon/actors/mobs/Mob.java	general
97b8edd4d63578951ba810a7eeedce924a6d04e6	v2.1.4..v2.2.1	v2.2.0: the ghost now wanders again, but only within the exit room	core/src/main/java/com/shatteredpixel/shatteredpixeldungeon/actors/mobs/npcs/Ghost.java	general
b90bd6c735e8a880fea20694af235e324f99d606	v2.1.4..v2.2.1	v2.2.0: fixed recent quest changes causing sewer levels to skip mob spawning	core/src/main/java/com/shatteredpixel/shatteredpixeldungeon/levels/SewerLevel.java	hotspot
2879e9ae549935decfa61bbdb8566997cf39060e	v2.1.4..v2.2.1	v2.2.0: overhauled logic for item consumption when use has multi steps	core/src/main/java/com/shatteredpixel/shatteredpixeldungeon/items/artifacts/UnstableSpellbook.java;core/src/main/java/com/shatteredpixel/shatteredpixeldungeon/items/potions/exotic/PotionOfDivineInspiration.java;core/src/main/java/com/shatteredpixel/shatteredpixeldungeon/items/potions/exotic/PotionOfDragonsBreath.java;core/src/main/java/com/shatteredpixel/shatteredpixeldungeon/items/potions/exotic/PotionOfMastery.java;core/src/main/java/com/shatteredpixel/shatteredpixeldungeon/items/scrolls/exotic/ScrollOfAntiMagic.java;core/src/main/java/com/shatteredpixel/shatteredpixeldungeon/items/scrolls/exotic/ScrollOfChallenge.java;core/src/main/java/com/shatteredpixel/shatteredpixeldungeon/items/scrolls/exotic/ScrollOfDivination.java;core/src/main/java/com/shatteredpixel/shatteredpixeldungeon/items/scrolls/exotic/ScrollOfDread.java;core/src/main/java/com/shatteredpixel/shatteredpixeldungeon/items/scrolls/exotic/ScrollOfEnchantment.java;core/src/main/java/com/shatteredpixel/shatteredpixeldungeon/items/scrolls/exotic/ScrollOfForesight.java;core/src/main/java/com/shatteredpixel/shatteredpixeldungeon/items/scrolls/exotic/ScrollOfMetamorphosis.java;core/src/main/java/com/shatteredpixel/shatteredpixeldungeon/items/scrolls/exotic/ScrollOfMysticalEnergy.java;core/src/main/java/com/shatteredpixel/shatteredpixeldungeon/items/scrolls/exotic/ScrollOfPassage.java;core/src/main/java/com/shatteredpixel/shatteredpixeldungeon/items/scrolls/exotic/ScrollOfPrismaticImage.java;core/src/main/java/com/shatteredpixel/shatteredpixeldungeon/items/scrolls/exotic/ScrollOfPsionicBlast.java;core/src/main/java/com/shatteredpixel/shatteredpixeldungeon/items/scrolls/exotic/ScrollOfSirensSong.java;core/src/main/java/com/shatteredpixel/shatteredpixeldungeon/items/scrolls/InventoryScroll.java;core/src/main/java/com/shatteredpixel/shatteredpixeldungeon/items/scrolls/Scroll.java;core/src/main/java/com/shatteredpixel/shatteredpixeldungeon/items/scrolls/ScrollOfLullaby.java;core/src/main/java/com/shatteredpixel/shatteredpixeldungeon/items/scrolls/ScrollOfMagicMapping.java;core/src/main/java/com/shatteredpixel/shatteredpixeldungeon/items/scrolls/ScrollOfMirrorImage.java;core/src/main/java/com/shatteredpixel/shatteredpixeldungeon/items/scrolls/ScrollOfRage.java;core/src/main/java/com/shatteredpixel/shatteredpixeldungeon/items/scrolls/ScrollOfRecharging.java;core/src/main/java/com/shatteredpixel/shatteredpixeldungeon/items/scrolls/ScrollOfRemoveCurse.java;core/src/main/java/com/shatteredpixel/shatteredpixeldungeon/items/scrolls/ScrollOfRetribution.java;core/src/main/java/com/shatteredpixel/shatteredpixeldungeon/items/scrolls/ScrollOfTeleportation.java;core/src/main/java/com/shatteredpixel/shatteredpixeldungeon/items/scrolls/ScrollOfTerror.java;core/src/main/java/com/shatteredpixel/shatteredpixeldungeon/items/stones/InventoryStone.java;core/src/main/java/com/shatteredpixel/shatteredpixeldungeon/items/stones/StoneOfAugmentation.java;core/src/main/java/com/shatteredpixel/shatteredpixeldungeon/items/stones/StoneOfEnchantment.java;core/src/main/java/com/shatteredpixel/shatteredpixeldungeon/items/stones/StoneOfIntuition.java	general
f495b85df7d3d70ac5d6b84ea3fe48f30814408e	v2.1.4..v2.2.1	v2.2.0: removed popup message when entering mining level	core/src/main/assets/messages/scenes/scenes.properties;core/src/main/java/com/shatteredpixel/shatteredpixeldungeon/scenes/GameScene.java	general
25d84412a4fff6add313b1f8fa6eeb3782f02298	v2.1.4..v2.2.1	v2.2.0: fixed beacon of returning not bundling its branch value	core/src/main/java/com/shatteredpixel/shatteredpixeldungeon/items/spells/BeaconOfReturning.java	general
dbb1e8b14dd6d23a2d92dc1976c80d8e5abeb785	v2.1.4..v2.2.1	v2.2.0: made a bunch of WIP improvements to mining level layout	core/src/main/java/com/shatteredpixel/shatteredpixeldungeon/levels/MiningLevel.java;core/src/main/java/com/shatteredpixel/shatteredpixeldungeon/levels/painters/MiningLevelPainter.java	hotspot
b3450cc731d90396391c221ffc9cccd2b5974491	v2.1.4..v2.2.1	v2.2.0: made branches builder a bit more compact	core/src/main/java/com/shatteredpixel/shatteredpixeldungeon/levels/builders/BranchesBuilder.java	general
bf1c608a00e7f21e3c46b408f4d2f10bd9929a88	v2.1.4..v2.2.1	v2.2.0: fixed imp shouting 'hey' from outside hero FOV	core/src/main/java/com/shatteredpixel/shatteredpixeldungeon/actors/mobs/npcs/Imp.java	general
91387bfe783a1d3e73f0154386abac36dac341c0	v2.1.4..v2.2.1	v2.2.0: standardized code for how quest NPCs are spawned	core/src/main/java/com/shatteredpixel/shatteredpixeldungeon/levels/painters/PrisonPainter.java;core/src/main/java/com/shatteredpixel/shatteredpixeldungeon/levels/PrisonLevel.java;core/src/main/java/com/shatteredpixel/shatteredpixeldungeon/levels/SewerLevel.java	hotspot
650d05bbc3712a7cc0a3a6644c296946bf5fec0a	v2.1.4..v2.2.1	v2.2.0: stacked equipped rings now describe their combined effect	core/src/main/assets/messages/items/items.properties;core/src/main/java/com/shatteredpixel/shatteredpixeldungeon/items/rings/RingOfAccuracy.java;core/src/main/java/com/shatteredpixel/shatteredpixeldungeon/items/rings/RingOfArcana.java;core/src/main/java/com/shatteredpixel/shatteredpixeldungeon/items/rings/RingOfElements.java;core/src/main/java/com/shatteredpixel/shatteredpixeldungeon/items/rings/RingOfEnergy.java;core/src/main/java/com/shatteredpixel/shatteredpixeldungeon/items/rings/RingOfEvasion.java;core/src/main/java/com/shatteredpixel/shatteredpixeldungeon/items/rings/RingOfForce.java;core/src/main/java/com/shatteredpixel/shatteredpixeldungeon/items/rings/RingOfFuror.java;core/src/main/java/com/shatteredpixel/shatteredpixeldungeon/items/rings/RingOfHaste.java;core/src/main/java/com/shatteredpixel/shatteredpixeldungeon/items/rings/RingOfMight.java;core/src/main/java/com/shatteredpixel/shatteredpixeldungeon/items/rings/RingOfSharpshooting.java;core/src/main/java/com/shatteredpixel/shatteredpixeldungeon/items/rings/RingOfTenacity.java;core/src/main/java/com/shatteredpixel/shatteredpixeldungeon/items/rings/RingOfWealth.java	general
09b808c8571c910be748d699fcbef07baee67d08	v2.1.4..v2.2.1	v2.2.0: changed a translation credits name on request	core/src/main/java/com/shatteredpixel/shatteredpixeldungeon/messages/Languages.java	general
d8e11473f924ba4af8b4a237791c142eb52fa5cf	v2.1.4..v2.2.1	v2.2.0: fixed an incorrect check in desktop exception handler	desktop/src/main/java/com/shatteredpixel/shatteredpixeldungeon/desktop/DesktopLauncher.java	platform
8abc3699d5d961ff81947d9c23696d9bd862a5c9	v2.1.4..v2.2.1	v2.2.0: overhauled retreating enemy AI	core/src/main/java/com/shatteredpixel/shatteredpixeldungeon/actors/mobs/CrystalMimic.java;core/src/main/java/com/shatteredpixel/shatteredpixeldungeon/actors/mobs/Mob.java;core/src/main/java/com/shatteredpixel/shatteredpixeldungeon/actors/mobs/Spinner.java;core/src/main/java/com/shatteredpixel/shatteredpixeldungeon/actors/mobs/Thief.java;core/src/main/java/com/shatteredpixel/shatteredpixeldungeon/Dungeon.java;SPD-classes/src/main/java/com/watabou/utils/PathFinder.java	hotspot
c9eb216d203cb889095b12ba68b7282e45544382	v2.1.4..v2.2.1	v2.2.0: moved BArray into the SPD-classes module	core/src/main/java/com/shatteredpixel/shatteredpixeldungeon/actors/buffs/ChampionEnemy.java;core/src/main/java/com/shatteredpixel/shatteredpixeldungeon/actors/buffs/Combo.java;core/src/main/java/com/shatteredpixel/shatteredpixeldungeon/actors/buffs/Preparation.java;core/src/main/java/com/shatteredpixel/shatteredpixeldungeon/actors/Char.java;core/src/main/java/com/shatteredpixel/shatteredpixeldungeon/actors/hero/abilities/duelist/Challenge.java;core/src/main/java/com/shatteredpixel/shatteredpixeldungeon/actors/hero/abilities/mage/WarpBeacon.java;core/src/main/java/com/shatteredpixel/shatteredpixeldungeon/actors/hero/abilities/rogue/DeathMark.java;core/src/main/java/com/shatteredpixel/shatteredpixeldungeon/actors/hero/abilities/rogue/ShadowClone.java;core/src/main/java/com/shatteredpixel/shatteredpixeldungeon/actors/hero/abilities/rogue/SmokeBomb.java;core/src/main/java/com/shatteredpixel/shatteredpixeldungeon/actors/mobs/DM200.java;core/src/main/java/com/shatteredpixel/shatteredpixeldungeon/actors/mobs/Golem.java;core/src/main/java/com/shatteredpixel/shatteredpixeldungeon/actors/mobs/Necromancer.java;core/src/main/java/com/shatteredpixel/shatteredpixeldungeon/actors/mobs/Tengu.java;core/src/main/java/com/shatteredpixel/shatteredpixeldungeon/Dungeon.java;core/src/main/java/com/shatteredpixel/shatteredpixeldungeon/items/artifacts/EtherealChains.java;core/src/main/java/com/shatteredpixel/shatteredpixeldungeon/items/bombs/ArcaneBomb.java;core/src/main/java/com/shatteredpixel/shatteredpixeldungeon/items/bombs/Firebomb.java;core/src/main/java/com/shatteredpixel/shatteredpixeldungeon/items/bombs/FrostBomb.java;core/src/main/java/com/shatteredpixel/shatteredpixeldungeon/items/bombs/HolyBomb.java;core/src/main/java/com/shatteredpixel/shatteredpixeldungeon/items/bombs/RegrowthBomb.java;core/src/main/java/com/shatteredpixel/shatteredpixeldungeon/items/bombs/ShockBomb.java;core/src/main/java/com/shatteredpixel/shatteredpixeldungeon/items/bombs/WoollyBomb.java;core/src/main/java/com/shatteredpixel/shatteredpixeldungeon/items/KindOfWeapon.java;core/src/main/java/com/shatteredpixel/shatteredpixeldungeon/items/potions/brews/CausticBrew.java;core/src/main/java/com/shatteredpixel/shatteredpixeldungeon/items/potions/brews/ShockingBrew.java;core/src/main/java/com/shatteredpixel/shatteredpixeldungeon/items/potions/PotionOfPurity.java;core/src/main/java/com/shatteredpixel/shatteredpixeldungeon/items/scrolls/exotic/ScrollOfChallenge.java;core/src/main/java/com/shatteredpixel/shatteredpixeldungeon/items/scrolls/ScrollOfTeleportation.java;core/src/main/java/com/shatteredpixel/shatteredpixeldungeon/items/stones/StoneOfFlock.java;core/src/main/java/com/shatteredpixel/shatteredpixeldungeon/items/stones/StoneOfShock.java;core/src/main/java/com/shatteredpixel/shatteredpixeldungeon/items/wands/WandOfLightning.java;core/src/main/java/com/shatteredpixel/shatteredpixeldungeon/items/weapon/enchantments/Shocking.java;core/src/main/java/com/shatteredpixel/shatteredpixeldungeon/items/weapon/missiles/darts/DisplacingDart.java;core/src/main/java/com/shatteredpixel/shatteredpixeldungeon/levels/Level.java;core/src/main/java/com/shatteredpixel/shatteredpixeldungeon/levels/PrisonBossLevel.java;core/src/main/java/com/shatteredpixel/shatteredpixeldungeon/levels/rooms/standard/PatchRoom.java;core/src/main/java/com/shatteredpixel/shatteredpixeldungeon/levels/traps/BlazingTrap.java;core/src/main/java/com/shatteredpixel/shatteredpixeldungeon/levels/traps/FlockTrap.java;core/src/main/java/com/shatteredpixel/shatteredpixeldungeon/levels/traps/FrostTrap.java;core/src/main/java/com/shatteredpixel/shatteredpixeldungeon/levels/traps/GeyserTrap.java;core/src/main/java/com/shatteredpixel/shatteredpixeldungeon/levels/traps/RockfallTrap.java;core/src/main/java/com/shatteredpixel/shatteredpixeldungeon/levels/traps/StormTrap.java;core/src/main/java/com/shatteredpixel/shatteredpixeldungeon/levels/traps/WarpingTrap.java;core/src/main/java/com/shatteredpixel/shatteredpixeldungeon/mechanics/ShadowCaster.java;core/src/main/java/com/shatteredpixel/shatteredpixeldungeon/plants/Icecap.java;core/src/main/java/com/shatteredpixel/shatteredpixeldungeon/scenes/InterlevelScene.java;core/src/main/java/com/shatteredpixel/shatteredpixeldungeon/ui/QuickSlotButton.java;core/src/main/java/com/shatteredpixel/shatteredpixeldungeon/utils/BArray.java;SPD-classes/src/main/java/com/watabou/utils/BArray.java	hotspot
4bbd69a47068d25ea5f3782a575f78f9fe09c541	v2.1.4..v2.2.1	v2.2.0: the sad ghost now spawns and stays at the level exit	core/src/main/java/com/shatteredpixel/shatteredpixeldungeon/actors/mobs/npcs/Ghost.java;core/src/main/java/com/shatteredpixel/shatteredpixeldungeon/levels/SewerLevel.java	hotspot
b454a8eb93f2b0d8319d6f6ebf7d81ffb1db43a0	v2.1.4..v2.2.1	v2.2.0: fixed various un-triggered logic errors in builder code	core/src/main/java/com/shatteredpixel/shatteredpixeldungeon/levels/builders/BranchesBuilder.java;core/src/main/java/com/shatteredpixel/shatteredpixeldungeon/levels/builders/FigureEightBuilder.java;core/src/main/java/com/shatteredpixel/shatteredpixeldungeon/levels/builders/LineBuilder.java;core/src/main/java/com/shatteredpixel/shatteredpixeldungeon/levels/builders/LoopBuilder.java	general
da0968702e76cd2458018252c760d67f7cfaa7b1	v2.1.4..v2.2.1	v2.2.0: redesigned crystal path rooms	core/src/main/java/com/shatteredpixel/shatteredpixeldungeon/items/Generator.java;core/src/main/java/com/shatteredpixel/shatteredpixeldungeon/levels/rooms/special/CrystalPathRoom.java	general
43ede6779ee1ad5d7b0e0527269557e8e303ee5d	v2.1.4..v2.2.1	v2.2.0: removed some excessive commas from guardian summon descriptions	core/src/main/assets/messages/levels/levels.properties	localization
94a83095c4ae812c126e4ef7df8164809b347f7c	v2.1.4..v2.2.1	v2.2.0: reduced projecting champion range again	core/src/main/assets/messages/actors/actors.properties;core/src/main/assets/messages/misc/misc.properties;core/src/main/java/com/shatteredpixel/shatteredpixeldungeon/actors/buffs/ChampionEnemy.java	general
daa7c31490cba704c2461f4b5c0c6505a470ed2e	v2.1.4..v2.2.1	v2.2.0: fixed ClassArmor upgrade sometimes changing specific glyph state	core/src/main/java/com/shatteredpixel/shatteredpixeldungeon/items/armor/ClassArmor.java	general
3307d2d2fb8b1f5d807bb0b14482f094ca4bad4c	v2.1.4..v2.2.1	v2.2.0: fixed degradation not properly applying to the mage's staff	core/src/main/java/com/shatteredpixel/shatteredpixeldungeon/items/wands/Wand.java	general
d6fa0b82dddaf09295a009a6f08e3a2b958d3733	v2.1.4..v2.2.1	v2.2.0: added a basic first gold generator for mining levels	core/src/main/java/com/shatteredpixel/shatteredpixeldungeon/levels/MiningLevel.java;core/src/main/java/com/shatteredpixel/shatteredpixeldungeon/levels/painters/CavesPainter.java;core/src/main/java/com/shatteredpixel/shatteredpixeldungeon/levels/painters/MiningLevelPainter.java	hotspot
aec4b0089c731ac6102fcdbdd1cac6440b8c00e9	v2.1.4..v2.2.1	v2.2.0: tutorial is now skipped if there is some existing save data	core/src/main/java/com/shatteredpixel/shatteredpixeldungeon/scenes/HeroSelectScene.java;core/src/main/java/com/shatteredpixel/shatteredpixeldungeon/scenes/WelcomeScene.java	general
66c62f208180a204d3ca5dd872f386191036733c	v2.1.4..v2.2.1	v2.2.0: improved border visuals for mining level	core/src/main/assets/environment/custom_tiles/caves_quest.png;core/src/main/java/com/shatteredpixel/shatteredpixeldungeon/levels/MiningLevel.java	assets
795bfdc6164e3f680ec247de1a7cdc9fc0b3adea	v2.1.4..v2.2.1	v2.2.0: improved logic for lowering tags into empty space	core/src/main/java/com/shatteredpixel/shatteredpixeldungeon/scenes/GameScene.java;core/src/main/java/com/shatteredpixel/shatteredpixeldungeon/ui/ActionIndicator.java;core/src/main/java/com/shatteredpixel/shatteredpixeldungeon/ui/AttackIndicator.java;core/src/main/java/com/shatteredpixel/shatteredpixeldungeon/ui/DangerIndicator.java;core/src/main/java/com/shatteredpixel/shatteredpixeldungeon/ui/LootIndicator.java;core/src/main/java/com/shatteredpixel/shatteredpixeldungeon/ui/ResumeIndicator.java;core/src/main/java/com/shatteredpixel/shatteredpixeldungeon/ui/Tag.java	general
39a50a1dc0f3e51d4b574062ad51db809685b0d6	v2.1.4..v2.2.1	v2.2.0: refactored noisemaker code to more cleanly extend from Bomb	core/src/main/java/com/shatteredpixel/shatteredpixeldungeon/items/bombs/Bomb.java;core/src/main/java/com/shatteredpixel/shatteredpixeldungeon/items/bombs/Noisemaker.java;core/src/main/java/com/shatteredpixel/shatteredpixeldungeon/items/Heap.java	general
d39ecceaef123ae751815aadafa062086a2b26b8	v2.1.4..v2.2.1	v2.2.0: updated version definitions in ShatteredPixelDungeon.java	core/src/main/java/com/shatteredpixel/shatteredpixeldungeon/scenes/WelcomeScene.java;core/src/main/java/com/shatteredpixel/shatteredpixeldungeon/ShatteredPixelDungeon.java	hotspot
13ba94252ad2fc9cbaeba7630b693964a6c754f7	v2.1.4..v2.2.1	v2.2.0: dev commentary for v1.1.0	core/src/main/java/com/shatteredpixel/shatteredpixeldungeon/ui/changelist/v1_X_Changes.java	general
ad18af5974692a36804d8b34959b9c46879d59df	v2.1.4..v2.2.1	v2.2.0: balance changes to hostile champions	core/src/main/assets/messages/actors/actors.properties;core/src/main/assets/messages/misc/misc.properties;core/src/main/java/com/shatteredpixel/shatteredpixeldungeon/actors/buffs/ChampionEnemy.java	general
a98a92dfbbf4793b64a81d1c3dcf49f1517de5bd	v2.1.4..v2.2.1	v2.2.0: condensed v2.1's changelog	core/src/main/java/com/shatteredpixel/shatteredpixeldungeon/ui/changelist/v2_X_Changes.java	docs
09e4ee04426e554982aee1439e8b8f59a6c2c0c9	v2.1.4..v2.2.1	v2.2.0: updated gradle	gradle/wrapper/gradle-wrapper.properties	general
53b4cf297e74a8a62a6b13b91dd173364e24ed9f	v2.1.4..v2.2.1	v2.2.0: removed support for android instant apps	android/src/main/AndroidManifest.xml;core/src/main/assets/messages/scenes/scenes.properties;core/src/main/assets/messages/windows/windows.properties;core/src/main/java/com/shatteredpixel/shatteredpixeldungeon/scenes/InterlevelScene.java;core/src/main/java/com/shatteredpixel/shatteredpixeldungeon/scenes/TitleScene.java;core/src/main/java/com/shatteredpixel/shatteredpixeldungeon/services/updates/Updates.java;core/src/main/java/com/shatteredpixel/shatteredpixeldungeon/windows/WndGame.java;core/src/main/java/com/shatteredpixel/shatteredpixeldungeon/windows/WndSettings.java;services/src/main/java/com/shatteredpixel/shatteredpixeldungeon/services/updates/UpdateService.java;services/updates/debugUpdates/src/main/java/com/shatteredpixel/shatteredpixeldungeon/services/updates/DebugUpdates.java;services/updates/githubUpdates/src/main/java/com/shatteredpixel/shatteredpixeldungeon/services/updates/GitHubUpdates.java	platform
9ba42fda5d86169f2e77b759538c231bd31f3f55	v2.1.0..v2.1.4	v2.1.4: updated changelog, translations, and version for v2.1.4 release	build.gradle;core/src/main/assets/messages/actors/actors_cs.properties;core/src/main/assets/messages/actors/actors_de.properties;core/src/main/assets/messages/actors/actors_es.properties;core/src/main/assets/messages/actors/actors_fr.properties;core/src/main/assets/messages/actors/actors_in.properties;core/src/main/assets/messages/actors/actors_it.properties;core/src/main/assets/messages/actors/actors_ja.properties;core/src/main/assets/messages/actors/actors_nl.properties;core/src/main/assets/messages/actors/actors_pl.properties;core/src/main/assets/messages/actors/actors_pt.properties;core/src/main/assets/messages/actors/actors_uk.properties;core/src/main/assets/messages/actors/actors_vi.properties;core/src/main/assets/messages/actors/actors_zh.properties;core/src/main/assets/messages/items/items_cs.properties;core/src/main/assets/messages/items/items_el.properties;core/src/main/assets/messages/items/items_es.properties;core/src/main/assets/messages/items/items_fr.properties;core/src/main/assets/messages/items/items_it.properties;core/src/main/assets/messages/items/items_pt.properties;core/src/main/assets/messages/items/items_ru.properties;core/src/main/assets/messages/items/items_uk.properties;core/src/main/assets/messages/items/items_vi.properties;core/src/main/assets/messages/journal/journal_es.properties;core/src/main/assets/messages/journal/journal_hu.properties;core/src/main/assets/messages/journal/journal_ja.properties;core/src/main/assets/messages/journal/journal_nl.properties;core/src/main/assets/messages/journal/journal_pl.properties;core/src/main/assets/messages/journal/journal_uk.properties;core/src/main/assets/messages/levels/levels_pt.properties;core/src/main/assets/messages/misc/misc_ja.properties;core/src/main/assets/messages/plants/plants_el.properties;core/src/main/assets/messages/plants/plants_ru.properties;core/src/main/assets/messages/scenes/scenes_it.properties;core/src/main/assets/messages/scenes/scenes_pt.properties;core/src/main/assets/messages/scenes/scenes_uk.properties;core/src/main/assets/messages/ui/ui_uk.properties;core/src/main/assets/messages/windows/windows_uk.properties;core/src/main/assets/messages/windows/windows_vi.properties;core/src/main/java/com/shatteredpixel/shatteredpixeldungeon/ui/changelist/v2_X_Changes.java	slice2-candidate
8a4a1b27574784dd3c7a46e30a059e75afb37348	v2.1.0..v2.1.4	v2.1.4: fixed mining level not properly setting its music	core/src/main/java/com/shatteredpixel/shatteredpixeldungeon/levels/MiningLevel.java	hotspot
769d6e29787116631425f56e72da8c0597ff277a	v2.1.0..v2.1.4	v2.1.4: fixed visual errors when hiding mimics were magically slept	core/src/main/java/com/shatteredpixel/shatteredpixeldungeon/actors/mobs/Mimic.java	general
19d24f8660ae5e77ae6862c78be9e5b68d9d8727	v2.1.0..v2.1.4	v2.1.4: condensed changelog for v2.0	core/src/main/java/com/shatteredpixel/shatteredpixeldungeon/ui/changelist/v2_X_Changes.java	docs
3d01bc8c2e57a27d1315d21274f64850039594e4	v2.1.0..v2.1.4	v2.1.4: fixed a few caess of game effects not accounting for branches	core/src/main/java/com/shatteredpixel/shatteredpixeldungeon/actors/buffs/RevealedArea.java;core/src/main/java/com/shatteredpixel/shatteredpixeldungeon/Dungeon.java;core/src/main/java/com/shatteredpixel/shatteredpixeldungeon/items/artifacts/TalismanOfForesight.java;core/src/main/java/com/shatteredpixel/shatteredpixeldungeon/items/keys/Key.java;core/src/main/java/com/shatteredpixel/shatteredpixeldungeon/journal/Notes.java;core/src/main/java/com/shatteredpixel/shatteredpixeldungeon/levels/Level.java;core/src/main/java/com/shatteredpixel/shatteredpixeldungeon/levels/traps/PitfallTrap.java	slice2-candidate
8c4a8acae51ce11e9072f6de8f6b2e4fff5ce94a	v2.1.0..v2.1.4	v2.1.4: fixed tilemap changes messing with some static visuals	core/src/main/java/com/shatteredpixel/shatteredpixeldungeon/ui/changelist/v0_7_X_Changes.java;core/src/main/java/com/shatteredpixel/shatteredpixeldungeon/ui/changelist/v1_X_Changes.java;core/src/main/java/com/shatteredpixel/shatteredpixeldungeon/windows/WndHeroInfo.java	general
c8ebdde5e7cf3a191a56fa922497e42a50d53020	v2.1.0..v2.1.4	v2.1.4: fixed randomWeapon not always using defaults when specified	core/src/main/java/com/shatteredpixel/shatteredpixeldungeon/items/Generator.java	general
f804ec36a81d71be2ce02f33aa1a01b57f9506db	v2.1.0..v2.1.4	v2.1.4: fixed a couple rare crash bugs	core/src/main/java/com/shatteredpixel/shatteredpixeldungeon/effects/Surprise.java;core/src/main/java/com/shatteredpixel/shatteredpixeldungeon/items/stones/StoneOfDisarming.java	general
05845901d0050237ef886f39f9581fbcfb04852b	v2.1.0..v2.1.4	v2.1.4: adjusted new gold visuals to only appear in mining level for now	core/src/main/java/com/shatteredpixel/shatteredpixeldungeon/tiles/DungeonTileSheet.java	general
82263e30c0088c0c23d82a53ce024c3afe9622e7	v2.1.0..v2.1.4	v2.1.4: fixed pitfall traps working on thee mining level	core/src/main/java/com/shatteredpixel/shatteredpixeldungeon/levels/traps/PitfallTrap.java	general
9067a486cdf7926947a6da5906feec1328a1daac	v2.1.0..v2.1.4	v2.1.4: fixed Counter Ability talent incorrectly applying 0 charge at +2	core/src/main/java/com/shatteredpixel/shatteredpixeldungeon/items/weapon/melee/AssassinsBlade.java;core/src/main/java/com/shatteredpixel/shatteredpixeldungeon/items/weapon/melee/BattleAxe.java;core/src/main/java/com/shatteredpixel/shatteredpixeldungeon/items/weapon/melee/Dagger.java;core/src/main/java/com/shatteredpixel/shatteredpixeldungeon/items/weapon/melee/Dirk.java;core/src/main/java/com/shatteredpixel/shatteredpixeldungeon/items/weapon/melee/Flail.java;core/src/main/java/com/shatteredpixel/shatteredpixeldungeon/items/weapon/melee/Greatsword.java;core/src/main/java/com/shatteredpixel/shatteredpixeldungeon/items/weapon/melee/HandAxe.java;core/src/main/java/com/shatteredpixel/shatteredpixeldungeon/items/weapon/melee/Longsword.java;core/src/main/java/com/shatteredpixel/shatteredpixeldungeon/items/weapon/melee/Mace.java;core/src/main/java/com/shatteredpixel/shatteredpixeldungeon/items/weapon/melee/MeleeWeapon.java;core/src/main/java/com/shatteredpixel/shatteredpixeldungeon/items/weapon/melee/Quarterstaff.java;core/src/main/java/com/shatteredpixel/shatteredpixeldungeon/items/weapon/melee/Scimitar.java;core/src/main/java/com/shatteredpixel/shatteredpixeldungeon/items/weapon/melee/Shortsword.java;core/src/main/java/com/shatteredpixel/shatteredpixeldungeon/items/weapon/melee/Sickle.java;core/src/main/java/com/shatteredpixel/shatteredpixeldungeon/items/weapon/melee/Sword.java;core/src/main/java/com/shatteredpixel/shatteredpixeldungeon/items/weapon/melee/WarHammer.java;core/src/main/java/com/shatteredpixel/shatteredpixeldungeon/items/weapon/melee/WarScythe.java;core/src/main/java/com/shatteredpixel/shatteredpixeldungeon/items/weapon/melee/WornShortsword.java	general
534d161bb08234568658d8bfdc907bba8a2e1a1a	v2.1.0..v2.1.4	v2.1.4: added a null safety check in InventoryPaneSlot	core/src/main/java/com/shatteredpixel/shatteredpixeldungeon/ui/InventoryPane.java	general
d019128db2d0c083e0f6a4009d855c910a2cf5d1	v2.1.0..v2.1.4	v2.1.4: softened up regen limit vs. badder bosses Tengu a bit	core/src/main/java/com/shatteredpixel/shatteredpixeldungeon/actors/mobs/Tengu.java	general
8257991f2b8dfaa5acda115c5149730bdf77c769	v2.1.0..v2.1.4	v2.1.4: improved aiming logic for elemental blast	core/src/main/java/com/shatteredpixel/shatteredpixeldungeon/actors/hero/abilities/mage/ElementalBlast.java	general
b0c29ec8090b18fe0b7a399a64e6722f0110a38e	v2.1.0..v2.1.4	v2.1.4: fixed warrior shield not respecting regen-disabling effects	core/src/main/java/com/shatteredpixel/shatteredpixeldungeon/items/BrokenSeal.java	general
56682a28ec8b0026a5fd39b6bc246517aec39aca	v2.1.0..v2.1.4	v2.1.4: added a couple custom visuals to the blacksmith quest area	core/src/main/assets/environment/custom_tiles/caves_quest.png;core/src/main/assets/environment/custom_tiles/prison_quest.png;core/src/main/assets/environment/custom_tiles/prison_quests.png;core/src/main/java/com/shatteredpixel/shatteredpixeldungeon/Assets.java;core/src/main/java/com/shatteredpixel/shatteredpixeldungeon/levels/MiningLevel.java;core/src/main/java/com/shatteredpixel/shatteredpixeldungeon/levels/rooms/standard/BlacksmithRoom.java;core/src/main/java/com/shatteredpixel/shatteredpixeldungeon/tiles/CustomTilemap.java	assets
9bf8c4b078b1e28f67471408c58d7aead3b14b55	v2.1.0..v2.1.4	v2.1.4: fixed noisemakers alerting if they are moved as they trigger	core/src/main/java/com/shatteredpixel/shatteredpixeldungeon/items/bombs/Noisemaker.java	general
feb9d8df24ad7165fdc412ddbc0c89d3df8af5e8	v2.1.0..v2.1.4	v2.1.3: fixed an incorrect condition in Armor desc and re-upped version	build.gradle;core/src/main/java/com/shatteredpixel/shatteredpixeldungeon/items/armor/Armor.java	build
4a38ecde566fb5985676be484b3db7243fdd643e	v2.1.0..v2.1.4	v2.1.3: updated changelog and version for v2.1.3 release	build.gradle;core/src/main/java/com/shatteredpixel/shatteredpixeldungeon/ui/changelist/v2_X_Changes.java	docs
4d5c9ece6e144a5e1cc8add20b6410033b96e062	v2.1.0..v2.1.4	v2.1.3: updated translations	core/src/main/assets/messages/actors/actors_cs.properties;core/src/main/assets/messages/actors/actors_de.properties;core/src/main/assets/messages/actors/actors_el.properties;core/src/main/assets/messages/actors/actors_es.properties;core/src/main/assets/messages/actors/actors_fr.properties;core/src/main/assets/messages/actors/actors_hu.properties;core/src/main/assets/messages/actors/actors_in.properties;core/src/main/assets/messages/actors/actors_it.properties;core/src/main/assets/messages/actors/actors_ja.properties;core/src/main/assets/messages/actors/actors_nl.properties;core/src/main/assets/messages/actors/actors_pl.properties;core/src/main/assets/messages/actors/actors_pt.properties;core/src/main/assets/messages/actors/actors_ru.properties;core/src/main/assets/messages/actors/actors_tr.properties;core/src/main/assets/messages/actors/actors_uk.properties;core/src/main/assets/messages/actors/actors_vi.properties;core/src/main/assets/messages/actors/actors_zh.properties;core/src/main/assets/messages/items/items_cs.properties;core/src/main/assets/messages/items/items_de.properties;core/src/main/assets/messages/items/items_el.properties;core/src/main/assets/messages/items/items_es.properties;core/src/main/assets/messages/items/items_fr.properties;core/src/main/assets/messages/items/items_hu.properties;core/src/main/assets/messages/items/items_in.properties;core/src/main/assets/messages/items/items_it.properties;core/src/main/assets/messages/items/items_ja.properties;core/src/main/assets/messages/items/items_nl.properties;core/src/main/assets/messages/items/items_pl.properties;core/src/main/assets/messages/items/items_pt.properties;core/src/main/assets/messages/items/items_ru.properties;core/src/main/assets/messages/items/items_tr.properties;core/src/main/assets/messages/items/items_uk.properties;core/src/main/assets/messages/items/items_vi.properties;core/src/main/assets/messages/items/items_zh.properties;core/src/main/assets/messages/journal/journal_es.properties;core/src/main/assets/messages/journal/journal_fr.properties;core/src/main/assets/messages/journal/journal_hu.properties;core/src/main/assets/messages/journal/journal_in.properties;core/src/main/assets/messages/journal/journal_ja.properties;core/src/main/assets/messages/journal/journal_nl.properties;core/src/main/assets/messages/journal/journal_pl.properties;core/src/main/assets/messages/journal/journal_uk.properties;core/src/main/assets/messages/journal/journal_zh.properties;core/src/main/assets/messages/levels/levels_fr.properties;core/src/main/assets/messages/levels/levels_pt.properties;core/src/main/assets/messages/misc/misc_fr.properties;core/src/main/assets/messages/plants/plants_el.properties;core/src/main/assets/messages/plants/plants_ja.properties;core/src/main/assets/messages/scenes/scenes_cs.properties;core/src/main/assets/messages/scenes/scenes_de.properties;core/src/main/assets/messages/scenes/scenes_el.properties;core/src/main/assets/messages/scenes/scenes_es.properties;core/src/main/assets/messages/scenes/scenes_fr.properties;core/src/main/assets/messages/scenes/scenes_hu.properties;core/src/main/assets/messages/scenes/scenes_it.properties;core/src/main/assets/messages/scenes/scenes_ja.properties;core/src/main/assets/messages/scenes/scenes_pl.properties;core/src/main/assets/messages/scenes/scenes_pt.properties;core/src/main/assets/messages/scenes/scenes_ru.properties;core/src/main/assets/messages/scenes/scenes_tr.properties;core/src/main/assets/messages/scenes/scenes_uk.properties;core/src/main/assets/messages/scenes/scenes_vi.properties;core/src/main/assets/messages/scenes/scenes_zh.properties;core/src/main/assets/messages/windows/windows_cs.properties;core/src/main/assets/messages/windows/windows_de.properties;core/src/main/assets/messages/windows/windows_el.properties;core/src/main/assets/messages/windows/windows_es.properties;core/src/main/assets/messages/windows/windows_fr.properties;core/src/main/assets/messages/windows/windows_hu.properties;core/src/main/assets/messages/windows/windows_in.properties;core/src/main/assets/messages/windows/windows_it.properties;core/src/main/assets/messages/windows/windows_ja.properties;core/src/main/assets/messages/windows/windows_ko.properties;core/src/main/assets/messages/windows/windows_nl.properties;core/src/main/assets/messages/windows/windows_pl.properties;core/src/main/assets/messages/windows/windows_pt.properties;core/src/main/assets/messages/windows/windows_ru.properties;core/src/main/assets/messages/windows/windows_tr.properties;core/src/main/assets/messages/windows/windows_uk.properties;core/src/main/assets/messages/windows/windows_vi.properties;core/src/main/assets/messages/windows/windows_zh.properties;core/src/main/java/com/shatteredpixel/shatteredpixeldungeon/items/armor/Armor.java;core/src/main/java/com/shatteredpixel/shatteredpixeldungeon/messages/Languages.java	slice2-candidate
327b19986fe4b9d5bf5e24fb207bf71ffcfdb1c6	v2.1.0..v2.1.4	v2.1.3: added support for handling removed talents	core/src/main/java/com/shatteredpixel/shatteredpixeldungeon/actors/hero/Talent.java	general
0e833d1695b0d3956678a0b0ea5fe580c39b89ec	v2.1.0..v2.1.4	v2.1.3: fixed armored brutes having more DR than intended since v2.0	core/src/main/java/com/shatteredpixel/shatteredpixeldungeon/actors/mobs/ArmoredBrute.java	general
ba14831a7e1c4967f9ae27041a80295eb36c0eb8	v2.1.0..v2.1.4	v2.1.3: further improved visuals and text for mining level	core/src/main/java/com/shatteredpixel/shatteredpixeldungeon/levels/MiningLevel.java	hotspot
01c7b481f60c5e8c3071bfdce89fa6236514b4c5	v2.1.0..v2.1.4	v2.1.3: added support for wall decoration overhang visuals	core/src/main/assets/environment/tiles_caves.png;core/src/main/assets/environment/tiles_city.png;core/src/main/assets/environment/tiles_halls.png;core/src/main/assets/environment/tiles_prison.png;core/src/main/assets/environment/tiles_sewers.png;core/src/main/java/com/shatteredpixel/shatteredpixeldungeon/tiles/DungeonTileSheet.java;core/src/main/java/com/shatteredpixel/shatteredpixeldungeon/tiles/RaisedTerrainTilemap.java	assets
c6a8fbea8a0275addbe6beefbec058044477359a	v2.1.0..v2.1.4	v2.1.3: improved visuals/themeing for mining level	core/src/main/java/com/shatteredpixel/shatteredpixeldungeon/levels/MiningLevel.java;core/src/main/java/com/shatteredpixel/shatteredpixeldungeon/scenes/GameScene.java	hotspot
f39a859353a57e62316b6775ac33f0e5b341e27c	v2.1.0..v2.1.4	v2.1.3: improved code for regeneration pause effects	core/src/main/java/com/shatteredpixel/shatteredpixeldungeon/actors/buffs/Berserk.java;core/src/main/java/com/shatteredpixel/shatteredpixeldungeon/actors/buffs/Hunger.java;core/src/main/java/com/shatteredpixel/shatteredpixeldungeon/actors/buffs/MonkEnergy.java;core/src/main/java/com/shatteredpixel/shatteredpixeldungeon/actors/buffs/PrismaticGuard.java;core/src/main/java/com/shatteredpixel/shatteredpixeldungeon/actors/buffs/Regeneration.java;core/src/main/java/com/shatteredpixel/shatteredpixeldungeon/items/armor/ClassArmor.java;core/src/main/java/com/shatteredpixel/shatteredpixeldungeon/items/artifacts/CloakOfShadows.java;core/src/main/java/com/shatteredpixel/shatteredpixeldungeon/items/artifacts/DriedRose.java;core/src/main/java/com/shatteredpixel/shatteredpixeldungeon/items/artifacts/EtherealChains.java;core/src/main/java/com/shatteredpixel/shatteredpixeldungeon/items/artifacts/LloydsBeacon.java;core/src/main/java/com/shatteredpixel/shatteredpixeldungeon/items/artifacts/TalismanOfForesight.java;core/src/main/java/com/shatteredpixel/shatteredpixeldungeon/items/artifacts/TimekeepersHourglass.java;core/src/main/java/com/shatteredpixel/shatteredpixeldungeon/items/artifacts/UnstableSpellbook.java;core/src/main/java/com/shatteredpixel/shatteredpixeldungeon/items/wands/Wand.java;core/src/main/java/com/shatteredpixel/shatteredpixeldungeon/items/weapon/melee/MeleeWeapon.java;core/src/main/java/com/shatteredpixel/shatteredpixeldungeon/levels/Level.java	hotspot
10dc3bba75ac87e726c25f306cae59a971f4e452	v2.1.0..v2.1.4	v2.1.3: fixed action and minor pathfinding errors with mine action	core/src/main/java/com/shatteredpixel/shatteredpixeldungeon/actors/hero/Hero.java	hotspot
161a67b8e185b4fb2a38cf35fc71289cb7bf1ae3	v2.1.0..v2.1.4	v2.1.3: added basic mining and sub-floor functionality!	core/src/main/assets/sounds/mine.mp3;core/src/main/java/com/shatteredpixel/shatteredpixeldungeon/actors/hero/Hero.java;core/src/main/java/com/shatteredpixel/shatteredpixeldungeon/actors/hero/HeroAction.java;core/src/main/java/com/shatteredpixel/shatteredpixeldungeon/Assets.java;core/src/main/java/com/shatteredpixel/shatteredpixeldungeon/Dungeon.java;core/src/main/java/com/shatteredpixel/shatteredpixeldungeon/levels/MiningLevel.java;core/src/main/java/com/shatteredpixel/shatteredpixeldungeon/levels/rooms/standard/BlacksmithRoom.java;core/src/main/java/com/shatteredpixel/shatteredpixeldungeon/scenes/GameScene.java;core/src/main/java/com/shatteredpixel/shatteredpixeldungeon/tiles/WallBlockingTilemap.java	assets
1e82b73c0c98e1ae1cdcbab730cc96861875c81b	v2.1.0..v2.1.4	v2.1.3: adjusted patch rooms to be a bit more flexible	core/src/main/java/com/shatteredpixel/shatteredpixeldungeon/levels/rooms/standard/CaveRoom.java;core/src/main/java/com/shatteredpixel/shatteredpixeldungeon/levels/rooms/standard/ChasmRoom.java;core/src/main/java/com/shatteredpixel/shatteredpixeldungeon/levels/rooms/standard/PatchRoom.java;core/src/main/java/com/shatteredpixel/shatteredpixeldungeon/levels/rooms/standard/RuinsRoom.java	general
de6878cef0d23cb63b863370e8d9c089fdff3914	v2.1.0..v2.1.4	v2.1.3: getTransition now gives entrances if it cannot find specifics	core/src/main/java/com/shatteredpixel/shatteredpixeldungeon/levels/Level.java	hotspot
fcc136e2eb896612e48fcada384092857c734e8c	v2.1.0..v2.1.4	v2.1.3: adjusted error logging in a few places	SPD-classes/src/main/java/com/watabou/noosa/RenderedText.java;SPD-classes/src/main/java/com/watabou/utils/Bundle.java	hotspot
beee1fadac29df64f85fb0aaa4ffbd56302a41e5	v2.1.0..v2.1.4	v2.1.3: added a sync check for very rare level loading hangs	core/src/main/java/com/shatteredpixel/shatteredpixeldungeon/scenes/InterlevelScene.java	general
1ec5434c119eecd10a11277a0dfb7ab211561d94	v2.1.0..v2.1.4	v2.1.3: cleaned up logic for checking the degradation debuff slightly	core/src/main/java/com/shatteredpixel/shatteredpixeldungeon/items/armor/Armor.java;core/src/main/java/com/shatteredpixel/shatteredpixeldungeon/items/Item.java;core/src/main/java/com/shatteredpixel/shatteredpixeldungeon/items/weapon/Weapon.java	general
ac475ffe0357624e22bf424880b6adda9376e071	v2.1.0..v2.1.4	v2.1.3: added some sync and safety checks to action indicator	core/src/main/java/com/shatteredpixel/shatteredpixeldungeon/scenes/HeroSelectScene.java;core/src/main/java/com/shatteredpixel/shatteredpixeldungeon/ui/ActionIndicator.java;core/src/main/java/com/shatteredpixel/shatteredpixeldungeon/windows/WndGameInProgress.java	general
d0e62d9200d319d4a2aa5fe11cf672a2d516b9c1	v2.1.0..v2.1.4	v2.1.3: fixed magical fire burning internal items after water is spread	core/src/main/java/com/shatteredpixel/shatteredpixeldungeon/levels/rooms/special/MagicalFireRoom.java	general
02210b0a8cbee9099064f9c1fce2607588a17d1b	v2.1.0..v2.1.4	v2.1.3: added a slider for screen shake in the game settings (0x to 2x)	core/src/main/java/com/shatteredpixel/shatteredpixeldungeon/actors/buffs/Combo.java;core/src/main/java/com/shatteredpixel/shatteredpixeldungeon/actors/buffs/MonkEnergy.java;core/src/main/java/com/shatteredpixel/shatteredpixeldungeon/actors/buffs/Preparation.java;core/src/main/java/com/shatteredpixel/shatteredpixeldungeon/actors/hero/abilities/duelist/Challenge.java;core/src/main/java/com/shatteredpixel/shatteredpixeldungeon/actors/hero/abilities/duelist/Feint.java;core/src/main/java/com/shatteredpixel/shatteredpixeldungeon/actors/hero/abilities/rogue/SmokeBomb.java;core/src/main/java/com/shatteredpixel/shatteredpixeldungeon/actors/hero/abilities/warrior/HeroicLeap.java;core/src/main/java/com/shatteredpixel/shatteredpixeldungeon/actors/hero/abilities/warrior/Shockwave.java;core/src/main/java/com/shatteredpixel/shatteredpixeldungeon/actors/hero/Hero.java;core/src/main/java/com/shatteredpixel/shatteredpixeldungeon/actors/mobs/DM100.java;core/src/main/java/com/shatteredpixel/shatteredpixeldungeon/actors/mobs/DM300.java;core/src/main/java/com/shatteredpixel/shatteredpixeldungeon/actors/mobs/Goo.java;core/src/main/java/com/shatteredpixel/shatteredpixeldungeon/items/armor/glyphs/Entanglement.java;core/src/main/java/com/shatteredpixel/shatteredpixeldungeon/items/artifacts/EtherealChains.java;core/src/main/java/com/shatteredpixel/shatteredpixeldungeon/items/wands/WandOfLightning.java;core/src/main/java/com/shatteredpixel/shatteredpixeldungeon/items/weapon/melee/Rapier.java;core/src/main/java/com/shatteredpixel/shatteredpixeldungeon/levels/CavesBossLevel.java;core/src/main/java/com/shatteredpixel/shatteredpixeldungeon/levels/features/Chasm.java;core/src/main/java/com/shatteredpixel/shatteredpixeldungeon/levels/traps/RockfallTrap.java;core/src/main/java/com/shatteredpixel/shatteredpixeldungeon/plants/Earthroot.java;core/src/main/java/com/shatteredpixel/shatteredpixeldungeon/scenes/PixelScene.java;core/src/main/java/com/shatteredpixel/shatteredpixeldungeon/SPDSettings.java;core/src/main/java/com/shatteredpixel/shatteredpixeldungeon/sprites/DM300Sprite.java;core/src/main/java/com/shatteredpixel/shatteredpixeldungeon/sprites/FistSprite.java;core/src/main/java/com/shatteredpixel/shatteredpixeldungeon/windows/WndSettings.java	hotspot
0d0231f7b5464a95b270079022dd9b3853222186	v2.1.0..v2.1.4	v2.1.3: divine inspiration can now be cancelled if already IDed	core/src/main/java/com/shatteredpixel/shatteredpixeldungeon/items/potions/exotic/PotionOfDivineInspiration.java	general
8d116774834ef001bc113c04fdd52e0c828b23a8	v2.1.0..v2.1.4	v2.1.3: remains now work with dungeon branch	core/src/main/java/com/shatteredpixel/shatteredpixeldungeon/Bones.java;core/src/main/java/com/shatteredpixel/shatteredpixeldungeon/levels/DeadEndLevel.java	hotspot
cd79b3bcdc7333a8420967f77f7fe6a5c0a1278a	v2.1.0..v2.1.4	v2.1.3: made remains logic more permissive	core/src/main/java/com/shatteredpixel/shatteredpixeldungeon/Bones.java	general
cebe05d0890924f88a9cc086d5a6bf1ba74293a4	v2.1.0..v2.1.4	v2.1.3: fixed weaker healing effects overriding stronger ones	core/src/main/java/com/shatteredpixel/shatteredpixeldungeon/actors/buffs/Healing.java	general
7062eab3f38654c948b1326ede31a942c4b5ff65	v2.1.0..v2.1.4	v2.1.3: fixed ratmog boosting health again during ascent challenge	core/src/main/java/com/shatteredpixel/shatteredpixeldungeon/actors/hero/abilities/Ratmogrify.java	general
18dc7dd45037dea59d2193507e499b7ce8f9b6cb	v2.1.0..v2.1.4	v2.1.2: updated changelog and version for release	build.gradle;core/src/main/java/com/shatteredpixel/shatteredpixeldungeon/ui/changelist/v2_X_Changes.java	docs
5a70a482aec5414845f23ac62e850b9f76396276	v2.1.0..v2.1.4	v2.1.2: improved the logic and VFX for sandals active ability	core/src/main/java/com/shatteredpixel/shatteredpixeldungeon/items/artifacts/SandalsOfNature.java	general
8d3226ba5a873054273d18e7b2cd4efbf364b6f7	v2.1.0..v2.1.4	v2.1.2: fixed retreating errors for large chars caused by 2.1.1	core/src/main/java/com/shatteredpixel/shatteredpixeldungeon/Dungeon.java	hotspot
a5f740ab73fb691e603b6081dbca24ed7b20aedf	v2.1.0..v2.1.4	v2.1.2: fixed rapier lunge updating visibility after attack not before	core/src/main/java/com/shatteredpixel/shatteredpixeldungeon/items/weapon/melee/Rapier.java	general
2f96c867ba0ef7320827fbf918f0260094f81304	v2.1.0..v2.1.4	v2.1.2: removed some leftovers that got into items.png	core/src/main/assets/sprites/items.png	assets
ae6c04d002973a3674926528ca4f35ad7c9e2c59	v2.1.0..v2.1.4	v2.1.2: added a check for new armor text as translations aren't done yet	core/src/main/java/com/shatteredpixel/shatteredpixeldungeon/items/armor/Armor.java	general
8af7cc63e4af52cfde5c9bf2c7c118d8a7dad1ab	v2.1.0..v2.1.4	v2.1.2: fixed an error with feint caused by v2.1.1	core/src/main/java/com/shatteredpixel/shatteredpixeldungeon/actors/hero/abilities/duelist/Feint.java	general
aede0d6a484cb527e826952c32e36b91077f06df	v2.1.0..v2.1.4	v2.1.2: actually properly implemented controller init safety check	SPD-classes/src/main/java/com/watabou/input/ControllerHandler.java	general
a60a585b183c72178d53df743c81bf5c3dcefc8b	v2.1.0..v2.1.4	v2.1.2: teleportation effects now cleanse the rooted debuff	core/src/main/java/com/shatteredpixel/shatteredpixeldungeon/items/scrolls/ScrollOfTeleportation.java	general
42081ae14444c6b5e972658afd74a91280f4c8c1	v2.1.0..v2.1.4	v2.1.2: becoming assassin while invis now correctly applies prep	core/src/main/java/com/shatteredpixel/shatteredpixeldungeon/items/TengusMask.java	general
041da48aa7d45ba8e4ea28ef325ce53634cbde4c	v2.1.0..v2.1.4	v2.1.2: updated texts in advanced of v2.1.2 release for translators	core/src/main/assets/messages/scenes/scenes.properties;core/src/main/assets/messages/windows/windows.properties	localization
3d93c615bf9a80ba37702c28c5066de6afadb576	v2.1.0..v2.1.4	v2.1.2: Armors now include tier in their desc	core/src/main/assets/messages/items/items.properties;core/src/main/java/com/shatteredpixel/shatteredpixeldungeon/items/armor/Armor.java	general
2073e2e54a88ede8430994f4b5ea01dd0e5f405d	v2.1.0..v2.1.4	v2.1.2: updated translation credits	core/src/main/java/com/shatteredpixel/shatteredpixeldungeon/messages/Languages.java	general
ef7434be95cf2548e6634eb22bfba2729c561cff	v2.1.0..v2.1.4	v2.1.1: updated changelog and version for v2.1.1 release	build.gradle;core/src/main/java/com/shatteredpixel/shatteredpixeldungeon/ui/changelist/v2_X_Changes.java	docs
ab57f83eeb715a382b7d2bc041e33d3671276165	v2.1.0..v2.1.4	v2.1.1: fixed Ratmogrify not calling clearTime after previous change	core/src/main/java/com/shatteredpixel/shatteredpixeldungeon/actors/hero/abilities/Ratmogrify.java	general
d20665c2e2c8500344a5301fb5d3f0b13aa8d375	v2.1.0..v2.1.4	v2.1.1: updated translations	core/src/main/assets/messages/actors/actors_de.properties;core/src/main/assets/messages/actors/actors_el.properties;core/src/main/assets/messages/actors/actors_hu.properties;core/src/main/assets/messages/actors/actors_in.properties;core/src/main/assets/messages/actors/actors_it.properties;core/src/main/assets/messages/actors/actors_ja.properties;core/src/main/assets/messages/actors/actors_pl.properties;core/src/main/assets/messages/actors/actors_pt.properties;core/src/main/assets/messages/actors/actors_ru.properties;core/src/main/assets/messages/actors/actors_tr.properties;core/src/main/assets/messages/actors/actors_uk.properties;core/src/main/assets/messages/actors/actors_vi.properties;core/src/main/assets/messages/actors/actors_zh.properties;core/src/main/assets/messages/items/items_de.properties;core/src/main/assets/messages/items/items_el.properties;core/src/main/assets/messages/items/items_hu.properties;core/src/main/assets/messages/items/items_in.properties;core/src/main/assets/messages/items/items_it.properties;core/src/main/assets/messages/items/items_ja.properties;core/src/main/assets/messages/items/items_pl.properties;core/src/main/assets/messages/items/items_ru.properties;core/src/main/assets/messages/items/items_tr.properties;core/src/main/assets/messages/items/items_uk.properties;core/src/main/assets/messages/items/items_vi.properties;core/src/main/assets/messages/journal/journal_de.properties;core/src/main/assets/messages/journal/journal_hu.properties;core/src/main/assets/messages/journal/journal_in.properties;core/src/main/assets/messages/journal/journal_ja.properties;core/src/main/assets/messages/journal/journal_pl.properties;core/src/main/assets/messages/journal/journal_tr.properties;core/src/main/assets/messages/journal/journal_uk.properties;core/src/main/assets/messages/journal/journal_vi.properties;core/src/main/assets/messages/levels/levels_de.properties;core/src/main/assets/messages/levels/levels_hu.properties;core/src/main/assets/messages/levels/levels_in.properties;core/src/main/assets/messages/levels/levels_pt.properties;core/src/main/assets/messages/misc/misc_in.properties;core/src/main/assets/messages/misc/misc_ja.properties;core/src/main/assets/messages/misc/misc_pl.properties;core/src/main/assets/messages/plants/plants_pl.properties;core/src/main/assets/messages/scenes/scenes_de.properties;core/src/main/assets/messages/scenes/scenes_hu.properties;core/src/main/assets/messages/scenes/scenes_ja.properties;core/src/main/assets/messages/scenes/scenes_pt.properties;core/src/main/assets/messages/ui/ui_de.properties;core/src/main/assets/messages/ui/ui_hu.properties;core/src/main/assets/messages/ui/ui_in.properties;core/src/main/assets/messages/ui/ui_ja.properties;core/src/main/assets/messages/ui/ui_pl.properties;core/src/main/assets/messages/windows/windows_de.properties;core/src/main/assets/messages/windows/windows_hu.properties;core/src/main/assets/messages/windows/windows_in.properties;core/src/main/assets/messages/windows/windows_ja.properties;core/src/main/assets/messages/windows/windows_pl.properties;core/src/main/assets/messages/windows/windows_pt.properties;core/src/main/assets/messages/windows/windows_uk.properties;core/src/main/java/com/shatteredpixel/shatteredpixeldungeon/messages/Languages.java	slice2-candidate
a6221113cb84926dfbc1b9188983a9c133d67e10	v2.1.0..v2.1.4	v2.1.1: fixed grim immunity not applying	core/src/main/java/com/shatteredpixel/shatteredpixeldungeon/items/weapon/enchantments/Grim.java	general
d69a6e4d2076960a6d72e32f08b97e650a0f5869	v2.1.0..v2.1.4	v2.1.1: clarified the description of magical sight vision range	core/src/main/assets/messages/actors/actors.properties;core/src/main/assets/messages/items/items.properties	localization
00c45dc7fa3906e48f07de2239b05c18c3b04c4f	v2.1.0..v2.1.4	v2.1.1: consistency pass on auto move effects, hazards, and levitation	core/src/main/assets/messages/actors/actors.properties;core/src/main/java/com/shatteredpixel/shatteredpixeldungeon/actors/buffs/Combo.java;core/src/main/java/com/shatteredpixel/shatteredpixeldungeon/actors/buffs/Preparation.java;core/src/main/java/com/shatteredpixel/shatteredpixeldungeon/actors/hero/abilities/duelist/Challenge.java;core/src/main/java/com/shatteredpixel/shatteredpixeldungeon/actors/hero/abilities/duelist/Feint.java	general
70f5b796e016770c76b5a62bbb3c36c2307db801	v2.1.0..v2.1.4	v2.1.1: big consistency pass on rooted. Now prevents dash, blink, & leap	core/src/main/assets/messages/actors/actors.properties;core/src/main/java/com/shatteredpixel/shatteredpixeldungeon/actors/buffs/Combo.java;core/src/main/java/com/shatteredpixel/shatteredpixeldungeon/actors/buffs/MonkEnergy.java;core/src/main/java/com/shatteredpixel/shatteredpixeldungeon/actors/buffs/Preparation.java;core/src/main/java/com/shatteredpixel/shatteredpixeldungeon/actors/hero/abilities/duelist/Challenge.java;core/src/main/java/com/shatteredpixel/shatteredpixeldungeon/actors/hero/abilities/duelist/Feint.java;core/src/main/java/com/shatteredpixel/shatteredpixeldungeon/actors/hero/abilities/rogue/SmokeBomb.java;core/src/main/java/com/shatteredpixel/shatteredpixeldungeon/actors/hero/abilities/warrior/HeroicLeap.java;core/src/main/java/com/shatteredpixel/shatteredpixeldungeon/actors/mobs/Succubus.java;core/src/main/java/com/shatteredpixel/shatteredpixeldungeon/items/artifacts/EtherealChains.java;core/src/main/java/com/shatteredpixel/shatteredpixeldungeon/items/weapon/melee/Rapier.java	general
2ff3e26bbc5884a4bb686696967bbd9ced4f0701	v2.1.0..v2.1.4	v2.1.1: improved how barkskin handles being applied by multiple sources	core/src/main/assets/messages/actors/actors.properties;core/src/main/java/com/shatteredpixel/shatteredpixeldungeon/actors/buffs/Barkskin.java;core/src/main/java/com/shatteredpixel/shatteredpixeldungeon/actors/Char.java;core/src/main/java/com/shatteredpixel/shatteredpixeldungeon/actors/hero/Hero.java;core/src/main/java/com/shatteredpixel/shatteredpixeldungeon/items/food/FrozenCarpaccio.java;core/src/main/java/com/shatteredpixel/shatteredpixeldungeon/items/food/PhantomMeat.java;core/src/main/java/com/shatteredpixel/shatteredpixeldungeon/items/potions/exotic/PotionOfEarthenArmor.java;core/src/main/java/com/shatteredpixel/shatteredpixeldungeon/plants/Earthroot.java;core/src/main/java/com/shatteredpixel/shatteredpixeldungeon/plants/Plant.java	hotspot
b4ba9c9b91a7716ada30891964144fa4507e5406	v2.1.0..v2.1.4	v2.1.1: added a few safety checks to the mage's staff	core/src/main/java/com/shatteredpixel/shatteredpixeldungeon/items/weapon/melee/MagesStaff.java	general
a49215ccc7f116b1adb4a02863c4bbeb06a9177f	v2.1.0..v2.1.4	v2.1.1: enemies now go for targets they can reach over ones they can't	core/src/main/java/com/shatteredpixel/shatteredpixeldungeon/actors/mobs/Mob.java;core/src/main/java/com/shatteredpixel/shatteredpixeldungeon/Dungeon.java	hotspot
ca0d8bbda79dd65ac469777493ac52b218dc3010	v2.1.0..v2.1.4	v2.1.1: added checks for knockback and teleporting on-hit enemies	core/src/main/java/com/shatteredpixel/shatteredpixeldungeon/actors/buffs/Combo.java;core/src/main/java/com/shatteredpixel/shatteredpixeldungeon/actors/buffs/MonkEnergy.java;core/src/main/java/com/shatteredpixel/shatteredpixeldungeon/actors/hero/abilities/duelist/ElementalStrike.java;core/src/main/java/com/shatteredpixel/shatteredpixeldungeon/items/weapon/melee/Spear.java	general
72642717816df5b3ee40512c1e4ab6e185e9c14c	v2.1.0..v2.1.4	v2.1.1: fixed specific cases where player could exploit fixTime	core/src/main/java/com/shatteredpixel/shatteredpixeldungeon/levels/Level.java;core/src/main/java/com/shatteredpixel/shatteredpixeldungeon/scenes/InterlevelScene.java	hotspot
575357fb324f77bbbc4ab02b57fd698ec69c51c4	v2.1.0..v2.1.4	v2.1.1: added lots of new code to support actually using depth branches	core/src/main/java/com/shatteredpixel/shatteredpixeldungeon/actors/hero/Hero.java;core/src/main/java/com/shatteredpixel/shatteredpixeldungeon/Dungeon.java;core/src/main/java/com/shatteredpixel/shatteredpixeldungeon/levels/DeadEndLevel.java;core/src/main/java/com/shatteredpixel/shatteredpixeldungeon/levels/features/LevelTransition.java;core/src/main/java/com/shatteredpixel/shatteredpixeldungeon/levels/Level.java;core/src/main/java/com/shatteredpixel/shatteredpixeldungeon/scenes/InterlevelScene.java	hotspot
e8d25a61e8454adcd2d5e610805a24f70c14b274	v2.1.0..v2.1.4	v2.1.1: fixed visual bugs with arcane bomb stacking	core/src/main/java/com/shatteredpixel/shatteredpixeldungeon/actors/blobs/GooWarn.java	general
aa8c81237ea1dfefebe48751850d8b8691da81f0	v2.1.0..v2.1.4	v2.1.1: fixed ally AI errors when told to attack during a reposition	core/src/main/java/com/shatteredpixel/shatteredpixeldungeon/actors/mobs/npcs/DirectableAlly.java	general
e9ccd7929bb43bdf22d15e00c0d9a422abfe5fb3	v2.1.0..v2.1.4	v2.1.1: added some safety checks for controllers failing to initialize	SPD-classes/src/main/java/com/watabou/input/ControllerHandler.java	general
744fa70ee1586964e244ef70875821d0dbeee6e1	v2.1.0..v2.1.4	v2.1.1: fixed errors with charm from friendly elemental strike	core/src/main/java/com/shatteredpixel/shatteredpixeldungeon/actors/hero/abilities/duelist/ElementalStrike.java	general
88a80fb289a60840c4adf9b1da2135e01d9c820f	v2.1.0..v2.1.4	v2.1.1: fixed cases where buffs didn't clear fx they give immunity to	core/src/main/java/com/shatteredpixel/shatteredpixeldungeon/actors/buffs/AnkhInvulnerability.java;core/src/main/java/com/shatteredpixel/shatteredpixeldungeon/actors/buffs/FireImbue.java;core/src/main/java/com/shatteredpixel/shatteredpixeldungeon/actors/buffs/FrostImbue.java;core/src/main/java/com/shatteredpixel/shatteredpixeldungeon/actors/buffs/ToxicImbue.java	general
242e426b9def92c3af3877b27006e546523fa17a	v2.1.0..v2.1.4	v2.1.1: fixed shield battery being usable with an empty wand	core/src/main/java/com/shatteredpixel/shatteredpixeldungeon/items/wands/Wand.java	general
52f33c44134a8b097742280ce3070f2f7d1399f2	v2.1.0..v2.1.4	v2.1.1: fixed challenge having a range of 4 tiles, not 5	core/src/main/java/com/shatteredpixel/shatteredpixeldungeon/actors/hero/abilities/duelist/Challenge.java	general
4e6a8ce0ab85258124989b77878b8f3f1609b221	v2.1.0..v2.1.4	v2.1.1: optimized imports for the whole codebase	android/src/main/java/com/shatteredpixel/shatteredpixeldungeon/android/AndroidLauncher.java;core/src/main/java/com/shatteredpixel/shatteredpixeldungeon/actors/blobs/Alchemy.java;core/src/main/java/com/shatteredpixel/shatteredpixeldungeon/actors/buffs/Adrenaline.java;core/src/main/java/com/shatteredpixel/shatteredpixeldungeon/actors/buffs/AllyBuff.java;core/src/main/java/com/shatteredpixel/shatteredpixeldungeon/actors/buffs/Amok.java;core/src/main/java/com/shatteredpixel/shatteredpixeldungeon/actors/buffs/AnkhInvulnerability.java;core/src/main/java/com/shatteredpixel/shatteredpixeldungeon/actors/buffs/AscensionChallenge.java;core/src/main/java/com/shatteredpixel/shatteredpixeldungeon/actors/buffs/Berserk.java;core/src/main/java/com/shatteredpixel/shatteredpixeldungeon/actors/buffs/Bleeding.java;core/src/main/java/com/shatteredpixel/shatteredpixeldungeon/actors/buffs/Bless.java;core/src/main/java/com/shatteredpixel/shatteredpixeldungeon/actors/buffs/Blindness.java;core/src/main/java/com/shatteredpixel/shatteredpixeldungeon/actors/buffs/BlobImmunity.java;core/src/main/java/com/shatteredpixel/shatteredpixeldungeon/actors/buffs/Burning.java;core/src/main/java/com/shatteredpixel/shatteredpixeldungeon/actors/buffs/Charm.java;core/src/main/java/com/shatteredpixel/shatteredpixeldungeon/actors/buffs/Combo.java;core/src/main/java/com/shatteredpixel/shatteredpixeldungeon/actors/buffs/Corruption.java;core/src/main/java/com/shatteredpixel/shatteredpixeldungeon/actors/buffs/Cripple.java;core/src/main/java/com/shatteredpixel/shatteredpixeldungeon/actors/buffs/Degrade.java;core/src/main/java/com/shatteredpixel/shatteredpixeldungeon/actors/buffs/Doom.java;core/src/main/java/com/shatteredpixel/shatteredpixeldungeon/actors/buffs/Dread.java;core/src/main/java/com/shatteredpixel/shatteredpixeldungeon/actors/buffs/Foresight.java;core/src/main/java/com/shatteredpixel/shatteredpixeldungeon/actors/buffs/FrostImbue.java;core/src/main/java/com/shatteredpixel/shatteredpixeldungeon/actors/buffs/Fury.java;core/src/main/java/com/shatteredpixel/shatteredpixeldungeon/actors/buffs/Haste.java;core/src/main/java/com/shatteredpixel/shatteredpixeldungeon/actors/buffs/Hex.java;core/src/main/java/com/shatteredpixel/shatteredpixeldungeon/actors/buffs/Hunger.java;core/src/main/java/com/shatteredpixel/shatteredpixeldungeon/actors/buffs/Invisibility.java;core/src/main/java/com/shatteredpixel/shatteredpixeldungeon/actors/buffs/Levitation.java;core/src/main/java/com/shatteredpixel/shatteredpixeldungeon/actors/buffs/LifeLink.java;core/src/main/java/com/shatteredpixel/shatteredpixeldungeon/actors/buffs/Light.java;core/src/main/java/com/shatteredpixel/shatteredpixeldungeon/actors/buffs/LockedFloor.java;core/src/main/java/com/shatteredpixel/shatteredpixeldungeon/actors/buffs/LostInventory.java;core/src/main/java/com/shatteredpixel/shatteredpixeldungeon/actors/buffs/MagicalSight.java;core/src/main/java/com/shatteredpixel/shatteredpixeldungeon/actors/buffs/MagicImmune.java;core/src/main/java/com/shatteredpixel/shatteredpixeldungeon/actors/buffs/MindVision.java;core/src/main/java/com/shatteredpixel/shatteredpixeldungeon/actors/buffs/Momentum.java;core/src/main/java/com/shatteredpixel/shatteredpixeldungeon/actors/buffs/MonkEnergy.java;core/src/main/java/com/shatteredpixel/shatteredpixeldungeon/actors/buffs/Preparation.java;core/src/main/java/com/shatteredpixel/shatteredpixeldungeon/actors/buffs/Recharging.java;core/src/main/java/com/shatteredpixel/shatteredpixeldungeon/actors/buffs/Roots.java;core/src/main/java/com/shatteredpixel/shatteredpixeldungeon/actors/buffs/Slow.java;core/src/main/java/com/shatteredpixel/shatteredpixeldungeon/actors/buffs/SnipersMark.java;core/src/main/java/com/shatteredpixel/shatteredpixeldungeon/actors/buffs/SoulMark.java;core/src/main/java/com/shatteredpixel/shatteredpixeldungeon/actors/buffs/Stamina.java;core/src/main/java/com/shatteredpixel/shatteredpixeldungeon/actors/buffs/Terror.java;core/src/main/java/com/shatteredpixel/shatteredpixeldungeon/actors/buffs/Vertigo.java;core/src/main/java/com/shatteredpixel/shatteredpixeldungeon/actors/buffs/Vulnerable.java;core/src/main/java/com/shatteredpixel/shatteredpixeldungeon/actors/buffs/Weakness.java;core/src/main/java/com/shatteredpixel/shatteredpixeldungeon/actors/hero/abilities/duelist/ElementalStrike.java;core/src/main/java/com/shatteredpixel/shatteredpixeldungeon/actors/hero/abilities/huntress/NaturesPower.java;core/src/main/java/com/shatteredpixel/shatteredpixeldungeon/actors/hero/abilities/huntress/SpiritHawk.java;core/src/main/java/com/shatteredpixel/shatteredpixeldungeon/actors/hero/abilities/mage/ElementalBlast.java;core/src/main/java/com/shatteredpixel/shatteredpixeldungeon/actors/hero/abilities/Ratmogrify.java;core/src/main/java/com/shatteredpixel/shatteredpixeldungeon/actors/hero/abilities/rogue/ShadowClone.java;core/src/main/java/com/shatteredpixel/shatteredpixeldungeon/actors/hero/abilities/warrior/HeroicLeap.java;core/src/main/java/com/shatteredpixel/shatteredpixeldungeon/actors/hero/Belongings.java;core/src/main/java/com/shatteredpixel/shatteredpixeldungeon/actors/hero/HeroClass.java;core/src/main/java/com/shatteredpixel/shatteredpixeldungeon/actors/hero/Talent.java;core/src/main/java/com/shatteredpixel/shatteredpixeldungeon/actors/mobs/Brute.java;core/src/main/java/com/shatteredpixel/shatteredpixeldungeon/actors/mobs/CrystalMimic.java;core/src/main/java/com/shatteredpixel/shatteredpixeldungeon/actors/mobs/DM200.java;core/src/main/java/com/shatteredpixel/shatteredpixeldungeon/actors/mobs/DM300.java;core/src/main/java/com/shatteredpixel/shatteredpixeldungeon/actors/mobs/DwarfKing.java;core/src/main/java/com/shatteredpixel/shatteredpixeldungeon/actors/mobs/Mob.java;core/src/main/java/com/shatteredpixel/shatteredpixeldungeon/actors/mobs/npcs/Ghost.java;core/src/main/java/com/shatteredpixel/shatteredpixeldungeon/actors/mobs/npcs/MirrorImage.java;core/src/main/java/com/shatteredpixel/shatteredpixeldungeon/actors/mobs/npcs/PrismaticImage.java;core/src/main/java/com/shatteredpixel/shatteredpixeldungeon/actors/mobs/Pylon.java;core/src/main/java/com/shatteredpixel/shatteredpixeldungeon/actors/mobs/Slime.java;core/src/main/java/com/shatteredpixel/shatteredpixeldungeon/actors/mobs/Swarm.java;core/src/main/java/com/shatteredpixel/shatteredpixeldungeon/Dungeon.java;core/src/main/java/com/shatteredpixel/shatteredpixeldungeon/GamesInProgress.java;core/src/main/java/com/shatteredpixel/shatteredpixeldungeon/items/ArcaneResin.java;core/src/main/java/com/shatteredpixel/shatteredpixeldungeon/items/armor/Armor.java;core/src/main/java/com/shatteredpixel/shatteredpixeldungeon/items/armor/ClassArmor.java;core/src/main/java/com/shatteredpixel/shatteredpixeldungeon/items/armor/curses/AntiEntropy.java;core/src/main/java/com/shatteredpixel/shatteredpixeldungeon/items/armor/curses/Displacement.java;core/src/main/java/com/shatteredpixel/shatteredpixeldungeon/items/armor/glyphs/AntiMagic.java;core/src/main/java/com/shatteredpixel/shatteredpixeldungeon/items/armor/glyphs/Camouflage.java;core/src/main/java/com/shatteredpixel/shatteredpixeldungeon/items/armor/glyphs/Stone.java;core/src/main/java/com/shatteredpixel/shatteredpixeldungeon/items/armor/glyphs/Viscosity.java;core/src/main/java/com/shatteredpixel/shatteredpixeldungeon/items/artifacts/AlchemistsToolkit.java;core/src/main/java/com/shatteredpixel/shatteredpixeldungeon/items/artifacts/CloakOfShadows.java;core/src/main/java/com/shatteredpixel/shatteredpixeldungeon/items/artifacts/EtherealChains.java;core/src/main/java/com/shatteredpixel/shatteredpixeldungeon/items/artifacts/MasterThievesArmband.java;core/src/main/java/com/shatteredpixel/shatteredpixeldungeon/items/artifacts/SandalsOfNature.java;core/src/main/java/com/shatteredpixel/shatteredpixeldungeon/items/artifacts/UnstableSpellbook.java;core/src/main/java/com/shatteredpixel/shatteredpixeldungeon/items/bombs/WoollyBomb.java;core/src/main/java/com/shatteredpixel/shatteredpixeldungeon/items/food/Blandfruit.java;core/src/main/java/com/shatteredpixel/shatteredpixeldungeon/items/Generator.java;core/src/main/java/com/shatteredpixel/shatteredpixeldungeon/items/Gold.java;core/src/main/java/com/shatteredpixel/shatteredpixeldungeon/items/Heap.java;core/src/main/java/com/shatteredpixel/shatteredpixeldungeon/items/Item.java;core/src/main/java/com/shatteredpixel/shatteredpixeldungeon/items/LiquidMetal.java;core/src/main/java/com/shatteredpixel/shatteredpixeldungeon/items/potions/exotic/ExoticPotion.java;core/src/main/java/com/shatteredpixel/shatteredpixeldungeon/items/potions/exotic/PotionOfCleansing.java;core/src/main/java/com/shatteredpixel/shatteredpixeldungeon/items/potions/exotic/PotionOfSnapFreeze.java;core/src/main/java/com/shatteredpixel/shatteredpixeldungeon/items/potions/Potion.java;core/src/main/java/com/shatteredpixel/shatteredpixeldungeon/items/rings/Ring.java;core/src/main/java/com/shatteredpixel/shatteredpixeldungeon/items/scrolls/exotic/ScrollOfChallenge.java;core/src/main/java/com/shatteredpixel/shatteredpixeldungeon/items/scrolls/exotic/ScrollOfEnchantment.java;core/src/main/java/com/shatteredpixel/shatteredpixeldungeon/items/scrolls/exotic/ScrollOfForesight.java;core/src/main/java/com/shatteredpixel/shatteredpixeldungeon/items/scrolls/exotic/ScrollOfMetamorphosis.java;core/src/main/java/com/shatteredpixel/shatteredpixeldungeon/items/scrolls/exotic/ScrollOfSirensSong.java;core/src/main/java/com/shatteredpixel/shatteredpixeldungeon/items/scrolls/Scroll.java;core/src/main/java/com/shatteredpixel/shatteredpixeldungeon/items/scrolls/ScrollOfIdentify.java;core/src/main/java/com/shatteredpixel/shatteredpixeldungeon/items/scrolls/ScrollOfMirrorImage.java;core/src/main/java/com/shatteredpixel/shatteredpixeldungeon/items/scrolls/ScrollOfTransmutation.java;core/src/main/java/com/shatteredpixel/shatteredpixeldungeon/items/spells/Alchemize.java;core/src/main/java/com/shatteredpixel/shatteredpixeldungeon/items/spells/MagicalInfusion.java;core/src/main/java/com/shatteredpixel/shatteredpixeldungeon/items/spells/ReclaimTrap.java;core/src/main/java/com/shatteredpixel/shatteredpixeldungeon/items/spells/Recycle.java;core/src/main/java/com/shatteredpixel/shatteredpixeldungeon/items/spells/SummonElemental.java;core/src/main/java/com/shatteredpixel/shatteredpixeldungeon/items/stones/StoneOfAggression.java;core/src/main/java/com/shatteredpixel/shatteredpixeldungeon/items/stones/StoneOfDeepSleep.java;core/src/main/java/com/shatteredpixel/shatteredpixeldungeon/items/stones/StoneOfDisarming.java;core/src/main/java/com/shatteredpixel/shatteredpixeldungeon/items/stones/StoneOfFlock.java;core/src/main/java/com/shatteredpixel/shatteredpixeldungeon/items/Stylus.java;core/src/main/java/com/shatteredpixel/shatteredpixeldungeon/items/wands/WandOfBlastWave.java;core/src/main/java/com/shatteredpixel/shatteredpixeldungeon/items/wands/WandOfLivingEarth.java;core/src/main/java/com/shatteredpixel/shatteredpixeldungeon/items/wands/WandOfRegrowth.java;core/src/main/java/com/shatteredpixel/shatteredpixeldungeon/items/wands/WandOfWarding.java;core/src/main/java/com/shatteredpixel/shatteredpixeldungeon/items/weapon/curses/Dazzling.java;core/src/main/java/com/shatteredpixel/shatteredpixeldungeon/items/weapon/curses/Displacing.java;core/src/main/java/com/shatteredpixel/shatteredpixeldungeon/items/weapon/curses/Explosive.java;core/src/main/java/com/shatteredpixel/shatteredpixeldungeon/items/weapon/curses/Wayward.java;core/src/main/java/com/shatteredpixel/shatteredpixeldungeon/items/weapon/enchantments/Blocking.java;core/src/main/java/com/shatteredpixel/shatteredpixeldungeon/items/weapon/enchantments/Corrupting.java;core/src/main/java/com/shatteredpixel/shatteredpixeldungeon/items/weapon/melee/HandAxe.java;core/src/main/java/com/shatteredpixel/shatteredpixeldungeon/items/weapon/melee/Mace.java;core/src/main/java/com/shatteredpixel/shatteredpixeldungeon/items/weapon/melee/MagesStaff.java;core/src/main/java/com/shatteredpixel/shatteredpixeldungeon/items/weapon/missiles/darts/AdrenalineDart.java;core/src/main/java/com/shatteredpixel/shatteredpixeldungeon/items/weapon/missiles/darts/DisplacingDart.java;core/src/main/java/com/shatteredpixel/shatteredpixeldungeon/items/weapon/missiles/darts/HealingDart.java;core/src/main/java/com/shatteredpixel/shatteredpixeldungeon/items/weapon/missiles/darts/IncendiaryDart.java;core/src/main/java/com/shatteredpixel/shatteredpixeldungeon/items/weapon/missiles/darts/TippedDart.java;core/src/main/java/com/shatteredpixel/shatteredpixeldungeon/items/weapon/missiles/HeavyBoomerang.java;core/src/main/java/com/shatteredpixel/shatteredpixeldungeon/items/weapon/missiles/MissileWeapon.java;core/src/main/java/com/shatteredpixel/shatteredpixeldungeon/items/weapon/Weapon.java;core/src/main/java/com/shatteredpixel/shatteredpixeldungeon/levels/CavesBossLevel.java;core/src/main/java/com/shatteredpixel/shatteredpixeldungeon/levels/features/HighGrass.java;core/src/main/java/com/shatteredpixel/shatteredpixeldungeon/levels/LastShopLevel.java;core/src/main/java/com/shatteredpixel/shatteredpixeldungeon/levels/RegularLevel.java;core/src/main/java/com/shatteredpixel/shatteredpixeldungeon/levels/rooms/connection/ConnectionRoom.java;core/src/main/java/com/shatteredpixel/shatteredpixeldungeon/levels/rooms/special/CrystalChoiceRoom.java;core/src/main/java/com/shatteredpixel/shatteredpixeldungeon/levels/rooms/special/CrystalPathRoom.java;core/src/main/java/com/shatteredpixel/shatteredpixeldungeon/levels/rooms/special/LaboratoryRoom.java;core/src/main/java/com/shatteredpixel/shatteredpixeldungeon/levels/rooms/special/MagicalFireRoom.java;core/src/main/java/com/shatteredpixel/shatteredpixeldungeon/levels/rooms/special/PitRoom.java;core/src/main/java/com/shatteredpixel/shatteredpixeldungeon/levels/rooms/standard/PlatformRoom.java;core/src/main/java/com/shatteredpixel/shatteredpixeldungeon/levels/rooms/standard/RitualSiteRoom.java;core/src/main/java/com/shatteredpixel/shatteredpixeldungeon/levels/SewerLevel.java;core/src/main/java/com/shatteredpixel/shatteredpixeldungeon/levels/traps/FlashingTrap.java;core/src/main/java/com/shatteredpixel/shatteredpixeldungeon/levels/traps/FlockTrap.java;core/src/main/java/com/shatteredpixel/shatteredpixeldungeon/levels/traps/GrippingTrap.java;core/src/main/java/com/shatteredpixel/shatteredpixeldungeon/levels/traps/TeleportationTrap.java;core/src/main/java/com/shatteredpixel/shatteredpixeldungeon/levels/traps/Trap.java;core/src/main/java/com/shatteredpixel/shatteredpixeldungeon/levels/traps/WarpingTrap.java;core/src/main/java/com/shatteredpixel/shatteredpixeldungeon/messages/Messages.java;core/src/main/java/com/shatteredpixel/shatteredpixeldungeon/plants/Icecap.java;core/src/main/java/com/shatteredpixel/shatteredpixeldungeon/scenes/AboutScene.java;core/src/main/java/com/shatteredpixel/shatteredpixeldungeon/scenes/AlchemyScene.java;core/src/main/java/com/shatteredpixel/shatteredpixeldungeon/scenes/AmuletScene.java;core/src/main/java/com/shatteredpixel/shatteredpixeldungeon/scenes/HeroSelectScene.java;core/src/main/java/com/shatteredpixel/shatteredpixeldungeon/scenes/InterlevelScene.java;core/src/main/java/com/shatteredpixel/shatteredpixeldungeon/scenes/NewsScene.java;core/src/main/java/com/shatteredpixel/shatteredpixeldungeon/scenes/RankingsScene.java;core/src/main/java/com/shatteredpixel/shatteredpixeldungeon/scenes/StartScene.java;core/src/main/java/com/shatteredpixel/shatteredpixeldungeon/scenes/SupporterScene.java;core/src/main/java/com/shatteredpixel/shatteredpixeldungeon/scenes/SurfaceScene.java;core/src/main/java/com/shatteredpixel/shatteredpixeldungeon/scenes/WelcomeScene.java;core/src/main/java/com/shatteredpixel/shatteredpixeldungeon/ShatteredPixelDungeon.java;core/src/main/java/com/shatteredpixel/shatteredpixeldungeon/SPDSettings.java;core/src/main/java/com/shatteredpixel/shatteredpixeldungeon/sprites/GhoulSprite.java;core/src/main/java/com/shatteredpixel/shatteredpixeldungeon/ui/BuffIndicator.java;core/src/main/java/com/shatteredpixel/shatteredpixeldungeon/ui/Button.java;core/src/main/java/com/shatteredpixel/shatteredpixeldungeon/ui/changelist/ChangeButton.java;core/src/main/java/com/shatteredpixel/shatteredpixeldungeon/ui/changelist/v0_8_X_Changes.java;core/src/main/java/com/shatteredpixel/shatteredpixeldungeon/ui/changelist/v1_X_Changes.java;core/src/main/java/com/shatteredpixel/shatteredpixeldungeon/ui/changelist/v2_X_Changes.java;core/src/main/java/com/shatteredpixel/shatteredpixeldungeon/ui/CharHealthIndicator.java;core/src/main/java/com/shatteredpixel/shatteredpixeldungeon/ui/InventoryPane.java;core/src/main/java/com/shatteredpixel/shatteredpixeldungeon/ui/InventorySlot.java;core/src/main/java/com/shatteredpixel/shatteredpixeldungeon/ui/ItemSlot.java;core/src/main/java/com/shatteredpixel/shatteredpixeldungeon/ui/LootIndicator.java;core/src/main/java/com/shatteredpixel/shatteredpixeldungeon/ui/MenuPane.java;core/src/main/java/com/shatteredpixel/shatteredpixeldungeon/ui/RightClickMenu.java;core/src/main/java/com/shatteredpixel/shatteredpixeldungeon/ui/StatusPane.java;core/src/main/java/com/shatteredpixel/shatteredpixeldungeon/ui/TalentsPane.java;core/src/main/java/com/shatteredpixel/shatteredpixeldungeon/windows/WndBag.java;core/src/main/java/com/shatteredpixel/shatteredpixeldungeon/windows/WndChooseAbility.java;core/src/main/java/com/shatteredpixel/shatteredpixeldungeon/windows/WndDocument.java;core/src/main/java/com/shatteredpixel/shatteredpixeldungeon/windows/WndEnergizeItem.java;core/src/main/java/com/shatteredpixel/shatteredpixeldungeon/windows/WndGameInProgress.java;core/src/main/java/com/shatteredpixel/shatteredpixeldungeon/windows/WndInfoArmorAbility.java;core/src/main/java/com/shatteredpixel/shatteredpixeldungeon/windows/WndInfoBuff.java;core/src/main/java/com/shatteredpixel/shatteredpixeldungeon/windows/WndInfoSubclass.java;core/src/main/java/com/shatteredpixel/shatteredpixeldungeon/windows/WndJournal.java;core/src/main/java/com/shatteredpixel/shatteredpixeldungeon/windows/WndQuickBag.java;core/src/main/java/com/shatteredpixel/shatteredpixeldungeon/windows/WndRanking.java;core/src/main/java/com/shatteredpixel/shatteredpixeldungeon/windows/WndResurrect.java;core/src/main/java/com/shatteredpixel/shatteredpixeldungeon/windows/WndSadGhost.java;core/src/main/java/com/shatteredpixel/shatteredpixeldungeon/windows/WndStory.java;core/src/main/java/com/shatteredpixel/shatteredpixeldungeon/windows/WndSupportPrompt.java;core/src/main/java/com/shatteredpixel/shatteredpixeldungeon/windows/WndTabbed.java;core/src/main/java/com/shatteredpixel/shatteredpixeldungeon/windows/WndTextInput.java;core/src/main/java/com/shatteredpixel/shatteredpixeldungeon/windows/WndWandmaker.java;desktop/src/main/java/com/shatteredpixel/shatteredpixeldungeon/desktop/DesktopLauncher.java;desktop/src/main/java/com/shatteredpixel/shatteredpixeldungeon/desktop/DesktopPlatformSupport.java;desktop/src/main/java/com/shatteredpixel/shatteredpixeldungeon/desktop/DesktopWindowListener.java;ios/src/main/java/com/shatteredpixel/shatteredpixeldungeon/ios/IOSPlatformSupport.java;services/updates/debugUpdates/src/main/java/com/shatteredpixel/shatteredpixeldungeon/services/updates/DebugUpdates.java;services/updates/githubUpdates/src/main/java/com/shatteredpixel/shatteredpixeldungeon/services/updates/GitHubUpdates.java;SPD-classes/src/main/java/com/watabou/input/ControllerHandler.java;SPD-classes/src/main/java/com/watabou/input/PointerEvent.java;SPD-classes/src/main/java/com/watabou/noosa/audio/Music.java;SPD-classes/src/main/java/com/watabou/noosa/Halo.java;SPD-classes/src/main/java/com/watabou/noosa/TextInput.java;SPD-classes/src/main/java/com/watabou/noosa/ui/Cursor.java;SPD-classes/src/main/java/com/watabou/utils/DeviceCompat.java	slice2-candidate
bac2af9df8e95a1d26896fb4abb3da3d950209e9	v2.1.0..v2.1.4	v2.1.1: fixed bugs with cursor capture	SPD-classes/src/main/java/com/watabou/input/ControllerHandler.java;SPD-classes/src/main/java/com/watabou/input/InputHandler.java;SPD-classes/src/main/java/com/watabou/input/PointerEvent.java;SPD-classes/src/main/java/com/watabou/noosa/ui/Cursor.java	general
604dead31181b8c3740085dc6a7dafca9451277d	v2.1.0..v2.1.4	v2.1.1: fixed crash errors with inventory radial menu and targeting	core/src/main/java/com/shatteredpixel/shatteredpixeldungeon/ui/InventoryPane.java;core/src/main/java/com/shatteredpixel/shatteredpixeldungeon/ui/Toolbar.java;core/src/main/java/com/shatteredpixel/shatteredpixeldungeon/windows/WndUseItem.java	general
c9bed0e0cbc59731ae2e51b16a53115fa9270bb6	v2.1.0..v2.1.4	v2.1.1: fixed errors with ratmogrify expiring during ascension	core/src/main/java/com/shatteredpixel/shatteredpixeldungeon/actors/buffs/AscensionChallenge.java;core/src/main/java/com/shatteredpixel/shatteredpixeldungeon/actors/hero/abilities/Ratmogrify.java	general
e0ca11e307c10b705377dd755deb4f31a0a30842	v2.1.0..v2.1.4	v2.1.1: fixed various changelog typos	core/src/main/java/com/shatteredpixel/shatteredpixeldungeon/ui/changelist/v2_X_Changes.java	docs
b0495ef583f36606a5737b0bf827a25c5dcde7ec	v2.1.0..v2.1.4	v2.1.1: fixed mimics being set hostile after on-hit effects, not before	core/src/main/java/com/shatteredpixel/shatteredpixeldungeon/actors/mobs/Mimic.java	general
